[2026-03-27 19:09:44] local.ERROR: The "-s" option does not exist. {"exception":"[object] (Symfony\\Component\\Console\\Exception\\RuntimeException(code: 0): The \"-s\" option does not exist. at C:\\Users\\Affil\\OneDrive\\Documents\\GitHub\\Pranav-Back-End\\Back-End\\vendor\\symfony\\console\\Input\\ArgvInput.php:122)
[stacktrace]
#0 C:\\Users\\Affil\\OneDrive\\Documents\\GitHub\\Pranav-Back-End\\Back-End\\vendor\\symfony\\console\\Input\\ArgvInput.php(104): Symfony\\Component\\Console\\Input\\ArgvInput->parseShortOptionSet('seed')
#1 C:\\Users\\Affil\\OneDrive\\Documents\\GitHub\\Pranav-Back-End\\Back-End\\vendor\\symfony\\console\\Input\\ArgvInput.php(84): Symfony\\Component\\Console\\Input\\ArgvInput->parseShortOption('-seed')
#2 C:\\Users\\Affil\\OneDrive\\Documents\\GitHub\\Pranav-Back-End\\Back-End\\vendor\\symfony\\console\\Input\\ArgvInput.php(71): Symfony\\Component\\Console\\Input\\ArgvInput->parseToken('-seed', true)
#3 C:\\Users\\Affil\\OneDrive\\Documents\\GitHub\\Pranav-Back-End\\Back-End\\vendor\\symfony\\console\\Input\\Input.php(55): Symfony\\Component\\Console\\Input\\ArgvInput->parse()
#4 C:\\Users\\Affil\\OneDrive\\Documents\\GitHub\\Pranav-Back-End\\Back-End\\vendor\\symfony\\console\\Command\\Command.php(257): Symfony\\Component\\Console\\Input\\Input->bind(Object(Symfony\\Component\\Console\\Input\\InputDefinition))
#5 C:\\Users\\Affil\\OneDrive\\Documents\\GitHub\\Pranav-Back-End\\Back-End\\vendor\\laravel\\framework\\src\\Illuminate\\Console\\Command.php(121): Symfony\\Component\\Console\\Command\\Command->run(Object(Symfony\\Component\\Console\\Input\\ArgvInput), Object(Illuminate\\Console\\OutputStyle))
#6 C:\\Users\\Affil\\OneDrive\\Documents\\GitHub\\Pranav-Back-End\\Back-End\\vendor\\symfony\\console\\Application.php(1040): Illuminate\\Console\\Command->run(Object(Symfony\\Component\\Console\\Input\\ArgvInput), Object(Symfony\\Component\\Console\\Output\\ConsoleOutput))
#7 C:\\Users\\Affil\\OneDrive\\Documents\\GitHub\\Pranav-Back-End\\Back-End\\vendor\\symfony\\console\\Application.php(301): Symfony\\Component\\Console\\Application->doRunCommand(Object(Illuminate\\Database\\Console\\Migrations\\FreshCommand), Object(Symfony\\Component\\Console\\Input\\ArgvInput), Object(Symfony\\Component\\Console\\Output\\ConsoleOutput))
#8 C:\\Users\\Affil\\OneDrive\\Documents\\GitHub\\Pranav-Back-End\\Back-End\\vendor\\symfony\\console\\Application.php(171): Symfony\\Component\\Console\\Application->doRun(Object(Symfony\\Component\\Console\\Input\\ArgvInput), Object(Symfony\\Component\\Console\\Output\\ConsoleOutput))
#9 C:\\Users\\Affil\\OneDrive\\Documents\\GitHub\\Pranav-Back-End\\Back-End\\vendor\\laravel\\framework\\src\\Illuminate\\Console\\Application.php(94): Symfony\\Component\\Console\\Application->run(Object(Symfony\\Component\\Console\\Input\\ArgvInput), Object(Symfony\\Component\\Console\\Output\\ConsoleOutput))
#10 C:\\Users\\Affil\\OneDrive\\Documents\\GitHub\\Pranav-Back-End\\Back-End\\vendor\\laravel\\framework\\src\\Illuminate\\Foundation\\Console\\Kernel.php(129): Illuminate\\Console\\Application->run(Object(Symfony\\Component\\Console\\Input\\ArgvInput), Object(Symfony\\Component\\Console\\Output\\ConsoleOutput))
#11 C:\\Users\\Affil\\OneDrive\\Documents\\GitHub\\Pranav-Back-End\\Back-End\\artisan(37): Illuminate\\Foundation\\Console\\Kernel->handle(Object(Symfony\\Component\\Console\\Input\\ArgvInput), Object(Symfony\\Component\\Console\\Output\\ConsoleOutput))
#12 {main}
"} 
[2026-03-27 19:09:59] local.ERROR: No arguments expected for "migrate:fresh" command, got "seed". {"exception":"[object] (Symfony\\Component\\Console\\Exception\\RuntimeException(code: 0): No arguments expected for \"migrate:fresh\" command, got \"seed\". at C:\\Users\\Affil\\OneDrive\\Documents\\GitHub\\Pranav-Back-End\\Back-End\\vendor\\symfony\\console\\Input\\ArgvInput.php:193)
[stacktrace]
#0 C:\\Users\\Affil\\OneDrive\\Documents\\GitHub\\Pranav-Back-End\\Back-End\\vendor\\symfony\\console\\Input\\ArgvInput.php(86): Symfony\\Component\\Console\\Input\\ArgvInput->parseArgument('seed')
#1 C:\\Users\\Affil\\OneDrive\\Documents\\GitHub\\Pranav-Back-End\\Back-End\\vendor\\symfony\\console\\Input\\ArgvInput.php(71): Symfony\\Component\\Console\\Input\\ArgvInput->parseToken('seed', true)
#2 C:\\Users\\Affil\\OneDrive\\Documents\\GitHub\\Pranav-Back-End\\Back-End\\vendor\\symfony\\console\\Input\\Input.php(55): Symfony\\Component\\Console\\Input\\ArgvInput->parse()
#3 C:\\Users\\Affil\\OneDrive\\Documents\\GitHub\\Pranav-Back-End\\Back-End\\vendor\\symfony\\console\\Command\\Command.php(257): Symfony\\Component\\Console\\Input\\Input->bind(Object(Symfony\\Component\\Console\\Input\\InputDefinition))
#4 C:\\Users\\Affil\\OneDrive\\Documents\\GitHub\\Pranav-Back-End\\Back-End\\vendor\\laravel\\framework\\src\\Illuminate\\Console\\Command.php(121): Symfony\\Component\\Console\\Command\\Command->run(Object(Symfony\\Component\\Console\\Input\\ArgvInput), Object(Illuminate\\Console\\OutputStyle))
#5 C:\\Users\\Affil\\OneDrive\\Documents\\GitHub\\Pranav-Back-End\\Back-End\\vendor\\symfony\\console\\Application.php(1040): Illuminate\\Console\\Command->run(Object(Symfony\\Component\\Console\\Input\\ArgvInput), Object(Symfony\\Component\\Console\\Output\\ConsoleOutput))
#6 C:\\Users\\Affil\\OneDrive\\Documents\\GitHub\\Pranav-Back-End\\Back-End\\vendor\\symfony\\console\\Application.php(301): Symfony\\Component\\Console\\Application->doRunCommand(Object(Illuminate\\Database\\Console\\Migrations\\FreshCommand), Object(Symfony\\Component\\Console\\Input\\ArgvInput), Object(Symfony\\Component\\Console\\Output\\ConsoleOutput))
#7 C:\\Users\\Affil\\OneDrive\\Documents\\GitHub\\Pranav-Back-End\\Back-End\\vendor\\symfony\\console\\Application.php(171): Symfony\\Component\\Console\\Application->doRun(Object(Symfony\\Component\\Console\\Input\\ArgvInput), Object(Symfony\\Component\\Console\\Output\\ConsoleOutput))
#8 C:\\Users\\Affil\\OneDrive\\Documents\\GitHub\\Pranav-Back-End\\Back-End\\vendor\\laravel\\framework\\src\\Illuminate\\Console\\Application.php(94): Symfony\\Component\\Console\\Application->run(Object(Symfony\\Component\\Console\\Input\\ArgvInput), Object(Symfony\\Component\\Console\\Output\\ConsoleOutput))
#9 C:\\Users\\Affil\\OneDrive\\Documents\\GitHub\\Pranav-Back-End\\Back-End\\vendor\\laravel\\framework\\src\\Illuminate\\Foundation\\Console\\Kernel.php(129): Illuminate\\Console\\Application->run(Object(Symfony\\Component\\Console\\Input\\ArgvInput), Object(Symfony\\Component\\Console\\Output\\ConsoleOutput))
#10 C:\\Users\\Affil\\OneDrive\\Documents\\GitHub\\Pranav-Back-End\\Back-End\\artisan(37): Illuminate\\Foundation\\Console\\Kernel->handle(Object(Symfony\\Component\\Console\\Input\\ArgvInput), Object(Symfony\\Component\\Console\\Output\\ConsoleOutput))
#11 {main}
"} 
[2026-03-27 19:11:13] local.ERROR: Cannot declare class MovieTitle, because the name is already in use {"exception":"[object] (Symfony\\Component\\ErrorHandler\\Error\\FatalError(code: 0): Cannot declare class MovieTitle, because the name is already in use at C:\\Users\\Affil\\OneDrive\\Documents\\GitHub\\Pranav-Back-End\\Back-End\\database\\migrations\\2026_03_27_184400_horror_table.php:7)
[stacktrace]
#0 C:\\Users\\Affil\\OneDrive\\Documents\\GitHub\\Pranav-Back-End\\Back-End\\vendor\\laravel\\framework\\src\\Illuminate\\Foundation\\Bootstrap\\HandleExceptions.php(228): Symfony\\Component\\ErrorHandler\\Error\\FatalError->__construct(''Cannot declare...', '0', '['type' => 64, ...', '0', '???', '???')
#1 C:\\Users\\Affil\\OneDrive\\Documents\\GitHub\\Pranav-Back-End\\Back-End\\vendor\\laravel\\framework\\src\\Illuminate\\Foundation\\Bootstrap\\HandleExceptions.php(215): Illuminate\\Foundation\\Bootstrap\\HandleExceptions->fatalErrorFromPhpError('['type' => 64, ...', '0')
#2 C:\\Users\\Affil\\OneDrive\\Documents\\GitHub\\Pranav-Back-End\\Back-End\\vendor\\laravel\\framework\\src\\Illuminate\\Foundation\\Bootstrap\\HandleExceptions.php(0): Illuminate\\Foundation\\Bootstrap\\HandleExceptions->handleShutdown()
#3 C:\\Users\\Affil\\OneDrive\\Documents\\GitHub\\Pranav-Back-End\\Back-End\\vendor\\laravel\\framework\\src\\Illuminate\\Filesystem\\Filesystem.php(107): Illuminate\\Filesystem\\Filesystem->()
#4 C:\\Users\\Affil\\OneDrive\\Documents\\GitHub\\Pranav-Back-End\\Back-End\\vendor\\laravel\\framework\\src\\Illuminate\\Filesystem\\Filesystem.php(108): Illuminate\\Filesystem\\Filesystem::Illuminate\\Filesystem\\{closure:C:\\Users\\Affil\\OneDrive\\Documents\\GitHub\\Pranav-Back-End\\Back-End\\vendor\\laravel\\framework\\src\\Illuminate\\Filesystem\\Filesystem.php:104-108}()
#5 C:\\Users\\Affil\\OneDrive\\Documents\\GitHub\\Pranav-Back-End\\Back-End\\vendor\\laravel\\framework\\src\\Illuminate\\Database\\Migrations\\Migrator.php(505): Illuminate\\Filesystem\\Filesystem->getRequire(''C:\\\\\\\\Users\\\\\\\\Aff...', '???')
#6 C:\\Users\\Affil\\OneDrive\\Documents\\GitHub\\Pranav-Back-End\\Back-End\\vendor\\laravel\\framework\\src\\Illuminate\\Database\\Migrations\\Migrator.php(190): Illuminate\\Database\\Migrations\\Migrator->resolvePath(''C:\\\\\\\\Users\\\\\\\\Aff...')
#7 C:\\Users\\Affil\\OneDrive\\Documents\\GitHub\\Pranav-Back-End\\Back-End\\vendor\\laravel\\framework\\src\\Illuminate\\Database\\Migrations\\Migrator.php(167): Illuminate\\Database\\Migrations\\Migrator->runUp(''C:\\\\\\\\Users\\\\\\\\Aff...', '1', 'FALSE')
#8 C:\\Users\\Affil\\OneDrive\\Documents\\GitHub\\Pranav-Back-End\\Back-End\\vendor\\laravel\\framework\\src\\Illuminate\\Database\\Migrations\\Migrator.php(112): Illuminate\\Database\\Migrations\\Migrator->runPending('[0 => 'C:\\\\\\\\User...', '['pretend' => F...')
#9 C:\\Users\\Affil\\OneDrive\\Documents\\GitHub\\Pranav-Back-End\\Back-End\\vendor\\laravel\\framework\\src\\Illuminate\\Database\\Console\\Migrations\\MigrateCommand.php(86): Illuminate\\Database\\Migrations\\Migrator->run('[0 => 'C:\\\\\\\\User...', '['pretend' => F...')
#10 C:\\Users\\Affil\\OneDrive\\Documents\\GitHub\\Pranav-Back-End\\Back-End\\vendor\\laravel\\framework\\src\\Illuminate\\Database\\Migrations\\Migrator.php(606): Illuminate\\Database\\Console\\Migrations\\MigrateCommand->Illuminate\\Database\\Console\\Migrations\\{closure:C:\\Users\\Affil\\OneDrive\\Documents\\GitHub\\Pranav-Back-End\\Back-End\\vendor\\laravel\\framework\\src\\Illuminate\\Database\\Console\\Migrations\\MigrateCommand.php:77-98}()
#11 C:\\Users\\Affil\\OneDrive\\Documents\\GitHub\\Pranav-Back-End\\Back-End\\vendor\\laravel\\framework\\src\\Illuminate\\Database\\Console\\Migrations\\MigrateCommand.php(98): Illuminate\\Database\\Migrations\\Migrator->usingConnection('NULL', 'class Closure {...')
#12 C:\\Users\\Affil\\OneDrive\\Documents\\GitHub\\Pranav-Back-End\\Back-End\\vendor\\laravel\\framework\\src\\Illuminate\\Container\\BoundMethod.php(36): Illuminate\\Database\\Console\\Migrations\\MigrateCommand->handle()
#13 C:\\Users\\Affil\\OneDrive\\Documents\\GitHub\\Pranav-Back-End\\Back-End\\vendor\\laravel\\framework\\src\\Illuminate\\Container\\Util.php(40): Illuminate\\Container\\BoundMethod::Illuminate\\Container\\{closure:C:\\Users\\Affil\\OneDrive\\Documents\\GitHub\\Pranav-Back-End\\Back-End\\vendor\\laravel\\framework\\src\\Illuminate\\Container\\BoundMethod.php:35-37}()
#14 C:\\Users\\Affil\\OneDrive\\Documents\\GitHub\\Pranav-Back-End\\Back-End\\vendor\\laravel\\framework\\src\\Illuminate\\Container\\BoundMethod.php(93): Illuminate\\Container\\Util::unwrapIfClosure('class Closure {...')
#15 C:\\Users\\Affil\\OneDrive\\Documents\\GitHub\\Pranav-Back-End\\Back-End\\vendor\\laravel\\framework\\src\\Illuminate\\Container\\BoundMethod.php(37): Illuminate\\Container\\BoundMethod::callBoundMethod('class Illuminat...', '[0 => class Ill...', 'class Closure {...')
#16 C:\\Users\\Affil\\OneDrive\\Documents\\GitHub\\Pranav-Back-End\\Back-End\\vendor\\laravel\\framework\\src\\Illuminate\\Container\\Container.php(653): Illuminate\\Container\\BoundMethod::call('class Illuminat...', '[0 => class Ill...', '[]', 'NULL')
#17 C:\\Users\\Affil\\OneDrive\\Documents\\GitHub\\Pranav-Back-End\\Back-End\\vendor\\laravel\\framework\\src\\Illuminate\\Console\\Command.php(136): Illuminate\\Foundation\\Application->call('[0 => class Ill...', '???', '???')
#18 C:\\Users\\Affil\\OneDrive\\Documents\\GitHub\\Pranav-Back-End\\Back-End\\vendor\\symfony\\console\\Command\\Command.php(298): Illuminate\\Database\\Console\\Migrations\\MigrateCommand->execute('class Symfony\\\\C...', 'class Illuminat...')
#19 C:\\Users\\Affil\\OneDrive\\Documents\\GitHub\\Pranav-Back-End\\Back-End\\vendor\\laravel\\framework\\src\\Illuminate\\Console\\Command.php(121): Illuminate\\Database\\Console\\Migrations\\MigrateCommand->run('class Symfony\\\\C...', 'class Illuminat...')
#20 C:\\Users\\Affil\\OneDrive\\Documents\\GitHub\\Pranav-Back-End\\Back-End\\vendor\\laravel\\framework\\src\\Illuminate\\Console\\Concerns\\CallsCommands.php(68): Illuminate\\Database\\Console\\Migrations\\MigrateCommand->run('class Symfony\\\\C...', 'class Illuminat...')
#21 C:\\Users\\Affil\\OneDrive\\Documents\\GitHub\\Pranav-Back-End\\Back-End\\vendor\\laravel\\framework\\src\\Illuminate\\Console\\Concerns\\CallsCommands.php(28): Illuminate\\Database\\Console\\Migrations\\FreshCommand->runCommand(''migrate'', '['--force' => T...', 'class Illuminat...')
#22 C:\\Users\\Affil\\OneDrive\\Documents\\GitHub\\Pranav-Back-End\\Back-End\\vendor\\laravel\\framework\\src\\Illuminate\\Database\\Console\\Migrations\\FreshCommand.php(55): Illuminate\\Database\\Console\\Migrations\\FreshCommand->call(''migrate'', '['--force' => T...')
#23 C:\\Users\\Affil\\OneDrive\\Documents\\GitHub\\Pranav-Back-End\\Back-End\\vendor\\laravel\\framework\\src\\Illuminate\\Container\\BoundMethod.php(36): Illuminate\\Database\\Console\\Migrations\\FreshCommand->handle()
#24 C:\\Users\\Affil\\OneDrive\\Documents\\GitHub\\Pranav-Back-End\\Back-End\\vendor\\laravel\\framework\\src\\Illuminate\\Container\\Util.php(40): Illuminate\\Container\\BoundMethod::Illuminate\\Container\\{closure:C:\\Users\\Affil\\OneDrive\\Documents\\GitHub\\Pranav-Back-End\\Back-End\\vendor\\laravel\\framework\\src\\Illuminate\\Container\\BoundMethod.php:35-37}()
#25 C:\\Users\\Affil\\OneDrive\\Documents\\GitHub\\Pranav-Back-End\\Back-End\\vendor\\laravel\\framework\\src\\Illuminate\\Container\\BoundMethod.php(93): Illuminate\\Container\\Util::unwrapIfClosure('class Closure {...')
#26 C:\\Users\\Affil\\OneDrive\\Documents\\GitHub\\Pranav-Back-End\\Back-End\\vendor\\laravel\\framework\\src\\Illuminate\\Container\\BoundMethod.php(37): Illuminate\\Container\\BoundMethod::callBoundMethod('class Illuminat...', '[0 => class Ill...', 'class Closure {...')
#27 C:\\Users\\Affil\\OneDrive\\Documents\\GitHub\\Pranav-Back-End\\Back-End\\vendor\\laravel\\framework\\src\\Illuminate\\Container\\Container.php(653): Illuminate\\Container\\BoundMethod::call('class Illuminat...', '[0 => class Ill...', '[]', 'NULL')
#28 C:\\Users\\Affil\\OneDrive\\Documents\\GitHub\\Pranav-Back-End\\Back-End\\vendor\\laravel\\framework\\src\\Illuminate\\Console\\Command.php(136): Illuminate\\Foundation\\Application->call('[0 => class Ill...', '???', '???')
#29 C:\\Users\\Affil\\OneDrive\\Documents\\GitHub\\Pranav-Back-End\\Back-End\\vendor\\symfony\\console\\Command\\Command.php(298): Illuminate\\Database\\Console\\Migrations\\FreshCommand->execute('class Symfony\\\\C...', 'class Illuminat...')
#30 C:\\Users\\Affil\\OneDrive\\Documents\\GitHub\\Pranav-Back-End\\Back-End\\vendor\\laravel\\framework\\src\\Illuminate\\Console\\Command.php(121): Illuminate\\Database\\Console\\Migrations\\FreshCommand->run('class Symfony\\\\C...', 'class Illuminat...')
#31 C:\\Users\\Affil\\OneDrive\\Documents\\GitHub\\Pranav-Back-End\\Back-End\\vendor\\symfony\\console\\Application.php(1040): Illuminate\\Database\\Console\\Migrations\\FreshCommand->run('class Symfony\\\\C...', 'class Symfony\\\\C...')
#32 C:\\Users\\Affil\\OneDrive\\Documents\\GitHub\\Pranav-Back-End\\Back-End\\vendor\\symfony\\console\\Application.php(301): Illuminate\\Console\\Application->doRunCommand('class Illuminat...', 'class Symfony\\\\C...', 'class Symfony\\\\C...')
#33 C:\\Users\\Affil\\OneDrive\\Documents\\GitHub\\Pranav-Back-End\\Back-End\\vendor\\symfony\\console\\Application.php(171): Illuminate\\Console\\Application->doRun('class Symfony\\\\C...', 'class Symfony\\\\C...')
#34 C:\\Users\\Affil\\OneDrive\\Documents\\GitHub\\Pranav-Back-End\\Back-End\\vendor\\laravel\\framework\\src\\Illuminate\\Console\\Application.php(94): Illuminate\\Console\\Application->run('class Symfony\\\\C...', 'class Symfony\\\\C...')
#35 C:\\Users\\Affil\\OneDrive\\Documents\\GitHub\\Pranav-Back-End\\Back-End\\vendor\\laravel\\framework\\src\\Illuminate\\Foundation\\Console\\Kernel.php(129): Illuminate\\Console\\Application->run('class Symfony\\\\C...', 'class Symfony\\\\C...')
#36 C:\\Users\\Affil\\OneDrive\\Documents\\GitHub\\Pranav-Back-End\\Back-End\\artisan(37): App\\Console\\Kernel->handle('class Symfony\\\\C...', 'class Symfony\\\\C...')
#37 C:\\Users\\Affil\\OneDrive\\Documents\\GitHub\\Pranav-Back-End\\Back-End\\artisan(0): {main}()
#38 {main}
"} 
[2026-03-27 19:14:42] local.ERROR: Command "make:" is ambiguous.
Did you mean one of these?
    make:cast         Create a new custom Eloquent cast class
    make:channel      Create a new channel class
    make:component    Create a new view component class
    make:command      Create a new Artisan command
    make:controller   Create a new controller class
    make:event        Create a new event class
    make:exception    Create a new custom exception class
    make:factory      Create a new model factory
    make:job          Create a new job class
    make:listener     Create a new event listener class
    make:mail         Create a new email class
    make:middleware   Create a new middleware class
    make:model        Create a new Eloquent model class
    make:notification Create a new notification class
    make:observer     Create a new observer class
    make:policy       Create a new policy class
    make:provider     Create a new service provider class
    make:request      Create a new form request class
    make:resource     Create a new resource
    make:rule         Create a new validation rule
    make:seeder       Create a new seeder class
    make:test         Create a new test class
    make:migration    Create a new migration file. {"exception":"[object] (Symfony\\Component\\Console\\Exception\\CommandNotFoundException(code: 0): Command \"make:\" is ambiguous.
Did you mean one of these?
    make:cast         Create a new custom Eloquent cast class
    make:channel      Create a new channel class
    make:component    Create a new view component class
    make:command      Create a new Artisan command
    make:controller   Create a new controller class
    make:event        Create a new event class
    make:exception    Create a new custom exception class
    make:factory      Create a new model factory
    make:job          Create a new job class
    make:listener     Create a new event listener class
    make:mail         Create a new email class
    make:middleware   Create a new middleware class
    make:model        Create a new Eloquent model class
    make:notification Create a new notification class
    make:observer     Create a new observer class
    make:policy       Create a new policy class
    make:provider     Create a new service provider class
    make:request      Create a new form request class
    make:resource     Create a new resource
    make:rule         Create a new validation rule
    make:seeder       Create a new seeder class
    make:test         Create a new test class
    make:migration    Create a new migration file. at C:\\Users\\Affil\\OneDrive\\Documents\\GitHub\\Pranav-Back-End\\Back-End\\vendor\\symfony\\console\\Application.php:761)
[stacktrace]
#0 C:\\Users\\Affil\\OneDrive\\Documents\\GitHub\\Pranav-Back-End\\Back-End\\vendor\\symfony\\console\\Application.php(259): Symfony\\Component\\Console\\Application->find('make:')
#1 C:\\Users\\Affil\\OneDrive\\Documents\\GitHub\\Pranav-Back-End\\Back-End\\vendor\\symfony\\console\\Application.php(171): Symfony\\Component\\Console\\Application->doRun(Object(Symfony\\Component\\Console\\Input\\ArgvInput), Object(Symfony\\Component\\Console\\Output\\ConsoleOutput))
#2 C:\\Users\\Affil\\OneDrive\\Documents\\GitHub\\Pranav-Back-End\\Back-End\\vendor\\laravel\\framework\\src\\Illuminate\\Console\\Application.php(94): Symfony\\Component\\Console\\Application->run(Object(Symfony\\Component\\Console\\Input\\ArgvInput), Object(Symfony\\Component\\Console\\Output\\ConsoleOutput))
#3 C:\\Users\\Affil\\OneDrive\\Documents\\GitHub\\Pranav-Back-End\\Back-End\\vendor\\laravel\\framework\\src\\Illuminate\\Foundation\\Console\\Kernel.php(129): Illuminate\\Console\\Application->run(Object(Symfony\\Component\\Console\\Input\\ArgvInput), Object(Symfony\\Component\\Console\\Output\\ConsoleOutput))
#4 C:\\Users\\Affil\\OneDrive\\Documents\\GitHub\\Pranav-Back-End\\Back-End\\artisan(37): Illuminate\\Foundation\\Console\\Kernel->handle(Object(Symfony\\Component\\Console\\Input\\ArgvInput), Object(Symfony\\Component\\Console\\Output\\ConsoleOutput))
#5 {main}
"} 
[2026-03-27 19:20:38] local.ERROR: SQLSTATE[42S02]: Base table or view not found: 1146 Table 'movies_db.horrors' doesn't exist (SQL: insert into `horrors` (`movie_title`, `movie_director`, `movie_genre`, `updated_at`, `created_at`) values (est sint debitis, Deion Bergstrom, Horror, 2026-03-27 19:20:38, 2026-03-27 19:20:38)) {"exception":"[object] (Illuminate\\Database\\QueryException(code: 42S02): SQLSTATE[42S02]: Base table or view not found: 1146 Table 'movies_db.horrors' doesn't exist (SQL: insert into `horrors` (`movie_title`, `movie_director`, `movie_genre`, `updated_at`, `created_at`) values (est sint debitis, Deion Bergstrom, Horror, 2026-03-27 19:20:38, 2026-03-27 19:20:38)) at C:\\Users\\Affil\\OneDrive\\Documents\\GitHub\\Pranav-Back-End\\Back-End\\vendor\\laravel\\framework\\src\\Illuminate\\Database\\Connection.php:712)
[stacktrace]
#0 C:\\Users\\Affil\\OneDrive\\Documents\\GitHub\\Pranav-Back-End\\Back-End\\vendor\\laravel\\framework\\src\\Illuminate\\Database\\Connection.php(672): Illuminate\\Database\\Connection->runQueryCallback('insert into `ho...', Array, Object(Closure))
#1 C:\\Users\\Affil\\OneDrive\\Documents\\GitHub\\Pranav-Back-End\\Back-End\\vendor\\laravel\\framework\\src\\Illuminate\\Database\\Connection.php(502): Illuminate\\Database\\Connection->run('insert into `ho...', Array, Object(Closure))
#2 C:\\Users\\Affil\\OneDrive\\Documents\\GitHub\\Pranav-Back-End\\Back-End\\vendor\\laravel\\framework\\src\\Illuminate\\Database\\Connection.php(454): Illuminate\\Database\\Connection->statement('insert into `ho...', Array)
#3 C:\\Users\\Affil\\OneDrive\\Documents\\GitHub\\Pranav-Back-End\\Back-End\\vendor\\laravel\\framework\\src\\Illuminate\\Database\\Query\\Processors\\Processor.php(32): Illuminate\\Database\\Connection->insert('insert into `ho...', Array)
#4 C:\\Users\\Affil\\OneDrive\\Documents\\GitHub\\Pranav-Back-End\\Back-End\\vendor\\laravel\\framework\\src\\Illuminate\\Database\\Query\\Builder.php(3028): Illuminate\\Database\\Query\\Processors\\Processor->processInsertGetId(Object(Illuminate\\Database\\Query\\Builder), 'insert into `ho...', Array, 'id')
#5 C:\\Users\\Affil\\OneDrive\\Documents\\GitHub\\Pranav-Back-End\\Back-End\\vendor\\laravel\\framework\\src\\Illuminate\\Database\\Eloquent\\Builder.php(1657): Illuminate\\Database\\Query\\Builder->insertGetId(Array, 'id')
#6 C:\\Users\\Affil\\OneDrive\\Documents\\GitHub\\Pranav-Back-End\\Back-End\\vendor\\laravel\\framework\\src\\Illuminate\\Database\\Eloquent\\Model.php(1188): Illuminate\\Database\\Eloquent\\Builder->__call('insertGetId', Array)
#7 C:\\Users\\Affil\\OneDrive\\Documents\\GitHub\\Pranav-Back-End\\Back-End\\vendor\\laravel\\framework\\src\\Illuminate\\Database\\Eloquent\\Model.php(1153): Illuminate\\Database\\Eloquent\\Model->insertAndSetId(Object(Illuminate\\Database\\Eloquent\\Builder), Array)
#8 C:\\Users\\Affil\\OneDrive\\Documents\\GitHub\\Pranav-Back-End\\Back-End\\vendor\\laravel\\framework\\src\\Illuminate\\Database\\Eloquent\\Model.php(994): Illuminate\\Database\\Eloquent\\Model->performInsert(Object(Illuminate\\Database\\Eloquent\\Builder))
#9 C:\\Users\\Affil\\OneDrive\\Documents\\GitHub\\Pranav-Back-End\\Back-End\\vendor\\laravel\\framework\\src\\Illuminate\\Database\\Eloquent\\Factories\\Factory.php(314): Illuminate\\Database\\Eloquent\\Model->save()
#10 C:\\Users\\Affil\\OneDrive\\Documents\\GitHub\\Pranav-Back-End\\Back-End\\vendor\\laravel\\framework\\src\\Illuminate\\Collections\\Traits\\EnumeratesValues.php(245): Illuminate\\Database\\Eloquent\\Factories\\Factory->Illuminate\\Database\\Eloquent\\Factories\\{closure}(Object(App\\Models\\Horror), 0)
#11 C:\\Users\\Affil\\OneDrive\\Documents\\GitHub\\Pranav-Back-End\\Back-End\\vendor\\laravel\\framework\\src\\Illuminate\\Database\\Eloquent\\Factories\\Factory.php(317): Illuminate\\Support\\Collection->each(Object(Closure))
#12 C:\\Users\\Affil\\OneDrive\\Documents\\GitHub\\Pranav-Back-End\\Back-End\\vendor\\laravel\\framework\\src\\Illuminate\\Database\\Eloquent\\Factories\\Factory.php(265): Illuminate\\Database\\Eloquent\\Factories\\Factory->store(Object(Illuminate\\Database\\Eloquent\\Collection))
#13 C:\\Users\\Affil\\OneDrive\\Documents\\GitHub\\Pranav-Back-End\\Back-End\\database\\seeders\\HorrorSeeder.php(17): Illuminate\\Database\\Eloquent\\Factories\\Factory->create()
#14 C:\\Users\\Affil\\OneDrive\\Documents\\GitHub\\Pranav-Back-End\\Back-End\\vendor\\laravel\\framework\\src\\Illuminate\\Container\\BoundMethod.php(36): Database\\Seeders\\HorrorSeeder->run()
#15 C:\\Users\\Affil\\OneDrive\\Documents\\GitHub\\Pranav-Back-End\\Back-End\\vendor\\laravel\\framework\\src\\Illuminate\\Container\\Util.php(40): Illuminate\\Container\\BoundMethod::Illuminate\\Container\\{closure}()
#16 C:\\Users\\Affil\\OneDrive\\Documents\\GitHub\\Pranav-Back-End\\Back-End\\vendor\\laravel\\framework\\src\\Illuminate\\Container\\BoundMethod.php(93): Illuminate\\Container\\Util::unwrapIfClosure(Object(Closure))
#17 C:\\Users\\Affil\\OneDrive\\Documents\\GitHub\\Pranav-Back-End\\Back-End\\vendor\\laravel\\framework\\src\\Illuminate\\Container\\BoundMethod.php(37): Illuminate\\Container\\BoundMethod::callBoundMethod(Object(Illuminate\\Foundation\\Application), Array, Object(Closure))
#18 C:\\Users\\Affil\\OneDrive\\Documents\\GitHub\\Pranav-Back-End\\Back-End\\vendor\\laravel\\framework\\src\\Illuminate\\Container\\Container.php(653): Illuminate\\Container\\BoundMethod::call(Object(Illuminate\\Foundation\\Application), Array, Array, NULL)
#19 C:\\Users\\Affil\\OneDrive\\Documents\\GitHub\\Pranav-Back-End\\Back-End\\vendor\\laravel\\framework\\src\\Illuminate\\Database\\Seeder.php(149): Illuminate\\Container\\Container->call(Array, Array)
#20 C:\\Users\\Affil\\OneDrive\\Documents\\GitHub\\Pranav-Back-End\\Back-End\\vendor\\laravel\\framework\\src\\Illuminate\\Database\\Seeder.php(49): Illuminate\\Database\\Seeder->__invoke(Array)
#21 C:\\Users\\Affil\\OneDrive\\Documents\\GitHub\\Pranav-Back-End\\Back-End\\database\\seeders\\DatabaseSeeder.php(18): Illuminate\\Database\\Seeder->call('Database\\\\Seeder...')
#22 C:\\Users\\Affil\\OneDrive\\Documents\\GitHub\\Pranav-Back-End\\Back-End\\vendor\\laravel\\framework\\src\\Illuminate\\Container\\BoundMethod.php(36): Database\\Seeders\\DatabaseSeeder->run()
#23 C:\\Users\\Affil\\OneDrive\\Documents\\GitHub\\Pranav-Back-End\\Back-End\\vendor\\laravel\\framework\\src\\Illuminate\\Container\\Util.php(40): Illuminate\\Container\\BoundMethod::Illuminate\\Container\\{closure}()
#24 C:\\Users\\Affil\\OneDrive\\Documents\\GitHub\\Pranav-Back-End\\Back-End\\vendor\\laravel\\framework\\src\\Illuminate\\Container\\BoundMethod.php(93): Illuminate\\Container\\Util::unwrapIfClosure(Object(Closure))
#25 C:\\Users\\Affil\\OneDrive\\Documents\\GitHub\\Pranav-Back-End\\Back-End\\vendor\\laravel\\framework\\src\\Illuminate\\Container\\BoundMethod.php(37): Illuminate\\Container\\BoundMethod::callBoundMethod(Object(Illuminate\\Foundation\\Application), Array, Object(Closure))
#26 C:\\Users\\Affil\\OneDrive\\Documents\\GitHub\\Pranav-Back-End\\Back-End\\vendor\\laravel\\framework\\src\\Illuminate\\Container\\Container.php(653): Illuminate\\Container\\BoundMethod::call(Object(Illuminate\\Foundation\\Application), Array, Array, NULL)
#27 C:\\Users\\Affil\\OneDrive\\Documents\\GitHub\\Pranav-Back-End\\Back-End\\vendor\\laravel\\framework\\src\\Illuminate\\Database\\Seeder.php(149): Illuminate\\Container\\Container->call(Array, Array)
#28 C:\\Users\\Affil\\OneDrive\\Documents\\GitHub\\Pranav-Back-End\\Back-End\\vendor\\laravel\\framework\\src\\Illuminate\\Database\\Console\\Seeds\\SeedCommand.php(66): Illuminate\\Database\\Seeder->__invoke()
#29 C:\\Users\\Affil\\OneDrive\\Documents\\GitHub\\Pranav-Back-End\\Back-End\\vendor\\laravel\\framework\\src\\Illuminate\\Database\\Eloquent\\Concerns\\GuardsAttributes.php(157): Illuminate\\Database\\Console\\Seeds\\SeedCommand->Illuminate\\Database\\Console\\Seeds\\{closure}()
#30 C:\\Users\\Affil\\OneDrive\\Documents\\GitHub\\Pranav-Back-End\\Back-End\\vendor\\laravel\\framework\\src\\Illuminate\\Database\\Console\\Seeds\\SeedCommand.php(67): Illuminate\\Database\\Eloquent\\Model::unguarded(Object(Closure))
#31 C:\\Users\\Affil\\OneDrive\\Documents\\GitHub\\Pranav-Back-End\\Back-End\\vendor\\laravel\\framework\\src\\Illuminate\\Container\\BoundMethod.php(36): Illuminate\\Database\\Console\\Seeds\\SeedCommand->handle()
#32 C:\\Users\\Affil\\OneDrive\\Documents\\GitHub\\Pranav-Back-End\\Back-End\\vendor\\laravel\\framework\\src\\Illuminate\\Container\\Util.php(40): Illuminate\\Container\\BoundMethod::Illuminate\\Container\\{closure}()
#33 C:\\Users\\Affil\\OneDrive\\Documents\\GitHub\\Pranav-Back-End\\Back-End\\vendor\\laravel\\framework\\src\\Illuminate\\Container\\BoundMethod.php(93): Illuminate\\Container\\Util::unwrapIfClosure(Object(Closure))
#34 C:\\Users\\Affil\\OneDrive\\Documents\\GitHub\\Pranav-Back-End\\Back-End\\vendor\\laravel\\framework\\src\\Illuminate\\Container\\BoundMethod.php(37): Illuminate\\Container\\BoundMethod::callBoundMethod(Object(Illuminate\\Foundation\\Application), Array, Object(Closure))
#35 C:\\Users\\Affil\\OneDrive\\Documents\\GitHub\\Pranav-Back-End\\Back-End\\vendor\\laravel\\framework\\src\\Illuminate\\Container\\Container.php(653): Illuminate\\Container\\BoundMethod::call(Object(Illuminate\\Foundation\\Application), Array, Array, NULL)
#36 C:\\Users\\Affil\\OneDrive\\Documents\\GitHub\\Pranav-Back-End\\Back-End\\vendor\\laravel\\framework\\src\\Illuminate\\Console\\Command.php(136): Illuminate\\Container\\Container->call(Array)
#37 C:\\Users\\Affil\\OneDrive\\Documents\\GitHub\\Pranav-Back-End\\Back-End\\vendor\\symfony\\console\\Command\\Command.php(298): Illuminate\\Console\\Command->execute(Object(Symfony\\Component\\Console\\Input\\ArrayInput), Object(Illuminate\\Console\\OutputStyle))
#38 C:\\Users\\Affil\\OneDrive\\Documents\\GitHub\\Pranav-Back-End\\Back-End\\vendor\\laravel\\framework\\src\\Illuminate\\Console\\Command.php(121): Symfony\\Component\\Console\\Command\\Command->run(Object(Symfony\\Component\\Console\\Input\\ArrayInput), Object(Illuminate\\Console\\OutputStyle))
#39 C:\\Users\\Affil\\OneDrive\\Documents\\GitHub\\Pranav-Back-End\\Back-End\\vendor\\laravel\\framework\\src\\Illuminate\\Console\\Concerns\\CallsCommands.php(68): Illuminate\\Console\\Command->run(Object(Symfony\\Component\\Console\\Input\\ArrayInput), Object(Illuminate\\Console\\OutputStyle))
#40 C:\\Users\\Affil\\OneDrive\\Documents\\GitHub\\Pranav-Back-End\\Back-End\\vendor\\laravel\\framework\\src\\Illuminate\\Console\\Concerns\\CallsCommands.php(28): Illuminate\\Console\\Command->runCommand('db:seed', Array, Object(Illuminate\\Console\\OutputStyle))
#41 C:\\Users\\Affil\\OneDrive\\Documents\\GitHub\\Pranav-Back-End\\Back-End\\vendor\\laravel\\framework\\src\\Illuminate\\Database\\Console\\Migrations\\FreshCommand.php(90): Illuminate\\Console\\Command->call('db:seed', Array)
#42 C:\\Users\\Affil\\OneDrive\\Documents\\GitHub\\Pranav-Back-End\\Back-End\\vendor\\laravel\\framework\\src\\Illuminate\\Database\\Console\\Migrations\\FreshCommand.php(65): Illuminate\\Database\\Console\\Migrations\\FreshCommand->runSeeder(NULL)
#43 C:\\Users\\Affil\\OneDrive\\Documents\\GitHub\\Pranav-Back-End\\Back-End\\vendor\\laravel\\framework\\src\\Illuminate\\Container\\BoundMethod.php(36): Illuminate\\Database\\Console\\Migrations\\FreshCommand->handle()
#44 C:\\Users\\Affil\\OneDrive\\Documents\\GitHub\\Pranav-Back-End\\Back-End\\vendor\\laravel\\framework\\src\\Illuminate\\Container\\Util.php(40): Illuminate\\Container\\BoundMethod::Illuminate\\Container\\{closure}()
#45 C:\\Users\\Affil\\OneDrive\\Documents\\GitHub\\Pranav-Back-End\\Back-End\\vendor\\laravel\\framework\\src\\Illuminate\\Container\\BoundMethod.php(93): Illuminate\\Container\\Util::unwrapIfClosure(Object(Closure))
#46 C:\\Users\\Affil\\OneDrive\\Documents\\GitHub\\Pranav-Back-End\\Back-End\\vendor\\laravel\\framework\\src\\Illuminate\\Container\\BoundMethod.php(37): Illuminate\\Container\\BoundMethod::callBoundMethod(Object(Illuminate\\Foundation\\Application), Array, Object(Closure))
#47 C:\\Users\\Affil\\OneDrive\\Documents\\GitHub\\Pranav-Back-End\\Back-End\\vendor\\laravel\\framework\\src\\Illuminate\\Container\\Container.php(653): Illuminate\\Container\\BoundMethod::call(Object(Illuminate\\Foundation\\Application), Array, Array, NULL)
#48 C:\\Users\\Affil\\OneDrive\\Documents\\GitHub\\Pranav-Back-End\\Back-End\\vendor\\laravel\\framework\\src\\Illuminate\\Console\\Command.php(136): Illuminate\\Container\\Container->call(Array)
#49 C:\\Users\\Affil\\OneDrive\\Documents\\GitHub\\Pranav-Back-End\\Back-End\\vendor\\symfony\\console\\Command\\Command.php(298): Illuminate\\Console\\Command->execute(Object(Symfony\\Component\\Console\\Input\\ArgvInput), Object(Illuminate\\Console\\OutputStyle))
#50 C:\\Users\\Affil\\OneDrive\\Documents\\GitHub\\Pranav-Back-End\\Back-End\\vendor\\laravel\\framework\\src\\Illuminate\\Console\\Command.php(121): Symfony\\Component\\Console\\Command\\Command->run(Object(Symfony\\Component\\Console\\Input\\ArgvInput), Object(Illuminate\\Console\\OutputStyle))
#51 C:\\Users\\Affil\\OneDrive\\Documents\\GitHub\\Pranav-Back-End\\Back-End\\vendor\\symfony\\console\\Application.php(1040): Illuminate\\Console\\Command->run(Object(Symfony\\Component\\Console\\Input\\ArgvInput), Object(Symfony\\Component\\Console\\Output\\ConsoleOutput))
#52 C:\\Users\\Affil\\OneDrive\\Documents\\GitHub\\Pranav-Back-End\\Back-End\\vendor\\symfony\\console\\Application.php(301): Symfony\\Component\\Console\\Application->doRunCommand(Object(Illuminate\\Database\\Console\\Migrations\\FreshCommand), Object(Symfony\\Component\\Console\\Input\\ArgvInput), Object(Symfony\\Component\\Console\\Output\\ConsoleOutput))
#53 C:\\Users\\Affil\\OneDrive\\Documents\\GitHub\\Pranav-Back-End\\Back-End\\vendor\\symfony\\console\\Application.php(171): Symfony\\Component\\Console\\Application->doRun(Object(Symfony\\Component\\Console\\Input\\ArgvInput), Object(Symfony\\Component\\Console\\Output\\ConsoleOutput))
#54 C:\\Users\\Affil\\OneDrive\\Documents\\GitHub\\Pranav-Back-End\\Back-End\\vendor\\laravel\\framework\\src\\Illuminate\\Console\\Application.php(94): Symfony\\Component\\Console\\Application->run(Object(Symfony\\Component\\Console\\Input\\ArgvInput), Object(Symfony\\Component\\Console\\Output\\ConsoleOutput))
#55 C:\\Users\\Affil\\OneDrive\\Documents\\GitHub\\Pranav-Back-End\\Back-End\\vendor\\laravel\\framework\\src\\Illuminate\\Foundation\\Console\\Kernel.php(129): Illuminate\\Console\\Application->run(Object(Symfony\\Component\\Console\\Input\\ArgvInput), Object(Symfony\\Component\\Console\\Output\\ConsoleOutput))
#56 C:\\Users\\Affil\\OneDrive\\Documents\\GitHub\\Pranav-Back-End\\Back-End\\artisan(37): Illuminate\\Foundation\\Console\\Kernel->handle(Object(Symfony\\Component\\Console\\Input\\ArgvInput), Object(Symfony\\Component\\Console\\Output\\ConsoleOutput))
#57 {main}

[previous exception] [object] (PDOException(code: 42S02): SQLSTATE[42S02]: Base table or view not found: 1146 Table 'movies_db.horrors' doesn't exist at C:\\Users\\Affil\\OneDrive\\Documents\\GitHub\\Pranav-Back-End\\Back-End\\vendor\\laravel\\framework\\src\\Illuminate\\Database\\Connection.php:495)
[stacktrace]
#0 C:\\Users\\Affil\\OneDrive\\Documents\\GitHub\\Pranav-Back-End\\Back-End\\vendor\\laravel\\framework\\src\\Illuminate\\Database\\Connection.php(495): PDO->prepare('insert into `ho...')
#1 C:\\Users\\Affil\\OneDrive\\Documents\\GitHub\\Pranav-Back-End\\Back-End\\vendor\\laravel\\framework\\src\\Illuminate\\Database\\Connection.php(705): Illuminate\\Database\\Connection->Illuminate\\Database\\{closure}('insert into `ho...', Array)
#2 C:\\Users\\Affil\\OneDrive\\Documents\\GitHub\\Pranav-Back-End\\Back-End\\vendor\\laravel\\framework\\src\\Illuminate\\Database\\Connection.php(672): Illuminate\\Database\\Connection->runQueryCallback('insert into `ho...', Array, Object(Closure))
#3 C:\\Users\\Affil\\OneDrive\\Documents\\GitHub\\Pranav-Back-End\\Back-End\\vendor\\laravel\\framework\\src\\Illuminate\\Database\\Connection.php(502): Illuminate\\Database\\Connection->run('insert into `ho...', Array, Object(Closure))
#4 C:\\Users\\Affil\\OneDrive\\Documents\\GitHub\\Pranav-Back-End\\Back-End\\vendor\\laravel\\framework\\src\\Illuminate\\Database\\Connection.php(454): Illuminate\\Database\\Connection->statement('insert into `ho...', Array)
#5 C:\\Users\\Affil\\OneDrive\\Documents\\GitHub\\Pranav-Back-End\\Back-End\\vendor\\laravel\\framework\\src\\Illuminate\\Database\\Query\\Processors\\Processor.php(32): Illuminate\\Database\\Connection->insert('insert into `ho...', Array)
#6 C:\\Users\\Affil\\OneDrive\\Documents\\GitHub\\Pranav-Back-End\\Back-End\\vendor\\laravel\\framework\\src\\Illuminate\\Database\\Query\\Builder.php(3028): Illuminate\\Database\\Query\\Processors\\Processor->processInsertGetId(Object(Illuminate\\Database\\Query\\Builder), 'insert into `ho...', Array, 'id')
#7 C:\\Users\\Affil\\OneDrive\\Documents\\GitHub\\Pranav-Back-End\\Back-End\\vendor\\laravel\\framework\\src\\Illuminate\\Database\\Eloquent\\Builder.php(1657): Illuminate\\Database\\Query\\Builder->insertGetId(Array, 'id')
#8 C:\\Users\\Affil\\OneDrive\\Documents\\GitHub\\Pranav-Back-End\\Back-End\\vendor\\laravel\\framework\\src\\Illuminate\\Database\\Eloquent\\Model.php(1188): Illuminate\\Database\\Eloquent\\Builder->__call('insertGetId', Array)
#9 C:\\Users\\Affil\\OneDrive\\Documents\\GitHub\\Pranav-Back-End\\Back-End\\vendor\\laravel\\framework\\src\\Illuminate\\Database\\Eloquent\\Model.php(1153): Illuminate\\Database\\Eloquent\\Model->insertAndSetId(Object(Illuminate\\Database\\Eloquent\\Builder), Array)
#10 C:\\Users\\Affil\\OneDrive\\Documents\\GitHub\\Pranav-Back-End\\Back-End\\vendor\\laravel\\framework\\src\\Illuminate\\Database\\Eloquent\\Model.php(994): Illuminate\\Database\\Eloquent\\Model->performInsert(Object(Illuminate\\Database\\Eloquent\\Builder))
#11 C:\\Users\\Affil\\OneDrive\\Documents\\GitHub\\Pranav-Back-End\\Back-End\\vendor\\laravel\\framework\\src\\Illuminate\\Database\\Eloquent\\Factories\\Factory.php(314): Illuminate\\Database\\Eloquent\\Model->save()
#12 C:\\Users\\Affil\\OneDrive\\Documents\\GitHub\\Pranav-Back-End\\Back-End\\vendor\\laravel\\framework\\src\\Illuminate\\Collections\\Traits\\EnumeratesValues.php(245): Illuminate\\Database\\Eloquent\\Factories\\Factory->Illuminate\\Database\\Eloquent\\Factories\\{closure}(Object(App\\Models\\Horror), 0)
#13 C:\\Users\\Affil\\OneDrive\\Documents\\GitHub\\Pranav-Back-End\\Back-End\\vendor\\laravel\\framework\\src\\Illuminate\\Database\\Eloquent\\Factories\\Factory.php(317): Illuminate\\Support\\Collection->each(Object(Closure))
#14 C:\\Users\\Affil\\OneDrive\\Documents\\GitHub\\Pranav-Back-End\\Back-End\\vendor\\laravel\\framework\\src\\Illuminate\\Database\\Eloquent\\Factories\\Factory.php(265): Illuminate\\Database\\Eloquent\\Factories\\Factory->store(Object(Illuminate\\Database\\Eloquent\\Collection))
#15 C:\\Users\\Affil\\OneDrive\\Documents\\GitHub\\Pranav-Back-End\\Back-End\\database\\seeders\\HorrorSeeder.php(17): Illuminate\\Database\\Eloquent\\Factories\\Factory->create()
#16 C:\\Users\\Affil\\OneDrive\\Documents\\GitHub\\Pranav-Back-End\\Back-End\\vendor\\laravel\\framework\\src\\Illuminate\\Container\\BoundMethod.php(36): Database\\Seeders\\HorrorSeeder->run()
#17 C:\\Users\\Affil\\OneDrive\\Documents\\GitHub\\Pranav-Back-End\\Back-End\\vendor\\laravel\\framework\\src\\Illuminate\\Container\\Util.php(40): Illuminate\\Container\\BoundMethod::Illuminate\\Container\\{closure}()
#18 C:\\Users\\Affil\\OneDrive\\Documents\\GitHub\\Pranav-Back-End\\Back-End\\vendor\\laravel\\framework\\src\\Illuminate\\Container\\BoundMethod.php(93): Illuminate\\Container\\Util::unwrapIfClosure(Object(Closure))
#19 C:\\Users\\Affil\\OneDrive\\Documents\\GitHub\\Pranav-Back-End\\Back-End\\vendor\\laravel\\framework\\src\\Illuminate\\Container\\BoundMethod.php(37): Illuminate\\Container\\BoundMethod::callBoundMethod(Object(Illuminate\\Foundation\\Application), Array, Object(Closure))
#20 C:\\Users\\Affil\\OneDrive\\Documents\\GitHub\\Pranav-Back-End\\Back-End\\vendor\\laravel\\framework\\src\\Illuminate\\Container\\Container.php(653): Illuminate\\Container\\BoundMethod::call(Object(Illuminate\\Foundation\\Application), Array, Array, NULL)
#21 C:\\Users\\Affil\\OneDrive\\Documents\\GitHub\\Pranav-Back-End\\Back-End\\vendor\\laravel\\framework\\src\\Illuminate\\Database\\Seeder.php(149): Illuminate\\Container\\Container->call(Array, Array)
#22 C:\\Users\\Affil\\OneDrive\\Documents\\GitHub\\Pranav-Back-End\\Back-End\\vendor\\laravel\\framework\\src\\Illuminate\\Database\\Seeder.php(49): Illuminate\\Database\\Seeder->__invoke(Array)
#23 C:\\Users\\Affil\\OneDrive\\Documents\\GitHub\\Pranav-Back-End\\Back-End\\database\\seeders\\DatabaseSeeder.php(18): Illuminate\\Database\\Seeder->call('Database\\\\Seeder...')
#24 C:\\Users\\Affil\\OneDrive\\Documents\\GitHub\\Pranav-Back-End\\Back-End\\vendor\\laravel\\framework\\src\\Illuminate\\Container\\BoundMethod.php(36): Database\\Seeders\\DatabaseSeeder->run()
#25 C:\\Users\\Affil\\OneDrive\\Documents\\GitHub\\Pranav-Back-End\\Back-End\\vendor\\laravel\\framework\\src\\Illuminate\\Container\\Util.php(40): Illuminate\\Container\\BoundMethod::Illuminate\\Container\\{closure}()
#26 C:\\Users\\Affil\\OneDrive\\Documents\\GitHub\\Pranav-Back-End\\Back-End\\vendor\\laravel\\framework\\src\\Illuminate\\Container\\BoundMethod.php(93): Illuminate\\Container\\Util::unwrapIfClosure(Object(Closure))
#27 C:\\Users\\Affil\\OneDrive\\Documents\\GitHub\\Pranav-Back-End\\Back-End\\vendor\\laravel\\framework\\src\\Illuminate\\Container\\BoundMethod.php(37): Illuminate\\Container\\BoundMethod::callBoundMethod(Object(Illuminate\\Foundation\\Application), Array, Object(Closure))
#28 C:\\Users\\Affil\\OneDrive\\Documents\\GitHub\\Pranav-Back-End\\Back-End\\vendor\\laravel\\framework\\src\\Illuminate\\Container\\Container.php(653): Illuminate\\Container\\BoundMethod::call(Object(Illuminate\\Foundation\\Application), Array, Array, NULL)
#29 C:\\Users\\Affil\\OneDrive\\Documents\\GitHub\\Pranav-Back-End\\Back-End\\vendor\\laravel\\framework\\src\\Illuminate\\Database\\Seeder.php(149): Illuminate\\Container\\Container->call(Array, Array)
#30 C:\\Users\\Affil\\OneDrive\\Documents\\GitHub\\Pranav-Back-End\\Back-End\\vendor\\laravel\\framework\\src\\Illuminate\\Database\\Console\\Seeds\\SeedCommand.php(66): Illuminate\\Database\\Seeder->__invoke()
#31 C:\\Users\\Affil\\OneDrive\\Documents\\GitHub\\Pranav-Back-End\\Back-End\\vendor\\laravel\\framework\\src\\Illuminate\\Database\\Eloquent\\Concerns\\GuardsAttributes.php(157): Illuminate\\Database\\Console\\Seeds\\SeedCommand->Illuminate\\Database\\Console\\Seeds\\{closure}()
#32 C:\\Users\\Affil\\OneDrive\\Documents\\GitHub\\Pranav-Back-End\\Back-End\\vendor\\laravel\\framework\\src\\Illuminate\\Database\\Console\\Seeds\\SeedCommand.php(67): Illuminate\\Database\\Eloquent\\Model::unguarded(Object(Closure))
#33 C:\\Users\\Affil\\OneDrive\\Documents\\GitHub\\Pranav-Back-End\\Back-End\\vendor\\laravel\\framework\\src\\Illuminate\\Container\\BoundMethod.php(36): Illuminate\\Database\\Console\\Seeds\\SeedCommand->handle()
#34 C:\\Users\\Affil\\OneDrive\\Documents\\GitHub\\Pranav-Back-End\\Back-End\\vendor\\laravel\\framework\\src\\Illuminate\\Container\\Util.php(40): Illuminate\\Container\\BoundMethod::Illuminate\\Container\\{closure}()
#35 C:\\Users\\Affil\\OneDrive\\Documents\\GitHub\\Pranav-Back-End\\Back-End\\vendor\\laravel\\framework\\src\\Illuminate\\Container\\BoundMethod.php(93): Illuminate\\Container\\Util::unwrapIfClosure(Object(Closure))
#36 C:\\Users\\Affil\\OneDrive\\Documents\\GitHub\\Pranav-Back-End\\Back-End\\vendor\\laravel\\framework\\src\\Illuminate\\Container\\BoundMethod.php(37): Illuminate\\Container\\BoundMethod::callBoundMethod(Object(Illuminate\\Foundation\\Application), Array, Object(Closure))
#37 C:\\Users\\Affil\\OneDrive\\Documents\\GitHub\\Pranav-Back-End\\Back-End\\vendor\\laravel\\framework\\src\\Illuminate\\Container\\Container.php(653): Illuminate\\Container\\BoundMethod::call(Object(Illuminate\\Foundation\\Application), Array, Array, NULL)
#38 C:\\Users\\Affil\\OneDrive\\Documents\\GitHub\\Pranav-Back-End\\Back-End\\vendor\\laravel\\framework\\src\\Illuminate\\Console\\Command.php(136): Illuminate\\Container\\Container->call(Array)
#39 C:\\Users\\Affil\\OneDrive\\Documents\\GitHub\\Pranav-Back-End\\Back-End\\vendor\\symfony\\console\\Command\\Command.php(298): Illuminate\\Console\\Command->execute(Object(Symfony\\Component\\Console\\Input\\ArrayInput), Object(Illuminate\\Console\\OutputStyle))
#40 C:\\Users\\Affil\\OneDrive\\Documents\\GitHub\\Pranav-Back-End\\Back-End\\vendor\\laravel\\framework\\src\\Illuminate\\Console\\Command.php(121): Symfony\\Component\\Console\\Command\\Command->run(Object(Symfony\\Component\\Console\\Input\\ArrayInput), Object(Illuminate\\Console\\OutputStyle))
#41 C:\\Users\\Affil\\OneDrive\\Documents\\GitHub\\Pranav-Back-End\\Back-End\\vendor\\laravel\\framework\\src\\Illuminate\\Console\\Concerns\\CallsCommands.php(68): Illuminate\\Console\\Command->run(Object(Symfony\\Component\\Console\\Input\\ArrayInput), Object(Illuminate\\Console\\OutputStyle))
#42 C:\\Users\\Affil\\OneDrive\\Documents\\GitHub\\Pranav-Back-End\\Back-End\\vendor\\laravel\\framework\\src\\Illuminate\\Console\\Concerns\\CallsCommands.php(28): Illuminate\\Console\\Command->runCommand('db:seed', Array, Object(Illuminate\\Console\\OutputStyle))
#43 C:\\Users\\Affil\\OneDrive\\Documents\\GitHub\\Pranav-Back-End\\Back-End\\vendor\\laravel\\framework\\src\\Illuminate\\Database\\Console\\Migrations\\FreshCommand.php(90): Illuminate\\Console\\Command->call('db:seed', Array)
#44 C:\\Users\\Affil\\OneDrive\\Documents\\GitHub\\Pranav-Back-End\\Back-End\\vendor\\laravel\\framework\\src\\Illuminate\\Database\\Console\\Migrations\\FreshCommand.php(65): Illuminate\\Database\\Console\\Migrations\\FreshCommand->runSeeder(NULL)
#45 C:\\Users\\Affil\\OneDrive\\Documents\\GitHub\\Pranav-Back-End\\Back-End\\vendor\\laravel\\framework\\src\\Illuminate\\Container\\BoundMethod.php(36): Illuminate\\Database\\Console\\Migrations\\FreshCommand->handle()
#46 C:\\Users\\Affil\\OneDrive\\Documents\\GitHub\\Pranav-Back-End\\Back-End\\vendor\\laravel\\framework\\src\\Illuminate\\Container\\Util.php(40): Illuminate\\Container\\BoundMethod::Illuminate\\Container\\{closure}()
#47 C:\\Users\\Affil\\OneDrive\\Documents\\GitHub\\Pranav-Back-End\\Back-End\\vendor\\laravel\\framework\\src\\Illuminate\\Container\\BoundMethod.php(93): Illuminate\\Container\\Util::unwrapIfClosure(Object(Closure))
#48 C:\\Users\\Affil\\OneDrive\\Documents\\GitHub\\Pranav-Back-End\\Back-End\\vendor\\laravel\\framework\\src\\Illuminate\\Container\\BoundMethod.php(37): Illuminate\\Container\\BoundMethod::callBoundMethod(Object(Illuminate\\Foundation\\Application), Array, Object(Closure))
#49 C:\\Users\\Affil\\OneDrive\\Documents\\GitHub\\Pranav-Back-End\\Back-End\\vendor\\laravel\\framework\\src\\Illuminate\\Container\\Container.php(653): Illuminate\\Container\\BoundMethod::call(Object(Illuminate\\Foundation\\Application), Array, Array, NULL)
#50 C:\\Users\\Affil\\OneDrive\\Documents\\GitHub\\Pranav-Back-End\\Back-End\\vendor\\laravel\\framework\\src\\Illuminate\\Console\\Command.php(136): Illuminate\\Container\\Container->call(Array)
#51 C:\\Users\\Affil\\OneDrive\\Documents\\GitHub\\Pranav-Back-End\\Back-End\\vendor\\symfony\\console\\Command\\Command.php(298): Illuminate\\Console\\Command->execute(Object(Symfony\\Component\\Console\\Input\\ArgvInput), Object(Illuminate\\Console\\OutputStyle))
#52 C:\\Users\\Affil\\OneDrive\\Documents\\GitHub\\Pranav-Back-End\\Back-End\\vendor\\laravel\\framework\\src\\Illuminate\\Console\\Command.php(121): Symfony\\Component\\Console\\Command\\Command->run(Object(Symfony\\Component\\Console\\Input\\ArgvInput), Object(Illuminate\\Console\\OutputStyle))
#53 C:\\Users\\Affil\\OneDrive\\Documents\\GitHub\\Pranav-Back-End\\Back-End\\vendor\\symfony\\console\\Application.php(1040): Illuminate\\Console\\Command->run(Object(Symfony\\Component\\Console\\Input\\ArgvInput), Object(Symfony\\Component\\Console\\Output\\ConsoleOutput))
#54 C:\\Users\\Affil\\OneDrive\\Documents\\GitHub\\Pranav-Back-End\\Back-End\\vendor\\symfony\\console\\Application.php(301): Symfony\\Component\\Console\\Application->doRunCommand(Object(Illuminate\\Database\\Console\\Migrations\\FreshCommand), Object(Symfony\\Component\\Console\\Input\\ArgvInput), Object(Symfony\\Component\\Console\\Output\\ConsoleOutput))
#55 C:\\Users\\Affil\\OneDrive\\Documents\\GitHub\\Pranav-Back-End\\Back-End\\vendor\\symfony\\console\\Application.php(171): Symfony\\Component\\Console\\Application->doRun(Object(Symfony\\Component\\Console\\Input\\ArgvInput), Object(Symfony\\Component\\Console\\Output\\ConsoleOutput))
#56 C:\\Users\\Affil\\OneDrive\\Documents\\GitHub\\Pranav-Back-End\\Back-End\\vendor\\laravel\\framework\\src\\Illuminate\\Console\\Application.php(94): Symfony\\Component\\Console\\Application->run(Object(Symfony\\Component\\Console\\Input\\ArgvInput), Object(Symfony\\Component\\Console\\Output\\ConsoleOutput))
#57 C:\\Users\\Affil\\OneDrive\\Documents\\GitHub\\Pranav-Back-End\\Back-End\\vendor\\laravel\\framework\\src\\Illuminate\\Foundation\\Console\\Kernel.php(129): Illuminate\\Console\\Application->run(Object(Symfony\\Component\\Console\\Input\\ArgvInput), Object(Symfony\\Component\\Console\\Output\\ConsoleOutput))
#58 C:\\Users\\Affil\\OneDrive\\Documents\\GitHub\\Pranav-Back-End\\Back-End\\artisan(37): Illuminate\\Foundation\\Console\\Kernel->handle(Object(Symfony\\Component\\Console\\Input\\ArgvInput), Object(Symfony\\Component\\Console\\Output\\ConsoleOutput))
#59 {main}
"} 
[2026-03-27 19:30:01] local.ERROR: There are no commands defined in the "migration" namespace.

Did you mean this?
    migrate {"exception":"[object] (Symfony\\Component\\Console\\Exception\\NamespaceNotFoundException(code: 0): There are no commands defined in the \"migration\" namespace.

Did you mean this?
    migrate at C:\\Users\\Affil\\OneDrive\\Documents\\GitHub\\Pranav-Back-End\\Back-End\\vendor\\symfony\\console\\Application.php:650)
[stacktrace]
#0 C:\\Users\\Affil\\OneDrive\\Documents\\GitHub\\Pranav-Back-End\\Back-End\\vendor\\symfony\\console\\Application.php(701): Symfony\\Component\\Console\\Application->findNamespace('migration')
#1 C:\\Users\\Affil\\OneDrive\\Documents\\GitHub\\Pranav-Back-End\\Back-End\\vendor\\symfony\\console\\Application.php(259): Symfony\\Component\\Console\\Application->find('migration:fresh')
#2 C:\\Users\\Affil\\OneDrive\\Documents\\GitHub\\Pranav-Back-End\\Back-End\\vendor\\symfony\\console\\Application.php(171): Symfony\\Component\\Console\\Application->doRun(Object(Symfony\\Component\\Console\\Input\\ArgvInput), Object(Symfony\\Component\\Console\\Output\\ConsoleOutput))
#3 C:\\Users\\Affil\\OneDrive\\Documents\\GitHub\\Pranav-Back-End\\Back-End\\vendor\\laravel\\framework\\src\\Illuminate\\Console\\Application.php(94): Symfony\\Component\\Console\\Application->run(Object(Symfony\\Component\\Console\\Input\\ArgvInput), Object(Symfony\\Component\\Console\\Output\\ConsoleOutput))
#4 C:\\Users\\Affil\\OneDrive\\Documents\\GitHub\\Pranav-Back-End\\Back-End\\vendor\\laravel\\framework\\src\\Illuminate\\Foundation\\Console\\Kernel.php(129): Illuminate\\Console\\Application->run(Object(Symfony\\Component\\Console\\Input\\ArgvInput), Object(Symfony\\Component\\Console\\Output\\ConsoleOutput))
#5 C:\\Users\\Affil\\OneDrive\\Documents\\GitHub\\Pranav-Back-End\\Back-End\\artisan(37): Illuminate\\Foundation\\Console\\Kernel->handle(Object(Symfony\\Component\\Console\\Input\\ArgvInput), Object(Symfony\\Component\\Console\\Output\\ConsoleOutput))
#6 {main}
"} 
[2026-03-27 19:31:36] local.ERROR: SQLSTATE[42S02]: Base table or view not found: 1146 Table 'movies_db.comedies' doesn't exist (SQL: insert into `comedies` (`movie_title`, `movie_director`, `movie_genre`, `updated_at`, `created_at`) values (itaque voluptatum ratione, Aimee Cummings, Comedy, 2026-03-27 19:31:36, 2026-03-27 19:31:36)) {"exception":"[object] (Illuminate\\Database\\QueryException(code: 42S02): SQLSTATE[42S02]: Base table or view not found: 1146 Table 'movies_db.comedies' doesn't exist (SQL: insert into `comedies` (`movie_title`, `movie_director`, `movie_genre`, `updated_at`, `created_at`) values (itaque voluptatum ratione, Aimee Cummings, Comedy, 2026-03-27 19:31:36, 2026-03-27 19:31:36)) at C:\\Users\\Affil\\OneDrive\\Documents\\GitHub\\Pranav-Back-End\\Back-End\\vendor\\laravel\\framework\\src\\Illuminate\\Database\\Connection.php:712)
[stacktrace]
#0 C:\\Users\\Affil\\OneDrive\\Documents\\GitHub\\Pranav-Back-End\\Back-End\\vendor\\laravel\\framework\\src\\Illuminate\\Database\\Connection.php(672): Illuminate\\Database\\Connection->runQueryCallback('insert into `co...', Array, Object(Closure))
#1 C:\\Users\\Affil\\OneDrive\\Documents\\GitHub\\Pranav-Back-End\\Back-End\\vendor\\laravel\\framework\\src\\Illuminate\\Database\\Connection.php(502): Illuminate\\Database\\Connection->run('insert into `co...', Array, Object(Closure))
#2 C:\\Users\\Affil\\OneDrive\\Documents\\GitHub\\Pranav-Back-End\\Back-End\\vendor\\laravel\\framework\\src\\Illuminate\\Database\\Connection.php(454): Illuminate\\Database\\Connection->statement('insert into `co...', Array)
#3 C:\\Users\\Affil\\OneDrive\\Documents\\GitHub\\Pranav-Back-End\\Back-End\\vendor\\laravel\\framework\\src\\Illuminate\\Database\\Query\\Processors\\Processor.php(32): Illuminate\\Database\\Connection->insert('insert into `co...', Array)
#4 C:\\Users\\Affil\\OneDrive\\Documents\\GitHub\\Pranav-Back-End\\Back-End\\vendor\\laravel\\framework\\src\\Illuminate\\Database\\Query\\Builder.php(3028): Illuminate\\Database\\Query\\Processors\\Processor->processInsertGetId(Object(Illuminate\\Database\\Query\\Builder), 'insert into `co...', Array, 'id')
#5 C:\\Users\\Affil\\OneDrive\\Documents\\GitHub\\Pranav-Back-End\\Back-End\\vendor\\laravel\\framework\\src\\Illuminate\\Database\\Eloquent\\Builder.php(1657): Illuminate\\Database\\Query\\Builder->insertGetId(Array, 'id')
#6 C:\\Users\\Affil\\OneDrive\\Documents\\GitHub\\Pranav-Back-End\\Back-End\\vendor\\laravel\\framework\\src\\Illuminate\\Database\\Eloquent\\Model.php(1188): Illuminate\\Database\\Eloquent\\Builder->__call('insertGetId', Array)
#7 C:\\Users\\Affil\\OneDrive\\Documents\\GitHub\\Pranav-Back-End\\Back-End\\vendor\\laravel\\framework\\src\\Illuminate\\Database\\Eloquent\\Model.php(1153): Illuminate\\Database\\Eloquent\\Model->insertAndSetId(Object(Illuminate\\Database\\Eloquent\\Builder), Array)
#8 C:\\Users\\Affil\\OneDrive\\Documents\\GitHub\\Pranav-Back-End\\Back-End\\vendor\\laravel\\framework\\src\\Illuminate\\Database\\Eloquent\\Model.php(994): Illuminate\\Database\\Eloquent\\Model->performInsert(Object(Illuminate\\Database\\Eloquent\\Builder))
#9 C:\\Users\\Affil\\OneDrive\\Documents\\GitHub\\Pranav-Back-End\\Back-End\\vendor\\laravel\\framework\\src\\Illuminate\\Database\\Eloquent\\Factories\\Factory.php(314): Illuminate\\Database\\Eloquent\\Model->save()
#10 C:\\Users\\Affil\\OneDrive\\Documents\\GitHub\\Pranav-Back-End\\Back-End\\vendor\\laravel\\framework\\src\\Illuminate\\Collections\\Traits\\EnumeratesValues.php(245): Illuminate\\Database\\Eloquent\\Factories\\Factory->Illuminate\\Database\\Eloquent\\Factories\\{closure}(Object(App\\Models\\Comedy), 0)
#11 C:\\Users\\Affil\\OneDrive\\Documents\\GitHub\\Pranav-Back-End\\Back-End\\vendor\\laravel\\framework\\src\\Illuminate\\Database\\Eloquent\\Factories\\Factory.php(317): Illuminate\\Support\\Collection->each(Object(Closure))
#12 C:\\Users\\Affil\\OneDrive\\Documents\\GitHub\\Pranav-Back-End\\Back-End\\vendor\\laravel\\framework\\src\\Illuminate\\Database\\Eloquent\\Factories\\Factory.php(265): Illuminate\\Database\\Eloquent\\Factories\\Factory->store(Object(Illuminate\\Database\\Eloquent\\Collection))
#13 C:\\Users\\Affil\\OneDrive\\Documents\\GitHub\\Pranav-Back-End\\Back-End\\database\\seeders\\ComedySeeder.php(17): Illuminate\\Database\\Eloquent\\Factories\\Factory->create()
#14 C:\\Users\\Affil\\OneDrive\\Documents\\GitHub\\Pranav-Back-End\\Back-End\\vendor\\laravel\\framework\\src\\Illuminate\\Container\\BoundMethod.php(36): Database\\Seeders\\ComedySeeder->run()
#15 C:\\Users\\Affil\\OneDrive\\Documents\\GitHub\\Pranav-Back-End\\Back-End\\vendor\\laravel\\framework\\src\\Illuminate\\Container\\Util.php(40): Illuminate\\Container\\BoundMethod::Illuminate\\Container\\{closure}()
#16 C:\\Users\\Affil\\OneDrive\\Documents\\GitHub\\Pranav-Back-End\\Back-End\\vendor\\laravel\\framework\\src\\Illuminate\\Container\\BoundMethod.php(93): Illuminate\\Container\\Util::unwrapIfClosure(Object(Closure))
#17 C:\\Users\\Affil\\OneDrive\\Documents\\GitHub\\Pranav-Back-End\\Back-End\\vendor\\laravel\\framework\\src\\Illuminate\\Container\\BoundMethod.php(37): Illuminate\\Container\\BoundMethod::callBoundMethod(Object(Illuminate\\Foundation\\Application), Array, Object(Closure))
#18 C:\\Users\\Affil\\OneDrive\\Documents\\GitHub\\Pranav-Back-End\\Back-End\\vendor\\laravel\\framework\\src\\Illuminate\\Container\\Container.php(653): Illuminate\\Container\\BoundMethod::call(Object(Illuminate\\Foundation\\Application), Array, Array, NULL)
#19 C:\\Users\\Affil\\OneDrive\\Documents\\GitHub\\Pranav-Back-End\\Back-End\\vendor\\laravel\\framework\\src\\Illuminate\\Database\\Seeder.php(149): Illuminate\\Container\\Container->call(Array, Array)
#20 C:\\Users\\Affil\\OneDrive\\Documents\\GitHub\\Pranav-Back-End\\Back-End\\vendor\\laravel\\framework\\src\\Illuminate\\Database\\Seeder.php(49): Illuminate\\Database\\Seeder->__invoke(Array)
#21 C:\\Users\\Affil\\OneDrive\\Documents\\GitHub\\Pranav-Back-End\\Back-End\\database\\seeders\\DatabaseSeeder.php(19): Illuminate\\Database\\Seeder->call('Database\\\\Seeder...')
#22 C:\\Users\\Affil\\OneDrive\\Documents\\GitHub\\Pranav-Back-End\\Back-End\\vendor\\laravel\\framework\\src\\Illuminate\\Container\\BoundMethod.php(36): Database\\Seeders\\DatabaseSeeder->run()
#23 C:\\Users\\Affil\\OneDrive\\Documents\\GitHub\\Pranav-Back-End\\Back-End\\vendor\\laravel\\framework\\src\\Illuminate\\Container\\Util.php(40): Illuminate\\Container\\BoundMethod::Illuminate\\Container\\{closure}()
#24 C:\\Users\\Affil\\OneDrive\\Documents\\GitHub\\Pranav-Back-End\\Back-End\\vendor\\laravel\\framework\\src\\Illuminate\\Container\\BoundMethod.php(93): Illuminate\\Container\\Util::unwrapIfClosure(Object(Closure))
#25 C:\\Users\\Affil\\OneDrive\\Documents\\GitHub\\Pranav-Back-End\\Back-End\\vendor\\laravel\\framework\\src\\Illuminate\\Container\\BoundMethod.php(37): Illuminate\\Container\\BoundMethod::callBoundMethod(Object(Illuminate\\Foundation\\Application), Array, Object(Closure))
#26 C:\\Users\\Affil\\OneDrive\\Documents\\GitHub\\Pranav-Back-End\\Back-End\\vendor\\laravel\\framework\\src\\Illuminate\\Container\\Container.php(653): Illuminate\\Container\\BoundMethod::call(Object(Illuminate\\Foundation\\Application), Array, Array, NULL)
#27 C:\\Users\\Affil\\OneDrive\\Documents\\GitHub\\Pranav-Back-End\\Back-End\\vendor\\laravel\\framework\\src\\Illuminate\\Database\\Seeder.php(149): Illuminate\\Container\\Container->call(Array, Array)
#28 C:\\Users\\Affil\\OneDrive\\Documents\\GitHub\\Pranav-Back-End\\Back-End\\vendor\\laravel\\framework\\src\\Illuminate\\Database\\Console\\Seeds\\SeedCommand.php(66): Illuminate\\Database\\Seeder->__invoke()
#29 C:\\Users\\Affil\\OneDrive\\Documents\\GitHub\\Pranav-Back-End\\Back-End\\vendor\\laravel\\framework\\src\\Illuminate\\Database\\Eloquent\\Concerns\\GuardsAttributes.php(157): Illuminate\\Database\\Console\\Seeds\\SeedCommand->Illuminate\\Database\\Console\\Seeds\\{closure}()
#30 C:\\Users\\Affil\\OneDrive\\Documents\\GitHub\\Pranav-Back-End\\Back-End\\vendor\\laravel\\framework\\src\\Illuminate\\Database\\Console\\Seeds\\SeedCommand.php(67): Illuminate\\Database\\Eloquent\\Model::unguarded(Object(Closure))
#31 C:\\Users\\Affil\\OneDrive\\Documents\\GitHub\\Pranav-Back-End\\Back-End\\vendor\\laravel\\framework\\src\\Illuminate\\Container\\BoundMethod.php(36): Illuminate\\Database\\Console\\Seeds\\SeedCommand->handle()
#32 C:\\Users\\Affil\\OneDrive\\Documents\\GitHub\\Pranav-Back-End\\Back-End\\vendor\\laravel\\framework\\src\\Illuminate\\Container\\Util.php(40): Illuminate\\Container\\BoundMethod::Illuminate\\Container\\{closure}()
#33 C:\\Users\\Affil\\OneDrive\\Documents\\GitHub\\Pranav-Back-End\\Back-End\\vendor\\laravel\\framework\\src\\Illuminate\\Container\\BoundMethod.php(93): Illuminate\\Container\\Util::unwrapIfClosure(Object(Closure))
#34 C:\\Users\\Affil\\OneDrive\\Documents\\GitHub\\Pranav-Back-End\\Back-End\\vendor\\laravel\\framework\\src\\Illuminate\\Container\\BoundMethod.php(37): Illuminate\\Container\\BoundMethod::callBoundMethod(Object(Illuminate\\Foundation\\Application), Array, Object(Closure))
#35 C:\\Users\\Affil\\OneDrive\\Documents\\GitHub\\Pranav-Back-End\\Back-End\\vendor\\laravel\\framework\\src\\Illuminate\\Container\\Container.php(653): Illuminate\\Container\\BoundMethod::call(Object(Illuminate\\Foundation\\Application), Array, Array, NULL)
#36 C:\\Users\\Affil\\OneDrive\\Documents\\GitHub\\Pranav-Back-End\\Back-End\\vendor\\laravel\\framework\\src\\Illuminate\\Console\\Command.php(136): Illuminate\\Container\\Container->call(Array)
#37 C:\\Users\\Affil\\OneDrive\\Documents\\GitHub\\Pranav-Back-End\\Back-End\\vendor\\symfony\\console\\Command\\Command.php(298): Illuminate\\Console\\Command->execute(Object(Symfony\\Component\\Console\\Input\\ArrayInput), Object(Illuminate\\Console\\OutputStyle))
#38 C:\\Users\\Affil\\OneDrive\\Documents\\GitHub\\Pranav-Back-End\\Back-End\\vendor\\laravel\\framework\\src\\Illuminate\\Console\\Command.php(121): Symfony\\Component\\Console\\Command\\Command->run(Object(Symfony\\Component\\Console\\Input\\ArrayInput), Object(Illuminate\\Console\\OutputStyle))
#39 C:\\Users\\Affil\\OneDrive\\Documents\\GitHub\\Pranav-Back-End\\Back-End\\vendor\\laravel\\framework\\src\\Illuminate\\Console\\Concerns\\CallsCommands.php(68): Illuminate\\Console\\Command->run(Object(Symfony\\Component\\Console\\Input\\ArrayInput), Object(Illuminate\\Console\\OutputStyle))
#40 C:\\Users\\Affil\\OneDrive\\Documents\\GitHub\\Pranav-Back-End\\Back-End\\vendor\\laravel\\framework\\src\\Illuminate\\Console\\Concerns\\CallsCommands.php(28): Illuminate\\Console\\Command->runCommand('db:seed', Array, Object(Illuminate\\Console\\OutputStyle))
#41 C:\\Users\\Affil\\OneDrive\\Documents\\GitHub\\Pranav-Back-End\\Back-End\\vendor\\laravel\\framework\\src\\Illuminate\\Database\\Console\\Migrations\\FreshCommand.php(90): Illuminate\\Console\\Command->call('db:seed', Array)
#42 C:\\Users\\Affil\\OneDrive\\Documents\\GitHub\\Pranav-Back-End\\Back-End\\vendor\\laravel\\framework\\src\\Illuminate\\Database\\Console\\Migrations\\FreshCommand.php(65): Illuminate\\Database\\Console\\Migrations\\FreshCommand->runSeeder(NULL)
#43 C:\\Users\\Affil\\OneDrive\\Documents\\GitHub\\Pranav-Back-End\\Back-End\\vendor\\laravel\\framework\\src\\Illuminate\\Container\\BoundMethod.php(36): Illuminate\\Database\\Console\\Migrations\\FreshCommand->handle()
#44 C:\\Users\\Affil\\OneDrive\\Documents\\GitHub\\Pranav-Back-End\\Back-End\\vendor\\laravel\\framework\\src\\Illuminate\\Container\\Util.php(40): Illuminate\\Container\\BoundMethod::Illuminate\\Container\\{closure}()
#45 C:\\Users\\Affil\\OneDrive\\Documents\\GitHub\\Pranav-Back-End\\Back-End\\vendor\\laravel\\framework\\src\\Illuminate\\Container\\BoundMethod.php(93): Illuminate\\Container\\Util::unwrapIfClosure(Object(Closure))
#46 C:\\Users\\Affil\\OneDrive\\Documents\\GitHub\\Pranav-Back-End\\Back-End\\vendor\\laravel\\framework\\src\\Illuminate\\Container\\BoundMethod.php(37): Illuminate\\Container\\BoundMethod::callBoundMethod(Object(Illuminate\\Foundation\\Application), Array, Object(Closure))
#47 C:\\Users\\Affil\\OneDrive\\Documents\\GitHub\\Pranav-Back-End\\Back-End\\vendor\\laravel\\framework\\src\\Illuminate\\Container\\Container.php(653): Illuminate\\Container\\BoundMethod::call(Object(Illuminate\\Foundation\\Application), Array, Array, NULL)
#48 C:\\Users\\Affil\\OneDrive\\Documents\\GitHub\\Pranav-Back-End\\Back-End\\vendor\\laravel\\framework\\src\\Illuminate\\Console\\Command.php(136): Illuminate\\Container\\Container->call(Array)
#49 C:\\Users\\Affil\\OneDrive\\Documents\\GitHub\\Pranav-Back-End\\Back-End\\vendor\\symfony\\console\\Command\\Command.php(298): Illuminate\\Console\\Command->execute(Object(Symfony\\Component\\Console\\Input\\ArgvInput), Object(Illuminate\\Console\\OutputStyle))
#50 C:\\Users\\Affil\\OneDrive\\Documents\\GitHub\\Pranav-Back-End\\Back-End\\vendor\\laravel\\framework\\src\\Illuminate\\Console\\Command.php(121): Symfony\\Component\\Console\\Command\\Command->run(Object(Symfony\\Component\\Console\\Input\\ArgvInput), Object(Illuminate\\Console\\OutputStyle))
#51 C:\\Users\\Affil\\OneDrive\\Documents\\GitHub\\Pranav-Back-End\\Back-End\\vendor\\symfony\\console\\Application.php(1040): Illuminate\\Console\\Command->run(Object(Symfony\\Component\\Console\\Input\\ArgvInput), Object(Symfony\\Component\\Console\\Output\\ConsoleOutput))
#52 C:\\Users\\Affil\\OneDrive\\Documents\\GitHub\\Pranav-Back-End\\Back-End\\vendor\\symfony\\console\\Application.php(301): Symfony\\Component\\Console\\Application->doRunCommand(Object(Illuminate\\Database\\Console\\Migrations\\FreshCommand), Object(Symfony\\Component\\Console\\Input\\ArgvInput), Object(Symfony\\Component\\Console\\Output\\ConsoleOutput))
#53 C:\\Users\\Affil\\OneDrive\\Documents\\GitHub\\Pranav-Back-End\\Back-End\\vendor\\symfony\\console\\Application.php(171): Symfony\\Component\\Console\\Application->doRun(Object(Symfony\\Component\\Console\\Input\\ArgvInput), Object(Symfony\\Component\\Console\\Output\\ConsoleOutput))
#54 C:\\Users\\Affil\\OneDrive\\Documents\\GitHub\\Pranav-Back-End\\Back-End\\vendor\\laravel\\framework\\src\\Illuminate\\Console\\Application.php(94): Symfony\\Component\\Console\\Application->run(Object(Symfony\\Component\\Console\\Input\\ArgvInput), Object(Symfony\\Component\\Console\\Output\\ConsoleOutput))
#55 C:\\Users\\Affil\\OneDrive\\Documents\\GitHub\\Pranav-Back-End\\Back-End\\vendor\\laravel\\framework\\src\\Illuminate\\Foundation\\Console\\Kernel.php(129): Illuminate\\Console\\Application->run(Object(Symfony\\Component\\Console\\Input\\ArgvInput), Object(Symfony\\Component\\Console\\Output\\ConsoleOutput))
#56 C:\\Users\\Affil\\OneDrive\\Documents\\GitHub\\Pranav-Back-End\\Back-End\\artisan(37): Illuminate\\Foundation\\Console\\Kernel->handle(Object(Symfony\\Component\\Console\\Input\\ArgvInput), Object(Symfony\\Component\\Console\\Output\\ConsoleOutput))
#57 {main}

[previous exception] [object] (PDOException(code: 42S02): SQLSTATE[42S02]: Base table or view not found: 1146 Table 'movies_db.comedies' doesn't exist at C:\\Users\\Affil\\OneDrive\\Documents\\GitHub\\Pranav-Back-End\\Back-End\\vendor\\laravel\\framework\\src\\Illuminate\\Database\\Connection.php:495)
[stacktrace]
#0 C:\\Users\\Affil\\OneDrive\\Documents\\GitHub\\Pranav-Back-End\\Back-End\\vendor\\laravel\\framework\\src\\Illuminate\\Database\\Connection.php(495): PDO->prepare('insert into `co...')
#1 C:\\Users\\Affil\\OneDrive\\Documents\\GitHub\\Pranav-Back-End\\Back-End\\vendor\\laravel\\framework\\src\\Illuminate\\Database\\Connection.php(705): Illuminate\\Database\\Connection->Illuminate\\Database\\{closure}('insert into `co...', Array)
#2 C:\\Users\\Affil\\OneDrive\\Documents\\GitHub\\Pranav-Back-End\\Back-End\\vendor\\laravel\\framework\\src\\Illuminate\\Database\\Connection.php(672): Illuminate\\Database\\Connection->runQueryCallback('insert into `co...', Array, Object(Closure))
#3 C:\\Users\\Affil\\OneDrive\\Documents\\GitHub\\Pranav-Back-End\\Back-End\\vendor\\laravel\\framework\\src\\Illuminate\\Database\\Connection.php(502): Illuminate\\Database\\Connection->run('insert into `co...', Array, Object(Closure))
#4 C:\\Users\\Affil\\OneDrive\\Documents\\GitHub\\Pranav-Back-End\\Back-End\\vendor\\laravel\\framework\\src\\Illuminate\\Database\\Connection.php(454): Illuminate\\Database\\Connection->statement('insert into `co...', Array)
#5 C:\\Users\\Affil\\OneDrive\\Documents\\GitHub\\Pranav-Back-End\\Back-End\\vendor\\laravel\\framework\\src\\Illuminate\\Database\\Query\\Processors\\Processor.php(32): Illuminate\\Database\\Connection->insert('insert into `co...', Array)
#6 C:\\Users\\Affil\\OneDrive\\Documents\\GitHub\\Pranav-Back-End\\Back-End\\vendor\\laravel\\framework\\src\\Illuminate\\Database\\Query\\Builder.php(3028): Illuminate\\Database\\Query\\Processors\\Processor->processInsertGetId(Object(Illuminate\\Database\\Query\\Builder), 'insert into `co...', Array, 'id')
#7 C:\\Users\\Affil\\OneDrive\\Documents\\GitHub\\Pranav-Back-End\\Back-End\\vendor\\laravel\\framework\\src\\Illuminate\\Database\\Eloquent\\Builder.php(1657): Illuminate\\Database\\Query\\Builder->insertGetId(Array, 'id')
#8 C:\\Users\\Affil\\OneDrive\\Documents\\GitHub\\Pranav-Back-End\\Back-End\\vendor\\laravel\\framework\\src\\Illuminate\\Database\\Eloquent\\Model.php(1188): Illuminate\\Database\\Eloquent\\Builder->__call('insertGetId', Array)
#9 C:\\Users\\Affil\\OneDrive\\Documents\\GitHub\\Pranav-Back-End\\Back-End\\vendor\\laravel\\framework\\src\\Illuminate\\Database\\Eloquent\\Model.php(1153): Illuminate\\Database\\Eloquent\\Model->insertAndSetId(Object(Illuminate\\Database\\Eloquent\\Builder), Array)
#10 C:\\Users\\Affil\\OneDrive\\Documents\\GitHub\\Pranav-Back-End\\Back-End\\vendor\\laravel\\framework\\src\\Illuminate\\Database\\Eloquent\\Model.php(994): Illuminate\\Database\\Eloquent\\Model->performInsert(Object(Illuminate\\Database\\Eloquent\\Builder))
#11 C:\\Users\\Affil\\OneDrive\\Documents\\GitHub\\Pranav-Back-End\\Back-End\\vendor\\laravel\\framework\\src\\Illuminate\\Database\\Eloquent\\Factories\\Factory.php(314): Illuminate\\Database\\Eloquent\\Model->save()
#12 C:\\Users\\Affil\\OneDrive\\Documents\\GitHub\\Pranav-Back-End\\Back-End\\vendor\\laravel\\framework\\src\\Illuminate\\Collections\\Traits\\EnumeratesValues.php(245): Illuminate\\Database\\Eloquent\\Factories\\Factory->Illuminate\\Database\\Eloquent\\Factories\\{closure}(Object(App\\Models\\Comedy), 0)
#13 C:\\Users\\Affil\\OneDrive\\Documents\\GitHub\\Pranav-Back-End\\Back-End\\vendor\\laravel\\framework\\src\\Illuminate\\Database\\Eloquent\\Factories\\Factory.php(317): Illuminate\\Support\\Collection->each(Object(Closure))
#14 C:\\Users\\Affil\\OneDrive\\Documents\\GitHub\\Pranav-Back-End\\Back-End\\vendor\\laravel\\framework\\src\\Illuminate\\Database\\Eloquent\\Factories\\Factory.php(265): Illuminate\\Database\\Eloquent\\Factories\\Factory->store(Object(Illuminate\\Database\\Eloquent\\Collection))
#15 C:\\Users\\Affil\\OneDrive\\Documents\\GitHub\\Pranav-Back-End\\Back-End\\database\\seeders\\ComedySeeder.php(17): Illuminate\\Database\\Eloquent\\Factories\\Factory->create()
#16 C:\\Users\\Affil\\OneDrive\\Documents\\GitHub\\Pranav-Back-End\\Back-End\\vendor\\laravel\\framework\\src\\Illuminate\\Container\\BoundMethod.php(36): Database\\Seeders\\ComedySeeder->run()
#17 C:\\Users\\Affil\\OneDrive\\Documents\\GitHub\\Pranav-Back-End\\Back-End\\vendor\\laravel\\framework\\src\\Illuminate\\Container\\Util.php(40): Illuminate\\Container\\BoundMethod::Illuminate\\Container\\{closure}()
#18 C:\\Users\\Affil\\OneDrive\\Documents\\GitHub\\Pranav-Back-End\\Back-End\\vendor\\laravel\\framework\\src\\Illuminate\\Container\\BoundMethod.php(93): Illuminate\\Container\\Util::unwrapIfClosure(Object(Closure))
#19 C:\\Users\\Affil\\OneDrive\\Documents\\GitHub\\Pranav-Back-End\\Back-End\\vendor\\laravel\\framework\\src\\Illuminate\\Container\\BoundMethod.php(37): Illuminate\\Container\\BoundMethod::callBoundMethod(Object(Illuminate\\Foundation\\Application), Array, Object(Closure))
#20 C:\\Users\\Affil\\OneDrive\\Documents\\GitHub\\Pranav-Back-End\\Back-End\\vendor\\laravel\\framework\\src\\Illuminate\\Container\\Container.php(653): Illuminate\\Container\\BoundMethod::call(Object(Illuminate\\Foundation\\Application), Array, Array, NULL)
#21 C:\\Users\\Affil\\OneDrive\\Documents\\GitHub\\Pranav-Back-End\\Back-End\\vendor\\laravel\\framework\\src\\Illuminate\\Database\\Seeder.php(149): Illuminate\\Container\\Container->call(Array, Array)
#22 C:\\Users\\Affil\\OneDrive\\Documents\\GitHub\\Pranav-Back-End\\Back-End\\vendor\\laravel\\framework\\src\\Illuminate\\Database\\Seeder.php(49): Illuminate\\Database\\Seeder->__invoke(Array)
#23 C:\\Users\\Affil\\OneDrive\\Documents\\GitHub\\Pranav-Back-End\\Back-End\\database\\seeders\\DatabaseSeeder.php(19): Illuminate\\Database\\Seeder->call('Database\\\\Seeder...')
#24 C:\\Users\\Affil\\OneDrive\\Documents\\GitHub\\Pranav-Back-End\\Back-End\\vendor\\laravel\\framework\\src\\Illuminate\\Container\\BoundMethod.php(36): Database\\Seeders\\DatabaseSeeder->run()
#25 C:\\Users\\Affil\\OneDrive\\Documents\\GitHub\\Pranav-Back-End\\Back-End\\vendor\\laravel\\framework\\src\\Illuminate\\Container\\Util.php(40): Illuminate\\Container\\BoundMethod::Illuminate\\Container\\{closure}()
#26 C:\\Users\\Affil\\OneDrive\\Documents\\GitHub\\Pranav-Back-End\\Back-End\\vendor\\laravel\\framework\\src\\Illuminate\\Container\\BoundMethod.php(93): Illuminate\\Container\\Util::unwrapIfClosure(Object(Closure))
#27 C:\\Users\\Affil\\OneDrive\\Documents\\GitHub\\Pranav-Back-End\\Back-End\\vendor\\laravel\\framework\\src\\Illuminate\\Container\\BoundMethod.php(37): Illuminate\\Container\\BoundMethod::callBoundMethod(Object(Illuminate\\Foundation\\Application), Array, Object(Closure))
#28 C:\\Users\\Affil\\OneDrive\\Documents\\GitHub\\Pranav-Back-End\\Back-End\\vendor\\laravel\\framework\\src\\Illuminate\\Container\\Container.php(653): Illuminate\\Container\\BoundMethod::call(Object(Illuminate\\Foundation\\Application), Array, Array, NULL)
#29 C:\\Users\\Affil\\OneDrive\\Documents\\GitHub\\Pranav-Back-End\\Back-End\\vendor\\laravel\\framework\\src\\Illuminate\\Database\\Seeder.php(149): Illuminate\\Container\\Container->call(Array, Array)
#30 C:\\Users\\Affil\\OneDrive\\Documents\\GitHub\\Pranav-Back-End\\Back-End\\vendor\\laravel\\framework\\src\\Illuminate\\Database\\Console\\Seeds\\SeedCommand.php(66): Illuminate\\Database\\Seeder->__invoke()
#31 C:\\Users\\Affil\\OneDrive\\Documents\\GitHub\\Pranav-Back-End\\Back-End\\vendor\\laravel\\framework\\src\\Illuminate\\Database\\Eloquent\\Concerns\\GuardsAttributes.php(157): Illuminate\\Database\\Console\\Seeds\\SeedCommand->Illuminate\\Database\\Console\\Seeds\\{closure}()
#32 C:\\Users\\Affil\\OneDrive\\Documents\\GitHub\\Pranav-Back-End\\Back-End\\vendor\\laravel\\framework\\src\\Illuminate\\Database\\Console\\Seeds\\SeedCommand.php(67): Illuminate\\Database\\Eloquent\\Model::unguarded(Object(Closure))
#33 C:\\Users\\Affil\\OneDrive\\Documents\\GitHub\\Pranav-Back-End\\Back-End\\vendor\\laravel\\framework\\src\\Illuminate\\Container\\BoundMethod.php(36): Illuminate\\Database\\Console\\Seeds\\SeedCommand->handle()
#34 C:\\Users\\Affil\\OneDrive\\Documents\\GitHub\\Pranav-Back-End\\Back-End\\vendor\\laravel\\framework\\src\\Illuminate\\Container\\Util.php(40): Illuminate\\Container\\BoundMethod::Illuminate\\Container\\{closure}()
#35 C:\\Users\\Affil\\OneDrive\\Documents\\GitHub\\Pranav-Back-End\\Back-End\\vendor\\laravel\\framework\\src\\Illuminate\\Container\\BoundMethod.php(93): Illuminate\\Container\\Util::unwrapIfClosure(Object(Closure))
#36 C:\\Users\\Affil\\OneDrive\\Documents\\GitHub\\Pranav-Back-End\\Back-End\\vendor\\laravel\\framework\\src\\Illuminate\\Container\\BoundMethod.php(37): Illuminate\\Container\\BoundMethod::callBoundMethod(Object(Illuminate\\Foundation\\Application), Array, Object(Closure))
#37 C:\\Users\\Affil\\OneDrive\\Documents\\GitHub\\Pranav-Back-End\\Back-End\\vendor\\laravel\\framework\\src\\Illuminate\\Container\\Container.php(653): Illuminate\\Container\\BoundMethod::call(Object(Illuminate\\Foundation\\Application), Array, Array, NULL)
#38 C:\\Users\\Affil\\OneDrive\\Documents\\GitHub\\Pranav-Back-End\\Back-End\\vendor\\laravel\\framework\\src\\Illuminate\\Console\\Command.php(136): Illuminate\\Container\\Container->call(Array)
#39 C:\\Users\\Affil\\OneDrive\\Documents\\GitHub\\Pranav-Back-End\\Back-End\\vendor\\symfony\\console\\Command\\Command.php(298): Illuminate\\Console\\Command->execute(Object(Symfony\\Component\\Console\\Input\\ArrayInput), Object(Illuminate\\Console\\OutputStyle))
#40 C:\\Users\\Affil\\OneDrive\\Documents\\GitHub\\Pranav-Back-End\\Back-End\\vendor\\laravel\\framework\\src\\Illuminate\\Console\\Command.php(121): Symfony\\Component\\Console\\Command\\Command->run(Object(Symfony\\Component\\Console\\Input\\ArrayInput), Object(Illuminate\\Console\\OutputStyle))
#41 C:\\Users\\Affil\\OneDrive\\Documents\\GitHub\\Pranav-Back-End\\Back-End\\vendor\\laravel\\framework\\src\\Illuminate\\Console\\Concerns\\CallsCommands.php(68): Illuminate\\Console\\Command->run(Object(Symfony\\Component\\Console\\Input\\ArrayInput), Object(Illuminate\\Console\\OutputStyle))
#42 C:\\Users\\Affil\\OneDrive\\Documents\\GitHub\\Pranav-Back-End\\Back-End\\vendor\\laravel\\framework\\src\\Illuminate\\Console\\Concerns\\CallsCommands.php(28): Illuminate\\Console\\Command->runCommand('db:seed', Array, Object(Illuminate\\Console\\OutputStyle))
#43 C:\\Users\\Affil\\OneDrive\\Documents\\GitHub\\Pranav-Back-End\\Back-End\\vendor\\laravel\\framework\\src\\Illuminate\\Database\\Console\\Migrations\\FreshCommand.php(90): Illuminate\\Console\\Command->call('db:seed', Array)
#44 C:\\Users\\Affil\\OneDrive\\Documents\\GitHub\\Pranav-Back-End\\Back-End\\vendor\\laravel\\framework\\src\\Illuminate\\Database\\Console\\Migrations\\FreshCommand.php(65): Illuminate\\Database\\Console\\Migrations\\FreshCommand->runSeeder(NULL)
#45 C:\\Users\\Affil\\OneDrive\\Documents\\GitHub\\Pranav-Back-End\\Back-End\\vendor\\laravel\\framework\\src\\Illuminate\\Container\\BoundMethod.php(36): Illuminate\\Database\\Console\\Migrations\\FreshCommand->handle()
#46 C:\\Users\\Affil\\OneDrive\\Documents\\GitHub\\Pranav-Back-End\\Back-End\\vendor\\laravel\\framework\\src\\Illuminate\\Container\\Util.php(40): Illuminate\\Container\\BoundMethod::Illuminate\\Container\\{closure}()
#47 C:\\Users\\Affil\\OneDrive\\Documents\\GitHub\\Pranav-Back-End\\Back-End\\vendor\\laravel\\framework\\src\\Illuminate\\Container\\BoundMethod.php(93): Illuminate\\Container\\Util::unwrapIfClosure(Object(Closure))
#48 C:\\Users\\Affil\\OneDrive\\Documents\\GitHub\\Pranav-Back-End\\Back-End\\vendor\\laravel\\framework\\src\\Illuminate\\Container\\BoundMethod.php(37): Illuminate\\Container\\BoundMethod::callBoundMethod(Object(Illuminate\\Foundation\\Application), Array, Object(Closure))
#49 C:\\Users\\Affil\\OneDrive\\Documents\\GitHub\\Pranav-Back-End\\Back-End\\vendor\\laravel\\framework\\src\\Illuminate\\Container\\Container.php(653): Illuminate\\Container\\BoundMethod::call(Object(Illuminate\\Foundation\\Application), Array, Array, NULL)
#50 C:\\Users\\Affil\\OneDrive\\Documents\\GitHub\\Pranav-Back-End\\Back-End\\vendor\\laravel\\framework\\src\\Illuminate\\Console\\Command.php(136): Illuminate\\Container\\Container->call(Array)
#51 C:\\Users\\Affil\\OneDrive\\Documents\\GitHub\\Pranav-Back-End\\Back-End\\vendor\\symfony\\console\\Command\\Command.php(298): Illuminate\\Console\\Command->execute(Object(Symfony\\Component\\Console\\Input\\ArgvInput), Object(Illuminate\\Console\\OutputStyle))
#52 C:\\Users\\Affil\\OneDrive\\Documents\\GitHub\\Pranav-Back-End\\Back-End\\vendor\\laravel\\framework\\src\\Illuminate\\Console\\Command.php(121): Symfony\\Component\\Console\\Command\\Command->run(Object(Symfony\\Component\\Console\\Input\\ArgvInput), Object(Illuminate\\Console\\OutputStyle))
#53 C:\\Users\\Affil\\OneDrive\\Documents\\GitHub\\Pranav-Back-End\\Back-End\\vendor\\symfony\\console\\Application.php(1040): Illuminate\\Console\\Command->run(Object(Symfony\\Component\\Console\\Input\\ArgvInput), Object(Symfony\\Component\\Console\\Output\\ConsoleOutput))
#54 C:\\Users\\Affil\\OneDrive\\Documents\\GitHub\\Pranav-Back-End\\Back-End\\vendor\\symfony\\console\\Application.php(301): Symfony\\Component\\Console\\Application->doRunCommand(Object(Illuminate\\Database\\Console\\Migrations\\FreshCommand), Object(Symfony\\Component\\Console\\Input\\ArgvInput), Object(Symfony\\Component\\Console\\Output\\ConsoleOutput))
#55 C:\\Users\\Affil\\OneDrive\\Documents\\GitHub\\Pranav-Back-End\\Back-End\\vendor\\symfony\\console\\Application.php(171): Symfony\\Component\\Console\\Application->doRun(Object(Symfony\\Component\\Console\\Input\\ArgvInput), Object(Symfony\\Component\\Console\\Output\\ConsoleOutput))
#56 C:\\Users\\Affil\\OneDrive\\Documents\\GitHub\\Pranav-Back-End\\Back-End\\vendor\\laravel\\framework\\src\\Illuminate\\Console\\Application.php(94): Symfony\\Component\\Console\\Application->run(Object(Symfony\\Component\\Console\\Input\\ArgvInput), Object(Symfony\\Component\\Console\\Output\\ConsoleOutput))
#57 C:\\Users\\Affil\\OneDrive\\Documents\\GitHub\\Pranav-Back-End\\Back-End\\vendor\\laravel\\framework\\src\\Illuminate\\Foundation\\Console\\Kernel.php(129): Illuminate\\Console\\Application->run(Object(Symfony\\Component\\Console\\Input\\ArgvInput), Object(Symfony\\Component\\Console\\Output\\ConsoleOutput))
#58 C:\\Users\\Affil\\OneDrive\\Documents\\GitHub\\Pranav-Back-End\\Back-End\\artisan(37): Illuminate\\Foundation\\Console\\Kernel->handle(Object(Symfony\\Component\\Console\\Input\\ArgvInput), Object(Symfony\\Component\\Console\\Output\\ConsoleOutput))
#59 {main}
"} 
[2026-04-01 20:36:56] local.ERROR: Undefined variable: tabel {"exception":"[object] (ErrorException(code: 0): Undefined variable: tabel at C:\\Users\\jpran\\OneDrive\\Desktop\\WK_PP_frontend\\Back-End\\database\\migrations\\2026_03_27_192329_create_horros_table.php:18)
[stacktrace]
#0 C:\\Users\\jpran\\OneDrive\\Desktop\\WK_PP_frontend\\Back-End\\database\\migrations\\2026_03_27_192329_create_horros_table.php(18): Illuminate\\Foundation\\Bootstrap\\HandleExceptions->handleError(8, 'Undefined varia...', 'C:\\\\Users\\\\jpran\\\\...', 18, Array)
#1 C:\\Users\\jpran\\OneDrive\\Desktop\\WK_PP_frontend\\Back-End\\vendor\\laravel\\framework\\src\\Illuminate\\Database\\Schema\\Builder.php(226): CreateHorrosTable->{closure}(Object(Illuminate\\Database\\Schema\\Blueprint))
#2 C:\\Users\\jpran\\OneDrive\\Desktop\\WK_PP_frontend\\Back-End\\vendor\\laravel\\framework\\src\\Illuminate\\Support\\helpers.php(276): Illuminate\\Database\\Schema\\Builder->Illuminate\\Database\\Schema\\{closure}(Object(Illuminate\\Database\\Schema\\Blueprint))
#3 C:\\Users\\jpran\\OneDrive\\Desktop\\WK_PP_frontend\\Back-End\\vendor\\laravel\\framework\\src\\Illuminate\\Database\\Schema\\Builder.php(227): tap(Object(Illuminate\\Database\\Schema\\Blueprint), Object(Closure))
#4 C:\\Users\\jpran\\OneDrive\\Desktop\\WK_PP_frontend\\Back-End\\vendor\\laravel\\framework\\src\\Illuminate\\Support\\Facades\\Facade.php(261): Illuminate\\Database\\Schema\\Builder->create('horrors', Object(Closure))
#5 C:\\Users\\jpran\\OneDrive\\Desktop\\WK_PP_frontend\\Back-End\\database\\migrations\\2026_03_27_192329_create_horros_table.php(23): Illuminate\\Support\\Facades\\Facade::__callStatic('create', Array)
#6 C:\\Users\\jpran\\OneDrive\\Desktop\\WK_PP_frontend\\Back-End\\vendor\\laravel\\framework\\src\\Illuminate\\Database\\Migrations\\Migrator.php(472): CreateHorrosTable->up()
#7 C:\\Users\\jpran\\OneDrive\\Desktop\\WK_PP_frontend\\Back-End\\vendor\\laravel\\framework\\src\\Illuminate\\Database\\Migrations\\Migrator.php(394): Illuminate\\Database\\Migrations\\Migrator->runMethod(Object(Illuminate\\Database\\MySqlConnection), Object(CreateHorrosTable), 'up')
#8 C:\\Users\\jpran\\OneDrive\\Desktop\\WK_PP_frontend\\Back-End\\vendor\\laravel\\framework\\src\\Illuminate\\Database\\Migrations\\Migrator.php(403): Illuminate\\Database\\Migrations\\Migrator->Illuminate\\Database\\Migrations\\{closure}()
#9 C:\\Users\\jpran\\OneDrive\\Desktop\\WK_PP_frontend\\Back-End\\vendor\\laravel\\framework\\src\\Illuminate\\Database\\Migrations\\Migrator.php(202): Illuminate\\Database\\Migrations\\Migrator->runMigration(Object(CreateHorrosTable), 'up')
#10 C:\\Users\\jpran\\OneDrive\\Desktop\\WK_PP_frontend\\Back-End\\vendor\\laravel\\framework\\src\\Illuminate\\Database\\Migrations\\Migrator.php(167): Illuminate\\Database\\Migrations\\Migrator->runUp('C:\\\\Users\\\\jpran\\\\...', 1, false)
#11 C:\\Users\\jpran\\OneDrive\\Desktop\\WK_PP_frontend\\Back-End\\vendor\\laravel\\framework\\src\\Illuminate\\Database\\Migrations\\Migrator.php(112): Illuminate\\Database\\Migrations\\Migrator->runPending(Array, Array)
#12 C:\\Users\\jpran\\OneDrive\\Desktop\\WK_PP_frontend\\Back-End\\vendor\\laravel\\framework\\src\\Illuminate\\Database\\Console\\Migrations\\MigrateCommand.php(86): Illuminate\\Database\\Migrations\\Migrator->run(Array, Array)
#13 C:\\Users\\jpran\\OneDrive\\Desktop\\WK_PP_frontend\\Back-End\\vendor\\laravel\\framework\\src\\Illuminate\\Database\\Migrations\\Migrator.php(606): Illuminate\\Database\\Console\\Migrations\\MigrateCommand->Illuminate\\Database\\Console\\Migrations\\{closure}()
#14 C:\\Users\\jpran\\OneDrive\\Desktop\\WK_PP_frontend\\Back-End\\vendor\\laravel\\framework\\src\\Illuminate\\Database\\Console\\Migrations\\MigrateCommand.php(98): Illuminate\\Database\\Migrations\\Migrator->usingConnection(NULL, Object(Closure))
#15 C:\\Users\\jpran\\OneDrive\\Desktop\\WK_PP_frontend\\Back-End\\vendor\\laravel\\framework\\src\\Illuminate\\Container\\BoundMethod.php(36): Illuminate\\Database\\Console\\Migrations\\MigrateCommand->handle()
#16 C:\\Users\\jpran\\OneDrive\\Desktop\\WK_PP_frontend\\Back-End\\vendor\\laravel\\framework\\src\\Illuminate\\Container\\Util.php(40): Illuminate\\Container\\BoundMethod::Illuminate\\Container\\{closure}()
#17 C:\\Users\\jpran\\OneDrive\\Desktop\\WK_PP_frontend\\Back-End\\vendor\\laravel\\framework\\src\\Illuminate\\Container\\BoundMethod.php(93): Illuminate\\Container\\Util::unwrapIfClosure(Object(Closure))
#18 C:\\Users\\jpran\\OneDrive\\Desktop\\WK_PP_frontend\\Back-End\\vendor\\laravel\\framework\\src\\Illuminate\\Container\\BoundMethod.php(37): Illuminate\\Container\\BoundMethod::callBoundMethod(Object(Illuminate\\Foundation\\Application), Array, Object(Closure))
#19 C:\\Users\\jpran\\OneDrive\\Desktop\\WK_PP_frontend\\Back-End\\vendor\\laravel\\framework\\src\\Illuminate\\Container\\Container.php(653): Illuminate\\Container\\BoundMethod::call(Object(Illuminate\\Foundation\\Application), Array, Array, NULL)
#20 C:\\Users\\jpran\\OneDrive\\Desktop\\WK_PP_frontend\\Back-End\\vendor\\laravel\\framework\\src\\Illuminate\\Console\\Command.php(136): Illuminate\\Container\\Container->call(Array)
#21 C:\\Users\\jpran\\OneDrive\\Desktop\\WK_PP_frontend\\Back-End\\vendor\\symfony\\console\\Command\\Command.php(298): Illuminate\\Console\\Command->execute(Object(Symfony\\Component\\Console\\Input\\ArrayInput), Object(Illuminate\\Console\\OutputStyle))
#22 C:\\Users\\jpran\\OneDrive\\Desktop\\WK_PP_frontend\\Back-End\\vendor\\laravel\\framework\\src\\Illuminate\\Console\\Command.php(121): Symfony\\Component\\Console\\Command\\Command->run(Object(Symfony\\Component\\Console\\Input\\ArrayInput), Object(Illuminate\\Console\\OutputStyle))
#23 C:\\Users\\jpran\\OneDrive\\Desktop\\WK_PP_frontend\\Back-End\\vendor\\laravel\\framework\\src\\Illuminate\\Console\\Concerns\\CallsCommands.php(68): Illuminate\\Console\\Command->run(Object(Symfony\\Component\\Console\\Input\\ArrayInput), Object(Illuminate\\Console\\OutputStyle))
#24 C:\\Users\\jpran\\OneDrive\\Desktop\\WK_PP_frontend\\Back-End\\vendor\\laravel\\framework\\src\\Illuminate\\Console\\Concerns\\CallsCommands.php(28): Illuminate\\Console\\Command->runCommand('migrate', Array, Object(Illuminate\\Console\\OutputStyle))
#25 C:\\Users\\jpran\\OneDrive\\Desktop\\WK_PP_frontend\\Back-End\\vendor\\laravel\\framework\\src\\Illuminate\\Database\\Console\\Migrations\\FreshCommand.php(55): Illuminate\\Console\\Command->call('migrate', Array)
#26 C:\\Users\\jpran\\OneDrive\\Desktop\\WK_PP_frontend\\Back-End\\vendor\\laravel\\framework\\src\\Illuminate\\Container\\BoundMethod.php(36): Illuminate\\Database\\Console\\Migrations\\FreshCommand->handle()
#27 C:\\Users\\jpran\\OneDrive\\Desktop\\WK_PP_frontend\\Back-End\\vendor\\laravel\\framework\\src\\Illuminate\\Container\\Util.php(40): Illuminate\\Container\\BoundMethod::Illuminate\\Container\\{closure}()
#28 C:\\Users\\jpran\\OneDrive\\Desktop\\WK_PP_frontend\\Back-End\\vendor\\laravel\\framework\\src\\Illuminate\\Container\\BoundMethod.php(93): Illuminate\\Container\\Util::unwrapIfClosure(Object(Closure))
#29 C:\\Users\\jpran\\OneDrive\\Desktop\\WK_PP_frontend\\Back-End\\vendor\\laravel\\framework\\src\\Illuminate\\Container\\BoundMethod.php(37): Illuminate\\Container\\BoundMethod::callBoundMethod(Object(Illuminate\\Foundation\\Application), Array, Object(Closure))
#30 C:\\Users\\jpran\\OneDrive\\Desktop\\WK_PP_frontend\\Back-End\\vendor\\laravel\\framework\\src\\Illuminate\\Container\\Container.php(653): Illuminate\\Container\\BoundMethod::call(Object(Illuminate\\Foundation\\Application), Array, Array, NULL)
#31 C:\\Users\\jpran\\OneDrive\\Desktop\\WK_PP_frontend\\Back-End\\vendor\\laravel\\framework\\src\\Illuminate\\Console\\Command.php(136): Illuminate\\Container\\Container->call(Array)
#32 C:\\Users\\jpran\\OneDrive\\Desktop\\WK_PP_frontend\\Back-End\\vendor\\symfony\\console\\Command\\Command.php(298): Illuminate\\Console\\Command->execute(Object(Symfony\\Component\\Console\\Input\\ArgvInput), Object(Illuminate\\Console\\OutputStyle))
#33 C:\\Users\\jpran\\OneDrive\\Desktop\\WK_PP_frontend\\Back-End\\vendor\\laravel\\framework\\src\\Illuminate\\Console\\Command.php(121): Symfony\\Component\\Console\\Command\\Command->run(Object(Symfony\\Component\\Console\\Input\\ArgvInput), Object(Illuminate\\Console\\OutputStyle))
#34 C:\\Users\\jpran\\OneDrive\\Desktop\\WK_PP_frontend\\Back-End\\vendor\\symfony\\console\\Application.php(1040): Illuminate\\Console\\Command->run(Object(Symfony\\Component\\Console\\Input\\ArgvInput), Object(Symfony\\Component\\Console\\Output\\ConsoleOutput))
#35 C:\\Users\\jpran\\OneDrive\\Desktop\\WK_PP_frontend\\Back-End\\vendor\\symfony\\console\\Application.php(301): Symfony\\Component\\Console\\Application->doRunCommand(Object(Illuminate\\Database\\Console\\Migrations\\FreshCommand), Object(Symfony\\Component\\Console\\Input\\ArgvInput), Object(Symfony\\Component\\Console\\Output\\ConsoleOutput))
#36 C:\\Users\\jpran\\OneDrive\\Desktop\\WK_PP_frontend\\Back-End\\vendor\\symfony\\console\\Application.php(171): Symfony\\Component\\Console\\Application->doRun(Object(Symfony\\Component\\Console\\Input\\ArgvInput), Object(Symfony\\Component\\Console\\Output\\ConsoleOutput))
#37 C:\\Users\\jpran\\OneDrive\\Desktop\\WK_PP_frontend\\Back-End\\vendor\\laravel\\framework\\src\\Illuminate\\Console\\Application.php(94): Symfony\\Component\\Console\\Application->run(Object(Symfony\\Component\\Console\\Input\\ArgvInput), Object(Symfony\\Component\\Console\\Output\\ConsoleOutput))
#38 C:\\Users\\jpran\\OneDrive\\Desktop\\WK_PP_frontend\\Back-End\\vendor\\laravel\\framework\\src\\Illuminate\\Foundation\\Console\\Kernel.php(129): Illuminate\\Console\\Application->run(Object(Symfony\\Component\\Console\\Input\\ArgvInput), Object(Symfony\\Component\\Console\\Output\\ConsoleOutput))
#39 C:\\Users\\jpran\\OneDrive\\Desktop\\WK_PP_frontend\\Back-End\\artisan(37): Illuminate\\Foundation\\Console\\Kernel->handle(Object(Symfony\\Component\\Console\\Input\\ArgvInput), Object(Symfony\\Component\\Console\\Output\\ConsoleOutput))
#40 {main}
"} 
[2026-04-01 20:38:50] local.ERROR: SQLSTATE[42S22]: Column not found: 1054 Unknown column 'movie_image' in 'field list' (SQL: insert into `horrors` (`movie_title`, `movie_image`, `movie_director`, `movie_genre`, `updated_at`, `created_at`) values (non reiciendis ex, , Dorian McGlynn, Horror, 2026-04-01 20:38:50, 2026-04-01 20:38:50)) {"exception":"[object] (Illuminate\\Database\\QueryException(code: 42S22): SQLSTATE[42S22]: Column not found: 1054 Unknown column 'movie_image' in 'field list' (SQL: insert into `horrors` (`movie_title`, `movie_image`, `movie_director`, `movie_genre`, `updated_at`, `created_at`) values (non reiciendis ex, , Dorian McGlynn, Horror, 2026-04-01 20:38:50, 2026-04-01 20:38:50)) at C:\\Users\\jpran\\OneDrive\\Desktop\\WK_PP_frontend\\Back-End\\vendor\\laravel\\framework\\src\\Illuminate\\Database\\Connection.php:712)
[stacktrace]
#0 C:\\Users\\jpran\\OneDrive\\Desktop\\WK_PP_frontend\\Back-End\\vendor\\laravel\\framework\\src\\Illuminate\\Database\\Connection.php(672): Illuminate\\Database\\Connection->runQueryCallback('insert into `ho...', Array, Object(Closure))
#1 C:\\Users\\jpran\\OneDrive\\Desktop\\WK_PP_frontend\\Back-End\\vendor\\laravel\\framework\\src\\Illuminate\\Database\\Connection.php(502): Illuminate\\Database\\Connection->run('insert into `ho...', Array, Object(Closure))
#2 C:\\Users\\jpran\\OneDrive\\Desktop\\WK_PP_frontend\\Back-End\\vendor\\laravel\\framework\\src\\Illuminate\\Database\\Connection.php(454): Illuminate\\Database\\Connection->statement('insert into `ho...', Array)
#3 C:\\Users\\jpran\\OneDrive\\Desktop\\WK_PP_frontend\\Back-End\\vendor\\laravel\\framework\\src\\Illuminate\\Database\\Query\\Processors\\Processor.php(32): Illuminate\\Database\\Connection->insert('insert into `ho...', Array)
#4 C:\\Users\\jpran\\OneDrive\\Desktop\\WK_PP_frontend\\Back-End\\vendor\\laravel\\framework\\src\\Illuminate\\Database\\Query\\Builder.php(3028): Illuminate\\Database\\Query\\Processors\\Processor->processInsertGetId(Object(Illuminate\\Database\\Query\\Builder), 'insert into `ho...', Array, 'id')
#5 C:\\Users\\jpran\\OneDrive\\Desktop\\WK_PP_frontend\\Back-End\\vendor\\laravel\\framework\\src\\Illuminate\\Database\\Eloquent\\Builder.php(1657): Illuminate\\Database\\Query\\Builder->insertGetId(Array, 'id')
#6 C:\\Users\\jpran\\OneDrive\\Desktop\\WK_PP_frontend\\Back-End\\vendor\\laravel\\framework\\src\\Illuminate\\Database\\Eloquent\\Model.php(1188): Illuminate\\Database\\Eloquent\\Builder->__call('insertGetId', Array)
#7 C:\\Users\\jpran\\OneDrive\\Desktop\\WK_PP_frontend\\Back-End\\vendor\\laravel\\framework\\src\\Illuminate\\Database\\Eloquent\\Model.php(1153): Illuminate\\Database\\Eloquent\\Model->insertAndSetId(Object(Illuminate\\Database\\Eloquent\\Builder), Array)
#8 C:\\Users\\jpran\\OneDrive\\Desktop\\WK_PP_frontend\\Back-End\\vendor\\laravel\\framework\\src\\Illuminate\\Database\\Eloquent\\Model.php(994): Illuminate\\Database\\Eloquent\\Model->performInsert(Object(Illuminate\\Database\\Eloquent\\Builder))
#9 C:\\Users\\jpran\\OneDrive\\Desktop\\WK_PP_frontend\\Back-End\\vendor\\laravel\\framework\\src\\Illuminate\\Database\\Eloquent\\Factories\\Factory.php(314): Illuminate\\Database\\Eloquent\\Model->save()
#10 C:\\Users\\jpran\\OneDrive\\Desktop\\WK_PP_frontend\\Back-End\\vendor\\laravel\\framework\\src\\Illuminate\\Collections\\Traits\\EnumeratesValues.php(245): Illuminate\\Database\\Eloquent\\Factories\\Factory->Illuminate\\Database\\Eloquent\\Factories\\{closure}(Object(App\\Models\\Horror), 0)
#11 C:\\Users\\jpran\\OneDrive\\Desktop\\WK_PP_frontend\\Back-End\\vendor\\laravel\\framework\\src\\Illuminate\\Database\\Eloquent\\Factories\\Factory.php(317): Illuminate\\Support\\Collection->each(Object(Closure))
#12 C:\\Users\\jpran\\OneDrive\\Desktop\\WK_PP_frontend\\Back-End\\vendor\\laravel\\framework\\src\\Illuminate\\Database\\Eloquent\\Factories\\Factory.php(265): Illuminate\\Database\\Eloquent\\Factories\\Factory->store(Object(Illuminate\\Database\\Eloquent\\Collection))
#13 C:\\Users\\jpran\\OneDrive\\Desktop\\WK_PP_frontend\\Back-End\\database\\seeders\\HorrorSeeder.php(17): Illuminate\\Database\\Eloquent\\Factories\\Factory->create()
#14 C:\\Users\\jpran\\OneDrive\\Desktop\\WK_PP_frontend\\Back-End\\vendor\\laravel\\framework\\src\\Illuminate\\Container\\BoundMethod.php(36): Database\\Seeders\\HorrorSeeder->run()
#15 C:\\Users\\jpran\\OneDrive\\Desktop\\WK_PP_frontend\\Back-End\\vendor\\laravel\\framework\\src\\Illuminate\\Container\\Util.php(40): Illuminate\\Container\\BoundMethod::Illuminate\\Container\\{closure}()
#16 C:\\Users\\jpran\\OneDrive\\Desktop\\WK_PP_frontend\\Back-End\\vendor\\laravel\\framework\\src\\Illuminate\\Container\\BoundMethod.php(93): Illuminate\\Container\\Util::unwrapIfClosure(Object(Closure))
#17 C:\\Users\\jpran\\OneDrive\\Desktop\\WK_PP_frontend\\Back-End\\vendor\\laravel\\framework\\src\\Illuminate\\Container\\BoundMethod.php(37): Illuminate\\Container\\BoundMethod::callBoundMethod(Object(Illuminate\\Foundation\\Application), Array, Object(Closure))
#18 C:\\Users\\jpran\\OneDrive\\Desktop\\WK_PP_frontend\\Back-End\\vendor\\laravel\\framework\\src\\Illuminate\\Container\\Container.php(653): Illuminate\\Container\\BoundMethod::call(Object(Illuminate\\Foundation\\Application), Array, Array, NULL)
#19 C:\\Users\\jpran\\OneDrive\\Desktop\\WK_PP_frontend\\Back-End\\vendor\\laravel\\framework\\src\\Illuminate\\Database\\Seeder.php(149): Illuminate\\Container\\Container->call(Array, Array)
#20 C:\\Users\\jpran\\OneDrive\\Desktop\\WK_PP_frontend\\Back-End\\vendor\\laravel\\framework\\src\\Illuminate\\Database\\Seeder.php(49): Illuminate\\Database\\Seeder->__invoke(Array)
#21 C:\\Users\\jpran\\OneDrive\\Desktop\\WK_PP_frontend\\Back-End\\database\\seeders\\DatabaseSeeder.php(19): Illuminate\\Database\\Seeder->call('Database\\\\Seeder...')
#22 C:\\Users\\jpran\\OneDrive\\Desktop\\WK_PP_frontend\\Back-End\\vendor\\laravel\\framework\\src\\Illuminate\\Container\\BoundMethod.php(36): Database\\Seeders\\DatabaseSeeder->run()
#23 C:\\Users\\jpran\\OneDrive\\Desktop\\WK_PP_frontend\\Back-End\\vendor\\laravel\\framework\\src\\Illuminate\\Container\\Util.php(40): Illuminate\\Container\\BoundMethod::Illuminate\\Container\\{closure}()
#24 C:\\Users\\jpran\\OneDrive\\Desktop\\WK_PP_frontend\\Back-End\\vendor\\laravel\\framework\\src\\Illuminate\\Container\\BoundMethod.php(93): Illuminate\\Container\\Util::unwrapIfClosure(Object(Closure))
#25 C:\\Users\\jpran\\OneDrive\\Desktop\\WK_PP_frontend\\Back-End\\vendor\\laravel\\framework\\src\\Illuminate\\Container\\BoundMethod.php(37): Illuminate\\Container\\BoundMethod::callBoundMethod(Object(Illuminate\\Foundation\\Application), Array, Object(Closure))
#26 C:\\Users\\jpran\\OneDrive\\Desktop\\WK_PP_frontend\\Back-End\\vendor\\laravel\\framework\\src\\Illuminate\\Container\\Container.php(653): Illuminate\\Container\\BoundMethod::call(Object(Illuminate\\Foundation\\Application), Array, Array, NULL)
#27 C:\\Users\\jpran\\OneDrive\\Desktop\\WK_PP_frontend\\Back-End\\vendor\\laravel\\framework\\src\\Illuminate\\Database\\Seeder.php(149): Illuminate\\Container\\Container->call(Array, Array)
#28 C:\\Users\\jpran\\OneDrive\\Desktop\\WK_PP_frontend\\Back-End\\vendor\\laravel\\framework\\src\\Illuminate\\Database\\Console\\Seeds\\SeedCommand.php(66): Illuminate\\Database\\Seeder->__invoke()
#29 C:\\Users\\jpran\\OneDrive\\Desktop\\WK_PP_frontend\\Back-End\\vendor\\laravel\\framework\\src\\Illuminate\\Database\\Eloquent\\Concerns\\GuardsAttributes.php(157): Illuminate\\Database\\Console\\Seeds\\SeedCommand->Illuminate\\Database\\Console\\Seeds\\{closure}()
#30 C:\\Users\\jpran\\OneDrive\\Desktop\\WK_PP_frontend\\Back-End\\vendor\\laravel\\framework\\src\\Illuminate\\Database\\Console\\Seeds\\SeedCommand.php(67): Illuminate\\Database\\Eloquent\\Model::unguarded(Object(Closure))
#31 C:\\Users\\jpran\\OneDrive\\Desktop\\WK_PP_frontend\\Back-End\\vendor\\laravel\\framework\\src\\Illuminate\\Container\\BoundMethod.php(36): Illuminate\\Database\\Console\\Seeds\\SeedCommand->handle()
#32 C:\\Users\\jpran\\OneDrive\\Desktop\\WK_PP_frontend\\Back-End\\vendor\\laravel\\framework\\src\\Illuminate\\Container\\Util.php(40): Illuminate\\Container\\BoundMethod::Illuminate\\Container\\{closure}()
#33 C:\\Users\\jpran\\OneDrive\\Desktop\\WK_PP_frontend\\Back-End\\vendor\\laravel\\framework\\src\\Illuminate\\Container\\BoundMethod.php(93): Illuminate\\Container\\Util::unwrapIfClosure(Object(Closure))
#34 C:\\Users\\jpran\\OneDrive\\Desktop\\WK_PP_frontend\\Back-End\\vendor\\laravel\\framework\\src\\Illuminate\\Container\\BoundMethod.php(37): Illuminate\\Container\\BoundMethod::callBoundMethod(Object(Illuminate\\Foundation\\Application), Array, Object(Closure))
#35 C:\\Users\\jpran\\OneDrive\\Desktop\\WK_PP_frontend\\Back-End\\vendor\\laravel\\framework\\src\\Illuminate\\Container\\Container.php(653): Illuminate\\Container\\BoundMethod::call(Object(Illuminate\\Foundation\\Application), Array, Array, NULL)
#36 C:\\Users\\jpran\\OneDrive\\Desktop\\WK_PP_frontend\\Back-End\\vendor\\laravel\\framework\\src\\Illuminate\\Console\\Command.php(136): Illuminate\\Container\\Container->call(Array)
#37 C:\\Users\\jpran\\OneDrive\\Desktop\\WK_PP_frontend\\Back-End\\vendor\\symfony\\console\\Command\\Command.php(298): Illuminate\\Console\\Command->execute(Object(Symfony\\Component\\Console\\Input\\ArrayInput), Object(Illuminate\\Console\\OutputStyle))
#38 C:\\Users\\jpran\\OneDrive\\Desktop\\WK_PP_frontend\\Back-End\\vendor\\laravel\\framework\\src\\Illuminate\\Console\\Command.php(121): Symfony\\Component\\Console\\Command\\Command->run(Object(Symfony\\Component\\Console\\Input\\ArrayInput), Object(Illuminate\\Console\\OutputStyle))
#39 C:\\Users\\jpran\\OneDrive\\Desktop\\WK_PP_frontend\\Back-End\\vendor\\laravel\\framework\\src\\Illuminate\\Console\\Concerns\\CallsCommands.php(68): Illuminate\\Console\\Command->run(Object(Symfony\\Component\\Console\\Input\\ArrayInput), Object(Illuminate\\Console\\OutputStyle))
#40 C:\\Users\\jpran\\OneDrive\\Desktop\\WK_PP_frontend\\Back-End\\vendor\\laravel\\framework\\src\\Illuminate\\Console\\Concerns\\CallsCommands.php(28): Illuminate\\Console\\Command->runCommand('db:seed', Array, Object(Illuminate\\Console\\OutputStyle))
#41 C:\\Users\\jpran\\OneDrive\\Desktop\\WK_PP_frontend\\Back-End\\vendor\\laravel\\framework\\src\\Illuminate\\Database\\Console\\Migrations\\FreshCommand.php(90): Illuminate\\Console\\Command->call('db:seed', Array)
#42 C:\\Users\\jpran\\OneDrive\\Desktop\\WK_PP_frontend\\Back-End\\vendor\\laravel\\framework\\src\\Illuminate\\Database\\Console\\Migrations\\FreshCommand.php(65): Illuminate\\Database\\Console\\Migrations\\FreshCommand->runSeeder(NULL)
#43 C:\\Users\\jpran\\OneDrive\\Desktop\\WK_PP_frontend\\Back-End\\vendor\\laravel\\framework\\src\\Illuminate\\Container\\BoundMethod.php(36): Illuminate\\Database\\Console\\Migrations\\FreshCommand->handle()
#44 C:\\Users\\jpran\\OneDrive\\Desktop\\WK_PP_frontend\\Back-End\\vendor\\laravel\\framework\\src\\Illuminate\\Container\\Util.php(40): Illuminate\\Container\\BoundMethod::Illuminate\\Container\\{closure}()
#45 C:\\Users\\jpran\\OneDrive\\Desktop\\WK_PP_frontend\\Back-End\\vendor\\laravel\\framework\\src\\Illuminate\\Container\\BoundMethod.php(93): Illuminate\\Container\\Util::unwrapIfClosure(Object(Closure))
#46 C:\\Users\\jpran\\OneDrive\\Desktop\\WK_PP_frontend\\Back-End\\vendor\\laravel\\framework\\src\\Illuminate\\Container\\BoundMethod.php(37): Illuminate\\Container\\BoundMethod::callBoundMethod(Object(Illuminate\\Foundation\\Application), Array, Object(Closure))
#47 C:\\Users\\jpran\\OneDrive\\Desktop\\WK_PP_frontend\\Back-End\\vendor\\laravel\\framework\\src\\Illuminate\\Container\\Container.php(653): Illuminate\\Container\\BoundMethod::call(Object(Illuminate\\Foundation\\Application), Array, Array, NULL)
#48 C:\\Users\\jpran\\OneDrive\\Desktop\\WK_PP_frontend\\Back-End\\vendor\\laravel\\framework\\src\\Illuminate\\Console\\Command.php(136): Illuminate\\Container\\Container->call(Array)
#49 C:\\Users\\jpran\\OneDrive\\Desktop\\WK_PP_frontend\\Back-End\\vendor\\symfony\\console\\Command\\Command.php(298): Illuminate\\Console\\Command->execute(Object(Symfony\\Component\\Console\\Input\\ArgvInput), Object(Illuminate\\Console\\OutputStyle))
#50 C:\\Users\\jpran\\OneDrive\\Desktop\\WK_PP_frontend\\Back-End\\vendor\\laravel\\framework\\src\\Illuminate\\Console\\Command.php(121): Symfony\\Component\\Console\\Command\\Command->run(Object(Symfony\\Component\\Console\\Input\\ArgvInput), Object(Illuminate\\Console\\OutputStyle))
#51 C:\\Users\\jpran\\OneDrive\\Desktop\\WK_PP_frontend\\Back-End\\vendor\\symfony\\console\\Application.php(1040): Illuminate\\Console\\Command->run(Object(Symfony\\Component\\Console\\Input\\ArgvInput), Object(Symfony\\Component\\Console\\Output\\ConsoleOutput))
#52 C:\\Users\\jpran\\OneDrive\\Desktop\\WK_PP_frontend\\Back-End\\vendor\\symfony\\console\\Application.php(301): Symfony\\Component\\Console\\Application->doRunCommand(Object(Illuminate\\Database\\Console\\Migrations\\FreshCommand), Object(Symfony\\Component\\Console\\Input\\ArgvInput), Object(Symfony\\Component\\Console\\Output\\ConsoleOutput))
#53 C:\\Users\\jpran\\OneDrive\\Desktop\\WK_PP_frontend\\Back-End\\vendor\\symfony\\console\\Application.php(171): Symfony\\Component\\Console\\Application->doRun(Object(Symfony\\Component\\Console\\Input\\ArgvInput), Object(Symfony\\Component\\Console\\Output\\ConsoleOutput))
#54 C:\\Users\\jpran\\OneDrive\\Desktop\\WK_PP_frontend\\Back-End\\vendor\\laravel\\framework\\src\\Illuminate\\Console\\Application.php(94): Symfony\\Component\\Console\\Application->run(Object(Symfony\\Component\\Console\\Input\\ArgvInput), Object(Symfony\\Component\\Console\\Output\\ConsoleOutput))
#55 C:\\Users\\jpran\\OneDrive\\Desktop\\WK_PP_frontend\\Back-End\\vendor\\laravel\\framework\\src\\Illuminate\\Foundation\\Console\\Kernel.php(129): Illuminate\\Console\\Application->run(Object(Symfony\\Component\\Console\\Input\\ArgvInput), Object(Symfony\\Component\\Console\\Output\\ConsoleOutput))
#56 C:\\Users\\jpran\\OneDrive\\Desktop\\WK_PP_frontend\\Back-End\\artisan(37): Illuminate\\Foundation\\Console\\Kernel->handle(Object(Symfony\\Component\\Console\\Input\\ArgvInput), Object(Symfony\\Component\\Console\\Output\\ConsoleOutput))
#57 {main}

[previous exception] [object] (PDOException(code: 42S22): SQLSTATE[42S22]: Column not found: 1054 Unknown column 'movie_image' in 'field list' at C:\\Users\\jpran\\OneDrive\\Desktop\\WK_PP_frontend\\Back-End\\vendor\\laravel\\framework\\src\\Illuminate\\Database\\Connection.php:495)
[stacktrace]
#0 C:\\Users\\jpran\\OneDrive\\Desktop\\WK_PP_frontend\\Back-End\\vendor\\laravel\\framework\\src\\Illuminate\\Database\\Connection.php(495): PDO->prepare('insert into `ho...')
#1 C:\\Users\\jpran\\OneDrive\\Desktop\\WK_PP_frontend\\Back-End\\vendor\\laravel\\framework\\src\\Illuminate\\Database\\Connection.php(705): Illuminate\\Database\\Connection->Illuminate\\Database\\{closure}('insert into `ho...', Array)
#2 C:\\Users\\jpran\\OneDrive\\Desktop\\WK_PP_frontend\\Back-End\\vendor\\laravel\\framework\\src\\Illuminate\\Database\\Connection.php(672): Illuminate\\Database\\Connection->runQueryCallback('insert into `ho...', Array, Object(Closure))
#3 C:\\Users\\jpran\\OneDrive\\Desktop\\WK_PP_frontend\\Back-End\\vendor\\laravel\\framework\\src\\Illuminate\\Database\\Connection.php(502): Illuminate\\Database\\Connection->run('insert into `ho...', Array, Object(Closure))
#4 C:\\Users\\jpran\\OneDrive\\Desktop\\WK_PP_frontend\\Back-End\\vendor\\laravel\\framework\\src\\Illuminate\\Database\\Connection.php(454): Illuminate\\Database\\Connection->statement('insert into `ho...', Array)
#5 C:\\Users\\jpran\\OneDrive\\Desktop\\WK_PP_frontend\\Back-End\\vendor\\laravel\\framework\\src\\Illuminate\\Database\\Query\\Processors\\Processor.php(32): Illuminate\\Database\\Connection->insert('insert into `ho...', Array)
#6 C:\\Users\\jpran\\OneDrive\\Desktop\\WK_PP_frontend\\Back-End\\vendor\\laravel\\framework\\src\\Illuminate\\Database\\Query\\Builder.php(3028): Illuminate\\Database\\Query\\Processors\\Processor->processInsertGetId(Object(Illuminate\\Database\\Query\\Builder), 'insert into `ho...', Array, 'id')
#7 C:\\Users\\jpran\\OneDrive\\Desktop\\WK_PP_frontend\\Back-End\\vendor\\laravel\\framework\\src\\Illuminate\\Database\\Eloquent\\Builder.php(1657): Illuminate\\Database\\Query\\Builder->insertGetId(Array, 'id')
#8 C:\\Users\\jpran\\OneDrive\\Desktop\\WK_PP_frontend\\Back-End\\vendor\\laravel\\framework\\src\\Illuminate\\Database\\Eloquent\\Model.php(1188): Illuminate\\Database\\Eloquent\\Builder->__call('insertGetId', Array)
#9 C:\\Users\\jpran\\OneDrive\\Desktop\\WK_PP_frontend\\Back-End\\vendor\\laravel\\framework\\src\\Illuminate\\Database\\Eloquent\\Model.php(1153): Illuminate\\Database\\Eloquent\\Model->insertAndSetId(Object(Illuminate\\Database\\Eloquent\\Builder), Array)
#10 C:\\Users\\jpran\\OneDrive\\Desktop\\WK_PP_frontend\\Back-End\\vendor\\laravel\\framework\\src\\Illuminate\\Database\\Eloquent\\Model.php(994): Illuminate\\Database\\Eloquent\\Model->performInsert(Object(Illuminate\\Database\\Eloquent\\Builder))
#11 C:\\Users\\jpran\\OneDrive\\Desktop\\WK_PP_frontend\\Back-End\\vendor\\laravel\\framework\\src\\Illuminate\\Database\\Eloquent\\Factories\\Factory.php(314): Illuminate\\Database\\Eloquent\\Model->save()
#12 C:\\Users\\jpran\\OneDrive\\Desktop\\WK_PP_frontend\\Back-End\\vendor\\laravel\\framework\\src\\Illuminate\\Collections\\Traits\\EnumeratesValues.php(245): Illuminate\\Database\\Eloquent\\Factories\\Factory->Illuminate\\Database\\Eloquent\\Factories\\{closure}(Object(App\\Models\\Horror), 0)
#13 C:\\Users\\jpran\\OneDrive\\Desktop\\WK_PP_frontend\\Back-End\\vendor\\laravel\\framework\\src\\Illuminate\\Database\\Eloquent\\Factories\\Factory.php(317): Illuminate\\Support\\Collection->each(Object(Closure))
#14 C:\\Users\\jpran\\OneDrive\\Desktop\\WK_PP_frontend\\Back-End\\vendor\\laravel\\framework\\src\\Illuminate\\Database\\Eloquent\\Factories\\Factory.php(265): Illuminate\\Database\\Eloquent\\Factories\\Factory->store(Object(Illuminate\\Database\\Eloquent\\Collection))
#15 C:\\Users\\jpran\\OneDrive\\Desktop\\WK_PP_frontend\\Back-End\\database\\seeders\\HorrorSeeder.php(17): Illuminate\\Database\\Eloquent\\Factories\\Factory->create()
#16 C:\\Users\\jpran\\OneDrive\\Desktop\\WK_PP_frontend\\Back-End\\vendor\\laravel\\framework\\src\\Illuminate\\Container\\BoundMethod.php(36): Database\\Seeders\\HorrorSeeder->run()
#17 C:\\Users\\jpran\\OneDrive\\Desktop\\WK_PP_frontend\\Back-End\\vendor\\laravel\\framework\\src\\Illuminate\\Container\\Util.php(40): Illuminate\\Container\\BoundMethod::Illuminate\\Container\\{closure}()
#18 C:\\Users\\jpran\\OneDrive\\Desktop\\WK_PP_frontend\\Back-End\\vendor\\laravel\\framework\\src\\Illuminate\\Container\\BoundMethod.php(93): Illuminate\\Container\\Util::unwrapIfClosure(Object(Closure))
#19 C:\\Users\\jpran\\OneDrive\\Desktop\\WK_PP_frontend\\Back-End\\vendor\\laravel\\framework\\src\\Illuminate\\Container\\BoundMethod.php(37): Illuminate\\Container\\BoundMethod::callBoundMethod(Object(Illuminate\\Foundation\\Application), Array, Object(Closure))
#20 C:\\Users\\jpran\\OneDrive\\Desktop\\WK_PP_frontend\\Back-End\\vendor\\laravel\\framework\\src\\Illuminate\\Container\\Container.php(653): Illuminate\\Container\\BoundMethod::call(Object(Illuminate\\Foundation\\Application), Array, Array, NULL)
#21 C:\\Users\\jpran\\OneDrive\\Desktop\\WK_PP_frontend\\Back-End\\vendor\\laravel\\framework\\src\\Illuminate\\Database\\Seeder.php(149): Illuminate\\Container\\Container->call(Array, Array)
#22 C:\\Users\\jpran\\OneDrive\\Desktop\\WK_PP_frontend\\Back-End\\vendor\\laravel\\framework\\src\\Illuminate\\Database\\Seeder.php(49): Illuminate\\Database\\Seeder->__invoke(Array)
#23 C:\\Users\\jpran\\OneDrive\\Desktop\\WK_PP_frontend\\Back-End\\database\\seeders\\DatabaseSeeder.php(19): Illuminate\\Database\\Seeder->call('Database\\\\Seeder...')
#24 C:\\Users\\jpran\\OneDrive\\Desktop\\WK_PP_frontend\\Back-End\\vendor\\laravel\\framework\\src\\Illuminate\\Container\\BoundMethod.php(36): Database\\Seeders\\DatabaseSeeder->run()
#25 C:\\Users\\jpran\\OneDrive\\Desktop\\WK_PP_frontend\\Back-End\\vendor\\laravel\\framework\\src\\Illuminate\\Container\\Util.php(40): Illuminate\\Container\\BoundMethod::Illuminate\\Container\\{closure}()
#26 C:\\Users\\jpran\\OneDrive\\Desktop\\WK_PP_frontend\\Back-End\\vendor\\laravel\\framework\\src\\Illuminate\\Container\\BoundMethod.php(93): Illuminate\\Container\\Util::unwrapIfClosure(Object(Closure))
#27 C:\\Users\\jpran\\OneDrive\\Desktop\\WK_PP_frontend\\Back-End\\vendor\\laravel\\framework\\src\\Illuminate\\Container\\BoundMethod.php(37): Illuminate\\Container\\BoundMethod::callBoundMethod(Object(Illuminate\\Foundation\\Application), Array, Object(Closure))
#28 C:\\Users\\jpran\\OneDrive\\Desktop\\WK_PP_frontend\\Back-End\\vendor\\laravel\\framework\\src\\Illuminate\\Container\\Container.php(653): Illuminate\\Container\\BoundMethod::call(Object(Illuminate\\Foundation\\Application), Array, Array, NULL)
#29 C:\\Users\\jpran\\OneDrive\\Desktop\\WK_PP_frontend\\Back-End\\vendor\\laravel\\framework\\src\\Illuminate\\Database\\Seeder.php(149): Illuminate\\Container\\Container->call(Array, Array)
#30 C:\\Users\\jpran\\OneDrive\\Desktop\\WK_PP_frontend\\Back-End\\vendor\\laravel\\framework\\src\\Illuminate\\Database\\Console\\Seeds\\SeedCommand.php(66): Illuminate\\Database\\Seeder->__invoke()
#31 C:\\Users\\jpran\\OneDrive\\Desktop\\WK_PP_frontend\\Back-End\\vendor\\laravel\\framework\\src\\Illuminate\\Database\\Eloquent\\Concerns\\GuardsAttributes.php(157): Illuminate\\Database\\Console\\Seeds\\SeedCommand->Illuminate\\Database\\Console\\Seeds\\{closure}()
#32 C:\\Users\\jpran\\OneDrive\\Desktop\\WK_PP_frontend\\Back-End\\vendor\\laravel\\framework\\src\\Illuminate\\Database\\Console\\Seeds\\SeedCommand.php(67): Illuminate\\Database\\Eloquent\\Model::unguarded(Object(Closure))
#33 C:\\Users\\jpran\\OneDrive\\Desktop\\WK_PP_frontend\\Back-End\\vendor\\laravel\\framework\\src\\Illuminate\\Container\\BoundMethod.php(36): Illuminate\\Database\\Console\\Seeds\\SeedCommand->handle()
#34 C:\\Users\\jpran\\OneDrive\\Desktop\\WK_PP_frontend\\Back-End\\vendor\\laravel\\framework\\src\\Illuminate\\Container\\Util.php(40): Illuminate\\Container\\BoundMethod::Illuminate\\Container\\{closure}()
#35 C:\\Users\\jpran\\OneDrive\\Desktop\\WK_PP_frontend\\Back-End\\vendor\\laravel\\framework\\src\\Illuminate\\Container\\BoundMethod.php(93): Illuminate\\Container\\Util::unwrapIfClosure(Object(Closure))
#36 C:\\Users\\jpran\\OneDrive\\Desktop\\WK_PP_frontend\\Back-End\\vendor\\laravel\\framework\\src\\Illuminate\\Container\\BoundMethod.php(37): Illuminate\\Container\\BoundMethod::callBoundMethod(Object(Illuminate\\Foundation\\Application), Array, Object(Closure))
#37 C:\\Users\\jpran\\OneDrive\\Desktop\\WK_PP_frontend\\Back-End\\vendor\\laravel\\framework\\src\\Illuminate\\Container\\Container.php(653): Illuminate\\Container\\BoundMethod::call(Object(Illuminate\\Foundation\\Application), Array, Array, NULL)
#38 C:\\Users\\jpran\\OneDrive\\Desktop\\WK_PP_frontend\\Back-End\\vendor\\laravel\\framework\\src\\Illuminate\\Console\\Command.php(136): Illuminate\\Container\\Container->call(Array)
#39 C:\\Users\\jpran\\OneDrive\\Desktop\\WK_PP_frontend\\Back-End\\vendor\\symfony\\console\\Command\\Command.php(298): Illuminate\\Console\\Command->execute(Object(Symfony\\Component\\Console\\Input\\ArrayInput), Object(Illuminate\\Console\\OutputStyle))
#40 C:\\Users\\jpran\\OneDrive\\Desktop\\WK_PP_frontend\\Back-End\\vendor\\laravel\\framework\\src\\Illuminate\\Console\\Command.php(121): Symfony\\Component\\Console\\Command\\Command->run(Object(Symfony\\Component\\Console\\Input\\ArrayInput), Object(Illuminate\\Console\\OutputStyle))
#41 C:\\Users\\jpran\\OneDrive\\Desktop\\WK_PP_frontend\\Back-End\\vendor\\laravel\\framework\\src\\Illuminate\\Console\\Concerns\\CallsCommands.php(68): Illuminate\\Console\\Command->run(Object(Symfony\\Component\\Console\\Input\\ArrayInput), Object(Illuminate\\Console\\OutputStyle))
#42 C:\\Users\\jpran\\OneDrive\\Desktop\\WK_PP_frontend\\Back-End\\vendor\\laravel\\framework\\src\\Illuminate\\Console\\Concerns\\CallsCommands.php(28): Illuminate\\Console\\Command->runCommand('db:seed', Array, Object(Illuminate\\Console\\OutputStyle))
#43 C:\\Users\\jpran\\OneDrive\\Desktop\\WK_PP_frontend\\Back-End\\vendor\\laravel\\framework\\src\\Illuminate\\Database\\Console\\Migrations\\FreshCommand.php(90): Illuminate\\Console\\Command->call('db:seed', Array)
#44 C:\\Users\\jpran\\OneDrive\\Desktop\\WK_PP_frontend\\Back-End\\vendor\\laravel\\framework\\src\\Illuminate\\Database\\Console\\Migrations\\FreshCommand.php(65): Illuminate\\Database\\Console\\Migrations\\FreshCommand->runSeeder(NULL)
#45 C:\\Users\\jpran\\OneDrive\\Desktop\\WK_PP_frontend\\Back-End\\vendor\\laravel\\framework\\src\\Illuminate\\Container\\BoundMethod.php(36): Illuminate\\Database\\Console\\Migrations\\FreshCommand->handle()
#46 C:\\Users\\jpran\\OneDrive\\Desktop\\WK_PP_frontend\\Back-End\\vendor\\laravel\\framework\\src\\Illuminate\\Container\\Util.php(40): Illuminate\\Container\\BoundMethod::Illuminate\\Container\\{closure}()
#47 C:\\Users\\jpran\\OneDrive\\Desktop\\WK_PP_frontend\\Back-End\\vendor\\laravel\\framework\\src\\Illuminate\\Container\\BoundMethod.php(93): Illuminate\\Container\\Util::unwrapIfClosure(Object(Closure))
#48 C:\\Users\\jpran\\OneDrive\\Desktop\\WK_PP_frontend\\Back-End\\vendor\\laravel\\framework\\src\\Illuminate\\Container\\BoundMethod.php(37): Illuminate\\Container\\BoundMethod::callBoundMethod(Object(Illuminate\\Foundation\\Application), Array, Object(Closure))
#49 C:\\Users\\jpran\\OneDrive\\Desktop\\WK_PP_frontend\\Back-End\\vendor\\laravel\\framework\\src\\Illuminate\\Container\\Container.php(653): Illuminate\\Container\\BoundMethod::call(Object(Illuminate\\Foundation\\Application), Array, Array, NULL)
#50 C:\\Users\\jpran\\OneDrive\\Desktop\\WK_PP_frontend\\Back-End\\vendor\\laravel\\framework\\src\\Illuminate\\Console\\Command.php(136): Illuminate\\Container\\Container->call(Array)
#51 C:\\Users\\jpran\\OneDrive\\Desktop\\WK_PP_frontend\\Back-End\\vendor\\symfony\\console\\Command\\Command.php(298): Illuminate\\Console\\Command->execute(Object(Symfony\\Component\\Console\\Input\\ArgvInput), Object(Illuminate\\Console\\OutputStyle))
#52 C:\\Users\\jpran\\OneDrive\\Desktop\\WK_PP_frontend\\Back-End\\vendor\\laravel\\framework\\src\\Illuminate\\Console\\Command.php(121): Symfony\\Component\\Console\\Command\\Command->run(Object(Symfony\\Component\\Console\\Input\\ArgvInput), Object(Illuminate\\Console\\OutputStyle))
#53 C:\\Users\\jpran\\OneDrive\\Desktop\\WK_PP_frontend\\Back-End\\vendor\\symfony\\console\\Application.php(1040): Illuminate\\Console\\Command->run(Object(Symfony\\Component\\Console\\Input\\ArgvInput), Object(Symfony\\Component\\Console\\Output\\ConsoleOutput))
#54 C:\\Users\\jpran\\OneDrive\\Desktop\\WK_PP_frontend\\Back-End\\vendor\\symfony\\console\\Application.php(301): Symfony\\Component\\Console\\Application->doRunCommand(Object(Illuminate\\Database\\Console\\Migrations\\FreshCommand), Object(Symfony\\Component\\Console\\Input\\ArgvInput), Object(Symfony\\Component\\Console\\Output\\ConsoleOutput))
#55 C:\\Users\\jpran\\OneDrive\\Desktop\\WK_PP_frontend\\Back-End\\vendor\\symfony\\console\\Application.php(171): Symfony\\Component\\Console\\Application->doRun(Object(Symfony\\Component\\Console\\Input\\ArgvInput), Object(Symfony\\Component\\Console\\Output\\ConsoleOutput))
#56 C:\\Users\\jpran\\OneDrive\\Desktop\\WK_PP_frontend\\Back-End\\vendor\\laravel\\framework\\src\\Illuminate\\Console\\Application.php(94): Symfony\\Component\\Console\\Application->run(Object(Symfony\\Component\\Console\\Input\\ArgvInput), Object(Symfony\\Component\\Console\\Output\\ConsoleOutput))
#57 C:\\Users\\jpran\\OneDrive\\Desktop\\WK_PP_frontend\\Back-End\\vendor\\laravel\\framework\\src\\Illuminate\\Foundation\\Console\\Kernel.php(129): Illuminate\\Console\\Application->run(Object(Symfony\\Component\\Console\\Input\\ArgvInput), Object(Symfony\\Component\\Console\\Output\\ConsoleOutput))
#58 C:\\Users\\jpran\\OneDrive\\Desktop\\WK_PP_frontend\\Back-End\\artisan(37): Illuminate\\Foundation\\Console\\Kernel->handle(Object(Symfony\\Component\\Console\\Input\\ArgvInput), Object(Symfony\\Component\\Console\\Output\\ConsoleOutput))
#59 {main}
"} 
[2026-04-01 20:44:24] local.ERROR: Argument 1 passed to Illuminate\Database\Grammar::parameterize() must be of the type array, string given, called in C:\Users\jpran\OneDrive\Desktop\WK_PP_frontend\Back-End\vendor\laravel\framework\src\Illuminate\Database\Query\Grammars\Grammar.php on line 920 {"exception":"[object] (TypeError(code: 0): Argument 1 passed to Illuminate\\Database\\Grammar::parameterize() must be of the type array, string given, called in C:\\Users\\jpran\\OneDrive\\Desktop\\WK_PP_frontend\\Back-End\\vendor\\laravel\\framework\\src\\Illuminate\\Database\\Query\\Grammars\\Grammar.php on line 920 at C:\\Users\\jpran\\OneDrive\\Desktop\\WK_PP_frontend\\Back-End\\vendor\\laravel\\framework\\src\\Illuminate\\Database\\Grammar.php:136)
[stacktrace]
#0 C:\\Users\\jpran\\OneDrive\\Desktop\\WK_PP_frontend\\Back-End\\vendor\\laravel\\framework\\src\\Illuminate\\Database\\Query\\Grammars\\Grammar.php(920): Illuminate\\Database\\Grammar->parameterize('')
#1 [internal function]: Illuminate\\Database\\Query\\Grammars\\Grammar->Illuminate\\Database\\Query\\Grammars\\{closure}('', 'movie_image')
#2 C:\\Users\\jpran\\OneDrive\\Desktop\\WK_PP_frontend\\Back-End\\vendor\\laravel\\framework\\src\\Illuminate\\Collections\\Collection.php(695): array_map(Object(Closure), Array, Array)
#3 C:\\Users\\jpran\\OneDrive\\Desktop\\WK_PP_frontend\\Back-End\\vendor\\laravel\\framework\\src\\Illuminate\\Database\\Query\\Grammars\\Grammar.php(921): Illuminate\\Support\\Collection->map(Object(Closure))
#4 C:\\Users\\jpran\\OneDrive\\Desktop\\WK_PP_frontend\\Back-End\\vendor\\laravel\\framework\\src\\Illuminate\\Database\\Query\\Grammars\\MySqlGrammar.php(158): Illuminate\\Database\\Query\\Grammars\\Grammar->compileInsert(Object(Illuminate\\Database\\Query\\Builder), Array)
#5 C:\\Users\\jpran\\OneDrive\\Desktop\\WK_PP_frontend\\Back-End\\vendor\\laravel\\framework\\src\\Illuminate\\Database\\Query\\Grammars\\Grammar.php(950): Illuminate\\Database\\Query\\Grammars\\MySqlGrammar->compileInsert(Object(Illuminate\\Database\\Query\\Builder), Array)
#6 C:\\Users\\jpran\\OneDrive\\Desktop\\WK_PP_frontend\\Back-End\\vendor\\laravel\\framework\\src\\Illuminate\\Database\\Query\\Builder.php(3024): Illuminate\\Database\\Query\\Grammars\\Grammar->compileInsertGetId(Object(Illuminate\\Database\\Query\\Builder), Array, 'id')
#7 C:\\Users\\jpran\\OneDrive\\Desktop\\WK_PP_frontend\\Back-End\\vendor\\laravel\\framework\\src\\Illuminate\\Database\\Eloquent\\Builder.php(1657): Illuminate\\Database\\Query\\Builder->insertGetId(Array, 'id')
#8 C:\\Users\\jpran\\OneDrive\\Desktop\\WK_PP_frontend\\Back-End\\vendor\\laravel\\framework\\src\\Illuminate\\Database\\Eloquent\\Model.php(1188): Illuminate\\Database\\Eloquent\\Builder->__call('insertGetId', Array)
#9 C:\\Users\\jpran\\OneDrive\\Desktop\\WK_PP_frontend\\Back-End\\vendor\\laravel\\framework\\src\\Illuminate\\Database\\Eloquent\\Model.php(1153): Illuminate\\Database\\Eloquent\\Model->insertAndSetId(Object(Illuminate\\Database\\Eloquent\\Builder), Array)
#10 C:\\Users\\jpran\\OneDrive\\Desktop\\WK_PP_frontend\\Back-End\\vendor\\laravel\\framework\\src\\Illuminate\\Database\\Eloquent\\Model.php(994): Illuminate\\Database\\Eloquent\\Model->performInsert(Object(Illuminate\\Database\\Eloquent\\Builder))
#11 C:\\Users\\jpran\\OneDrive\\Desktop\\WK_PP_frontend\\Back-End\\vendor\\laravel\\framework\\src\\Illuminate\\Database\\Eloquent\\Factories\\Factory.php(314): Illuminate\\Database\\Eloquent\\Model->save()
#12 C:\\Users\\jpran\\OneDrive\\Desktop\\WK_PP_frontend\\Back-End\\vendor\\laravel\\framework\\src\\Illuminate\\Collections\\Traits\\EnumeratesValues.php(245): Illuminate\\Database\\Eloquent\\Factories\\Factory->Illuminate\\Database\\Eloquent\\Factories\\{closure}(Object(App\\Models\\Comedy), 0)
#13 C:\\Users\\jpran\\OneDrive\\Desktop\\WK_PP_frontend\\Back-End\\vendor\\laravel\\framework\\src\\Illuminate\\Database\\Eloquent\\Factories\\Factory.php(317): Illuminate\\Support\\Collection->each(Object(Closure))
#14 C:\\Users\\jpran\\OneDrive\\Desktop\\WK_PP_frontend\\Back-End\\vendor\\laravel\\framework\\src\\Illuminate\\Database\\Eloquent\\Factories\\Factory.php(265): Illuminate\\Database\\Eloquent\\Factories\\Factory->store(Object(Illuminate\\Database\\Eloquent\\Collection))
#15 C:\\Users\\jpran\\OneDrive\\Desktop\\WK_PP_frontend\\Back-End\\database\\seeders\\ComedySeeder.php(17): Illuminate\\Database\\Eloquent\\Factories\\Factory->create()
#16 C:\\Users\\jpran\\OneDrive\\Desktop\\WK_PP_frontend\\Back-End\\vendor\\laravel\\framework\\src\\Illuminate\\Container\\BoundMethod.php(36): Database\\Seeders\\ComedySeeder->run()
#17 C:\\Users\\jpran\\OneDrive\\Desktop\\WK_PP_frontend\\Back-End\\vendor\\laravel\\framework\\src\\Illuminate\\Container\\Util.php(40): Illuminate\\Container\\BoundMethod::Illuminate\\Container\\{closure}()
#18 C:\\Users\\jpran\\OneDrive\\Desktop\\WK_PP_frontend\\Back-End\\vendor\\laravel\\framework\\src\\Illuminate\\Container\\BoundMethod.php(93): Illuminate\\Container\\Util::unwrapIfClosure(Object(Closure))
#19 C:\\Users\\jpran\\OneDrive\\Desktop\\WK_PP_frontend\\Back-End\\vendor\\laravel\\framework\\src\\Illuminate\\Container\\BoundMethod.php(37): Illuminate\\Container\\BoundMethod::callBoundMethod(Object(Illuminate\\Foundation\\Application), Array, Object(Closure))
#20 C:\\Users\\jpran\\OneDrive\\Desktop\\WK_PP_frontend\\Back-End\\vendor\\laravel\\framework\\src\\Illuminate\\Container\\Container.php(653): Illuminate\\Container\\BoundMethod::call(Object(Illuminate\\Foundation\\Application), Array, Array, NULL)
#21 C:\\Users\\jpran\\OneDrive\\Desktop\\WK_PP_frontend\\Back-End\\vendor\\laravel\\framework\\src\\Illuminate\\Database\\Seeder.php(149): Illuminate\\Container\\Container->call(Array, Array)
#22 C:\\Users\\jpran\\OneDrive\\Desktop\\WK_PP_frontend\\Back-End\\vendor\\laravel\\framework\\src\\Illuminate\\Database\\Seeder.php(49): Illuminate\\Database\\Seeder->__invoke(Array)
#23 C:\\Users\\jpran\\OneDrive\\Desktop\\WK_PP_frontend\\Back-End\\database\\seeders\\DatabaseSeeder.php(19): Illuminate\\Database\\Seeder->call('Database\\\\Seeder...')
#24 C:\\Users\\jpran\\OneDrive\\Desktop\\WK_PP_frontend\\Back-End\\vendor\\laravel\\framework\\src\\Illuminate\\Container\\BoundMethod.php(36): Database\\Seeders\\DatabaseSeeder->run()
#25 C:\\Users\\jpran\\OneDrive\\Desktop\\WK_PP_frontend\\Back-End\\vendor\\laravel\\framework\\src\\Illuminate\\Container\\Util.php(40): Illuminate\\Container\\BoundMethod::Illuminate\\Container\\{closure}()
#26 C:\\Users\\jpran\\OneDrive\\Desktop\\WK_PP_frontend\\Back-End\\vendor\\laravel\\framework\\src\\Illuminate\\Container\\BoundMethod.php(93): Illuminate\\Container\\Util::unwrapIfClosure(Object(Closure))
#27 C:\\Users\\jpran\\OneDrive\\Desktop\\WK_PP_frontend\\Back-End\\vendor\\laravel\\framework\\src\\Illuminate\\Container\\BoundMethod.php(37): Illuminate\\Container\\BoundMethod::callBoundMethod(Object(Illuminate\\Foundation\\Application), Array, Object(Closure))
#28 C:\\Users\\jpran\\OneDrive\\Desktop\\WK_PP_frontend\\Back-End\\vendor\\laravel\\framework\\src\\Illuminate\\Container\\Container.php(653): Illuminate\\Container\\BoundMethod::call(Object(Illuminate\\Foundation\\Application), Array, Array, NULL)
#29 C:\\Users\\jpran\\OneDrive\\Desktop\\WK_PP_frontend\\Back-End\\vendor\\laravel\\framework\\src\\Illuminate\\Database\\Seeder.php(149): Illuminate\\Container\\Container->call(Array, Array)
#30 C:\\Users\\jpran\\OneDrive\\Desktop\\WK_PP_frontend\\Back-End\\vendor\\laravel\\framework\\src\\Illuminate\\Database\\Console\\Seeds\\SeedCommand.php(66): Illuminate\\Database\\Seeder->__invoke()
#31 C:\\Users\\jpran\\OneDrive\\Desktop\\WK_PP_frontend\\Back-End\\vendor\\laravel\\framework\\src\\Illuminate\\Database\\Eloquent\\Concerns\\GuardsAttributes.php(157): Illuminate\\Database\\Console\\Seeds\\SeedCommand->Illuminate\\Database\\Console\\Seeds\\{closure}()
#32 C:\\Users\\jpran\\OneDrive\\Desktop\\WK_PP_frontend\\Back-End\\vendor\\laravel\\framework\\src\\Illuminate\\Database\\Console\\Seeds\\SeedCommand.php(67): Illuminate\\Database\\Eloquent\\Model::unguarded(Object(Closure))
#33 C:\\Users\\jpran\\OneDrive\\Desktop\\WK_PP_frontend\\Back-End\\vendor\\laravel\\framework\\src\\Illuminate\\Container\\BoundMethod.php(36): Illuminate\\Database\\Console\\Seeds\\SeedCommand->handle()
#34 C:\\Users\\jpran\\OneDrive\\Desktop\\WK_PP_frontend\\Back-End\\vendor\\laravel\\framework\\src\\Illuminate\\Container\\Util.php(40): Illuminate\\Container\\BoundMethod::Illuminate\\Container\\{closure}()
#35 C:\\Users\\jpran\\OneDrive\\Desktop\\WK_PP_frontend\\Back-End\\vendor\\laravel\\framework\\src\\Illuminate\\Container\\BoundMethod.php(93): Illuminate\\Container\\Util::unwrapIfClosure(Object(Closure))
#36 C:\\Users\\jpran\\OneDrive\\Desktop\\WK_PP_frontend\\Back-End\\vendor\\laravel\\framework\\src\\Illuminate\\Container\\BoundMethod.php(37): Illuminate\\Container\\BoundMethod::callBoundMethod(Object(Illuminate\\Foundation\\Application), Array, Object(Closure))
#37 C:\\Users\\jpran\\OneDrive\\Desktop\\WK_PP_frontend\\Back-End\\vendor\\laravel\\framework\\src\\Illuminate\\Container\\Container.php(653): Illuminate\\Container\\BoundMethod::call(Object(Illuminate\\Foundation\\Application), Array, Array, NULL)
#38 C:\\Users\\jpran\\OneDrive\\Desktop\\WK_PP_frontend\\Back-End\\vendor\\laravel\\framework\\src\\Illuminate\\Console\\Command.php(136): Illuminate\\Container\\Container->call(Array)
#39 C:\\Users\\jpran\\OneDrive\\Desktop\\WK_PP_frontend\\Back-End\\vendor\\symfony\\console\\Command\\Command.php(298): Illuminate\\Console\\Command->execute(Object(Symfony\\Component\\Console\\Input\\ArrayInput), Object(Illuminate\\Console\\OutputStyle))
#40 C:\\Users\\jpran\\OneDrive\\Desktop\\WK_PP_frontend\\Back-End\\vendor\\laravel\\framework\\src\\Illuminate\\Console\\Command.php(121): Symfony\\Component\\Console\\Command\\Command->run(Object(Symfony\\Component\\Console\\Input\\ArrayInput), Object(Illuminate\\Console\\OutputStyle))
#41 C:\\Users\\jpran\\OneDrive\\Desktop\\WK_PP_frontend\\Back-End\\vendor\\laravel\\framework\\src\\Illuminate\\Console\\Concerns\\CallsCommands.php(68): Illuminate\\Console\\Command->run(Object(Symfony\\Component\\Console\\Input\\ArrayInput), Object(Illuminate\\Console\\OutputStyle))
#42 C:\\Users\\jpran\\OneDrive\\Desktop\\WK_PP_frontend\\Back-End\\vendor\\laravel\\framework\\src\\Illuminate\\Console\\Concerns\\CallsCommands.php(28): Illuminate\\Console\\Command->runCommand('db:seed', Array, Object(Illuminate\\Console\\OutputStyle))
#43 C:\\Users\\jpran\\OneDrive\\Desktop\\WK_PP_frontend\\Back-End\\vendor\\laravel\\framework\\src\\Illuminate\\Database\\Console\\Migrations\\FreshCommand.php(90): Illuminate\\Console\\Command->call('db:seed', Array)
#44 C:\\Users\\jpran\\OneDrive\\Desktop\\WK_PP_frontend\\Back-End\\vendor\\laravel\\framework\\src\\Illuminate\\Database\\Console\\Migrations\\FreshCommand.php(65): Illuminate\\Database\\Console\\Migrations\\FreshCommand->runSeeder(NULL)
#45 C:\\Users\\jpran\\OneDrive\\Desktop\\WK_PP_frontend\\Back-End\\vendor\\laravel\\framework\\src\\Illuminate\\Container\\BoundMethod.php(36): Illuminate\\Database\\Console\\Migrations\\FreshCommand->handle()
#46 C:\\Users\\jpran\\OneDrive\\Desktop\\WK_PP_frontend\\Back-End\\vendor\\laravel\\framework\\src\\Illuminate\\Container\\Util.php(40): Illuminate\\Container\\BoundMethod::Illuminate\\Container\\{closure}()
#47 C:\\Users\\jpran\\OneDrive\\Desktop\\WK_PP_frontend\\Back-End\\vendor\\laravel\\framework\\src\\Illuminate\\Container\\BoundMethod.php(93): Illuminate\\Container\\Util::unwrapIfClosure(Object(Closure))
#48 C:\\Users\\jpran\\OneDrive\\Desktop\\WK_PP_frontend\\Back-End\\vendor\\laravel\\framework\\src\\Illuminate\\Container\\BoundMethod.php(37): Illuminate\\Container\\BoundMethod::callBoundMethod(Object(Illuminate\\Foundation\\Application), Array, Object(Closure))
#49 C:\\Users\\jpran\\OneDrive\\Desktop\\WK_PP_frontend\\Back-End\\vendor\\laravel\\framework\\src\\Illuminate\\Container\\Container.php(653): Illuminate\\Container\\BoundMethod::call(Object(Illuminate\\Foundation\\Application), Array, Array, NULL)
#50 C:\\Users\\jpran\\OneDrive\\Desktop\\WK_PP_frontend\\Back-End\\vendor\\laravel\\framework\\src\\Illuminate\\Console\\Command.php(136): Illuminate\\Container\\Container->call(Array)
#51 C:\\Users\\jpran\\OneDrive\\Desktop\\WK_PP_frontend\\Back-End\\vendor\\symfony\\console\\Command\\Command.php(298): Illuminate\\Console\\Command->execute(Object(Symfony\\Component\\Console\\Input\\ArgvInput), Object(Illuminate\\Console\\OutputStyle))
#52 C:\\Users\\jpran\\OneDrive\\Desktop\\WK_PP_frontend\\Back-End\\vendor\\laravel\\framework\\src\\Illuminate\\Console\\Command.php(121): Symfony\\Component\\Console\\Command\\Command->run(Object(Symfony\\Component\\Console\\Input\\ArgvInput), Object(Illuminate\\Console\\OutputStyle))
#53 C:\\Users\\jpran\\OneDrive\\Desktop\\WK_PP_frontend\\Back-End\\vendor\\symfony\\console\\Application.php(1040): Illuminate\\Console\\Command->run(Object(Symfony\\Component\\Console\\Input\\ArgvInput), Object(Symfony\\Component\\Console\\Output\\ConsoleOutput))
#54 C:\\Users\\jpran\\OneDrive\\Desktop\\WK_PP_frontend\\Back-End\\vendor\\symfony\\console\\Application.php(301): Symfony\\Component\\Console\\Application->doRunCommand(Object(Illuminate\\Database\\Console\\Migrations\\FreshCommand), Object(Symfony\\Component\\Console\\Input\\ArgvInput), Object(Symfony\\Component\\Console\\Output\\ConsoleOutput))
#55 C:\\Users\\jpran\\OneDrive\\Desktop\\WK_PP_frontend\\Back-End\\vendor\\symfony\\console\\Application.php(171): Symfony\\Component\\Console\\Application->doRun(Object(Symfony\\Component\\Console\\Input\\ArgvInput), Object(Symfony\\Component\\Console\\Output\\ConsoleOutput))
#56 C:\\Users\\jpran\\OneDrive\\Desktop\\WK_PP_frontend\\Back-End\\vendor\\laravel\\framework\\src\\Illuminate\\Console\\Application.php(94): Symfony\\Component\\Console\\Application->run(Object(Symfony\\Component\\Console\\Input\\ArgvInput), Object(Symfony\\Component\\Console\\Output\\ConsoleOutput))
#57 C:\\Users\\jpran\\OneDrive\\Desktop\\WK_PP_frontend\\Back-End\\vendor\\laravel\\framework\\src\\Illuminate\\Foundation\\Console\\Kernel.php(129): Illuminate\\Console\\Application->run(Object(Symfony\\Component\\Console\\Input\\ArgvInput), Object(Symfony\\Component\\Console\\Output\\ConsoleOutput))
#58 C:\\Users\\jpran\\OneDrive\\Desktop\\WK_PP_frontend\\Back-End\\artisan(37): Illuminate\\Foundation\\Console\\Kernel->handle(Object(Symfony\\Component\\Console\\Input\\ArgvInput), Object(Symfony\\Component\\Console\\Output\\ConsoleOutput))
#59 {main}
"} 
[2026-04-01 20:47:29] local.ERROR: Argument 1 passed to Illuminate\Database\Grammar::parameterize() must be of the type array, string given, called in C:\Users\jpran\OneDrive\Desktop\WK_PP_frontend\Back-End\vendor\laravel\framework\src\Illuminate\Database\Query\Grammars\Grammar.php on line 920 {"exception":"[object] (TypeError(code: 0): Argument 1 passed to Illuminate\\Database\\Grammar::parameterize() must be of the type array, string given, called in C:\\Users\\jpran\\OneDrive\\Desktop\\WK_PP_frontend\\Back-End\\vendor\\laravel\\framework\\src\\Illuminate\\Database\\Query\\Grammars\\Grammar.php on line 920 at C:\\Users\\jpran\\OneDrive\\Desktop\\WK_PP_frontend\\Back-End\\vendor\\laravel\\framework\\src\\Illuminate\\Database\\Grammar.php:136)
[stacktrace]
#0 C:\\Users\\jpran\\OneDrive\\Desktop\\WK_PP_frontend\\Back-End\\vendor\\laravel\\framework\\src\\Illuminate\\Database\\Query\\Grammars\\Grammar.php(920): Illuminate\\Database\\Grammar->parameterize('')
#1 [internal function]: Illuminate\\Database\\Query\\Grammars\\Grammar->Illuminate\\Database\\Query\\Grammars\\{closure}('', 'movie_image')
#2 C:\\Users\\jpran\\OneDrive\\Desktop\\WK_PP_frontend\\Back-End\\vendor\\laravel\\framework\\src\\Illuminate\\Collections\\Collection.php(695): array_map(Object(Closure), Array, Array)
#3 C:\\Users\\jpran\\OneDrive\\Desktop\\WK_PP_frontend\\Back-End\\vendor\\laravel\\framework\\src\\Illuminate\\Database\\Query\\Grammars\\Grammar.php(921): Illuminate\\Support\\Collection->map(Object(Closure))
#4 C:\\Users\\jpran\\OneDrive\\Desktop\\WK_PP_frontend\\Back-End\\vendor\\laravel\\framework\\src\\Illuminate\\Database\\Query\\Grammars\\MySqlGrammar.php(158): Illuminate\\Database\\Query\\Grammars\\Grammar->compileInsert(Object(Illuminate\\Database\\Query\\Builder), Array)
#5 C:\\Users\\jpran\\OneDrive\\Desktop\\WK_PP_frontend\\Back-End\\vendor\\laravel\\framework\\src\\Illuminate\\Database\\Query\\Grammars\\Grammar.php(950): Illuminate\\Database\\Query\\Grammars\\MySqlGrammar->compileInsert(Object(Illuminate\\Database\\Query\\Builder), Array)
#6 C:\\Users\\jpran\\OneDrive\\Desktop\\WK_PP_frontend\\Back-End\\vendor\\laravel\\framework\\src\\Illuminate\\Database\\Query\\Builder.php(3024): Illuminate\\Database\\Query\\Grammars\\Grammar->compileInsertGetId(Object(Illuminate\\Database\\Query\\Builder), Array, 'id')
#7 C:\\Users\\jpran\\OneDrive\\Desktop\\WK_PP_frontend\\Back-End\\vendor\\laravel\\framework\\src\\Illuminate\\Database\\Eloquent\\Builder.php(1657): Illuminate\\Database\\Query\\Builder->insertGetId(Array, 'id')
#8 C:\\Users\\jpran\\OneDrive\\Desktop\\WK_PP_frontend\\Back-End\\vendor\\laravel\\framework\\src\\Illuminate\\Database\\Eloquent\\Model.php(1188): Illuminate\\Database\\Eloquent\\Builder->__call('insertGetId', Array)
#9 C:\\Users\\jpran\\OneDrive\\Desktop\\WK_PP_frontend\\Back-End\\vendor\\laravel\\framework\\src\\Illuminate\\Database\\Eloquent\\Model.php(1153): Illuminate\\Database\\Eloquent\\Model->insertAndSetId(Object(Illuminate\\Database\\Eloquent\\Builder), Array)
#10 C:\\Users\\jpran\\OneDrive\\Desktop\\WK_PP_frontend\\Back-End\\vendor\\laravel\\framework\\src\\Illuminate\\Database\\Eloquent\\Model.php(994): Illuminate\\Database\\Eloquent\\Model->performInsert(Object(Illuminate\\Database\\Eloquent\\Builder))
#11 C:\\Users\\jpran\\OneDrive\\Desktop\\WK_PP_frontend\\Back-End\\vendor\\laravel\\framework\\src\\Illuminate\\Database\\Eloquent\\Factories\\Factory.php(314): Illuminate\\Database\\Eloquent\\Model->save()
#12 C:\\Users\\jpran\\OneDrive\\Desktop\\WK_PP_frontend\\Back-End\\vendor\\laravel\\framework\\src\\Illuminate\\Collections\\Traits\\EnumeratesValues.php(245): Illuminate\\Database\\Eloquent\\Factories\\Factory->Illuminate\\Database\\Eloquent\\Factories\\{closure}(Object(App\\Models\\Horror), 0)
#13 C:\\Users\\jpran\\OneDrive\\Desktop\\WK_PP_frontend\\Back-End\\vendor\\laravel\\framework\\src\\Illuminate\\Database\\Eloquent\\Factories\\Factory.php(317): Illuminate\\Support\\Collection->each(Object(Closure))
#14 C:\\Users\\jpran\\OneDrive\\Desktop\\WK_PP_frontend\\Back-End\\vendor\\laravel\\framework\\src\\Illuminate\\Database\\Eloquent\\Factories\\Factory.php(265): Illuminate\\Database\\Eloquent\\Factories\\Factory->store(Object(Illuminate\\Database\\Eloquent\\Collection))
#15 C:\\Users\\jpran\\OneDrive\\Desktop\\WK_PP_frontend\\Back-End\\database\\seeders\\HorrorSeeder.php(17): Illuminate\\Database\\Eloquent\\Factories\\Factory->create()
#16 C:\\Users\\jpran\\OneDrive\\Desktop\\WK_PP_frontend\\Back-End\\vendor\\laravel\\framework\\src\\Illuminate\\Container\\BoundMethod.php(36): Database\\Seeders\\HorrorSeeder->run()
#17 C:\\Users\\jpran\\OneDrive\\Desktop\\WK_PP_frontend\\Back-End\\vendor\\laravel\\framework\\src\\Illuminate\\Container\\Util.php(40): Illuminate\\Container\\BoundMethod::Illuminate\\Container\\{closure}()
#18 C:\\Users\\jpran\\OneDrive\\Desktop\\WK_PP_frontend\\Back-End\\vendor\\laravel\\framework\\src\\Illuminate\\Container\\BoundMethod.php(93): Illuminate\\Container\\Util::unwrapIfClosure(Object(Closure))
#19 C:\\Users\\jpran\\OneDrive\\Desktop\\WK_PP_frontend\\Back-End\\vendor\\laravel\\framework\\src\\Illuminate\\Container\\BoundMethod.php(37): Illuminate\\Container\\BoundMethod::callBoundMethod(Object(Illuminate\\Foundation\\Application), Array, Object(Closure))
#20 C:\\Users\\jpran\\OneDrive\\Desktop\\WK_PP_frontend\\Back-End\\vendor\\laravel\\framework\\src\\Illuminate\\Container\\Container.php(653): Illuminate\\Container\\BoundMethod::call(Object(Illuminate\\Foundation\\Application), Array, Array, NULL)
#21 C:\\Users\\jpran\\OneDrive\\Desktop\\WK_PP_frontend\\Back-End\\vendor\\laravel\\framework\\src\\Illuminate\\Database\\Seeder.php(149): Illuminate\\Container\\Container->call(Array, Array)
#22 C:\\Users\\jpran\\OneDrive\\Desktop\\WK_PP_frontend\\Back-End\\vendor\\laravel\\framework\\src\\Illuminate\\Database\\Seeder.php(49): Illuminate\\Database\\Seeder->__invoke(Array)
#23 C:\\Users\\jpran\\OneDrive\\Desktop\\WK_PP_frontend\\Back-End\\database\\seeders\\DatabaseSeeder.php(19): Illuminate\\Database\\Seeder->call('Database\\\\Seeder...')
#24 C:\\Users\\jpran\\OneDrive\\Desktop\\WK_PP_frontend\\Back-End\\vendor\\laravel\\framework\\src\\Illuminate\\Container\\BoundMethod.php(36): Database\\Seeders\\DatabaseSeeder->run()
#25 C:\\Users\\jpran\\OneDrive\\Desktop\\WK_PP_frontend\\Back-End\\vendor\\laravel\\framework\\src\\Illuminate\\Container\\Util.php(40): Illuminate\\Container\\BoundMethod::Illuminate\\Container\\{closure}()
#26 C:\\Users\\jpran\\OneDrive\\Desktop\\WK_PP_frontend\\Back-End\\vendor\\laravel\\framework\\src\\Illuminate\\Container\\BoundMethod.php(93): Illuminate\\Container\\Util::unwrapIfClosure(Object(Closure))
#27 C:\\Users\\jpran\\OneDrive\\Desktop\\WK_PP_frontend\\Back-End\\vendor\\laravel\\framework\\src\\Illuminate\\Container\\BoundMethod.php(37): Illuminate\\Container\\BoundMethod::callBoundMethod(Object(Illuminate\\Foundation\\Application), Array, Object(Closure))
#28 C:\\Users\\jpran\\OneDrive\\Desktop\\WK_PP_frontend\\Back-End\\vendor\\laravel\\framework\\src\\Illuminate\\Container\\Container.php(653): Illuminate\\Container\\BoundMethod::call(Object(Illuminate\\Foundation\\Application), Array, Array, NULL)
#29 C:\\Users\\jpran\\OneDrive\\Desktop\\WK_PP_frontend\\Back-End\\vendor\\laravel\\framework\\src\\Illuminate\\Database\\Seeder.php(149): Illuminate\\Container\\Container->call(Array, Array)
#30 C:\\Users\\jpran\\OneDrive\\Desktop\\WK_PP_frontend\\Back-End\\vendor\\laravel\\framework\\src\\Illuminate\\Database\\Console\\Seeds\\SeedCommand.php(66): Illuminate\\Database\\Seeder->__invoke()
#31 C:\\Users\\jpran\\OneDrive\\Desktop\\WK_PP_frontend\\Back-End\\vendor\\laravel\\framework\\src\\Illuminate\\Database\\Eloquent\\Concerns\\GuardsAttributes.php(157): Illuminate\\Database\\Console\\Seeds\\SeedCommand->Illuminate\\Database\\Console\\Seeds\\{closure}()
#32 C:\\Users\\jpran\\OneDrive\\Desktop\\WK_PP_frontend\\Back-End\\vendor\\laravel\\framework\\src\\Illuminate\\Database\\Console\\Seeds\\SeedCommand.php(67): Illuminate\\Database\\Eloquent\\Model::unguarded(Object(Closure))
#33 C:\\Users\\jpran\\OneDrive\\Desktop\\WK_PP_frontend\\Back-End\\vendor\\laravel\\framework\\src\\Illuminate\\Container\\BoundMethod.php(36): Illuminate\\Database\\Console\\Seeds\\SeedCommand->handle()
#34 C:\\Users\\jpran\\OneDrive\\Desktop\\WK_PP_frontend\\Back-End\\vendor\\laravel\\framework\\src\\Illuminate\\Container\\Util.php(40): Illuminate\\Container\\BoundMethod::Illuminate\\Container\\{closure}()
#35 C:\\Users\\jpran\\OneDrive\\Desktop\\WK_PP_frontend\\Back-End\\vendor\\laravel\\framework\\src\\Illuminate\\Container\\BoundMethod.php(93): Illuminate\\Container\\Util::unwrapIfClosure(Object(Closure))
#36 C:\\Users\\jpran\\OneDrive\\Desktop\\WK_PP_frontend\\Back-End\\vendor\\laravel\\framework\\src\\Illuminate\\Container\\BoundMethod.php(37): Illuminate\\Container\\BoundMethod::callBoundMethod(Object(Illuminate\\Foundation\\Application), Array, Object(Closure))
#37 C:\\Users\\jpran\\OneDrive\\Desktop\\WK_PP_frontend\\Back-End\\vendor\\laravel\\framework\\src\\Illuminate\\Container\\Container.php(653): Illuminate\\Container\\BoundMethod::call(Object(Illuminate\\Foundation\\Application), Array, Array, NULL)
#38 C:\\Users\\jpran\\OneDrive\\Desktop\\WK_PP_frontend\\Back-End\\vendor\\laravel\\framework\\src\\Illuminate\\Console\\Command.php(136): Illuminate\\Container\\Container->call(Array)
#39 C:\\Users\\jpran\\OneDrive\\Desktop\\WK_PP_frontend\\Back-End\\vendor\\symfony\\console\\Command\\Command.php(298): Illuminate\\Console\\Command->execute(Object(Symfony\\Component\\Console\\Input\\ArrayInput), Object(Illuminate\\Console\\OutputStyle))
#40 C:\\Users\\jpran\\OneDrive\\Desktop\\WK_PP_frontend\\Back-End\\vendor\\laravel\\framework\\src\\Illuminate\\Console\\Command.php(121): Symfony\\Component\\Console\\Command\\Command->run(Object(Symfony\\Component\\Console\\Input\\ArrayInput), Object(Illuminate\\Console\\OutputStyle))
#41 C:\\Users\\jpran\\OneDrive\\Desktop\\WK_PP_frontend\\Back-End\\vendor\\laravel\\framework\\src\\Illuminate\\Console\\Concerns\\CallsCommands.php(68): Illuminate\\Console\\Command->run(Object(Symfony\\Component\\Console\\Input\\ArrayInput), Object(Illuminate\\Console\\OutputStyle))
#42 C:\\Users\\jpran\\OneDrive\\Desktop\\WK_PP_frontend\\Back-End\\vendor\\laravel\\framework\\src\\Illuminate\\Console\\Concerns\\CallsCommands.php(28): Illuminate\\Console\\Command->runCommand('db:seed', Array, Object(Illuminate\\Console\\OutputStyle))
#43 C:\\Users\\jpran\\OneDrive\\Desktop\\WK_PP_frontend\\Back-End\\vendor\\laravel\\framework\\src\\Illuminate\\Database\\Console\\Migrations\\FreshCommand.php(90): Illuminate\\Console\\Command->call('db:seed', Array)
#44 C:\\Users\\jpran\\OneDrive\\Desktop\\WK_PP_frontend\\Back-End\\vendor\\laravel\\framework\\src\\Illuminate\\Database\\Console\\Migrations\\FreshCommand.php(65): Illuminate\\Database\\Console\\Migrations\\FreshCommand->runSeeder(NULL)
#45 C:\\Users\\jpran\\OneDrive\\Desktop\\WK_PP_frontend\\Back-End\\vendor\\laravel\\framework\\src\\Illuminate\\Container\\BoundMethod.php(36): Illuminate\\Database\\Console\\Migrations\\FreshCommand->handle()
#46 C:\\Users\\jpran\\OneDrive\\Desktop\\WK_PP_frontend\\Back-End\\vendor\\laravel\\framework\\src\\Illuminate\\Container\\Util.php(40): Illuminate\\Container\\BoundMethod::Illuminate\\Container\\{closure}()
#47 C:\\Users\\jpran\\OneDrive\\Desktop\\WK_PP_frontend\\Back-End\\vendor\\laravel\\framework\\src\\Illuminate\\Container\\BoundMethod.php(93): Illuminate\\Container\\Util::unwrapIfClosure(Object(Closure))
#48 C:\\Users\\jpran\\OneDrive\\Desktop\\WK_PP_frontend\\Back-End\\vendor\\laravel\\framework\\src\\Illuminate\\Container\\BoundMethod.php(37): Illuminate\\Container\\BoundMethod::callBoundMethod(Object(Illuminate\\Foundation\\Application), Array, Object(Closure))
#49 C:\\Users\\jpran\\OneDrive\\Desktop\\WK_PP_frontend\\Back-End\\vendor\\laravel\\framework\\src\\Illuminate\\Container\\Container.php(653): Illuminate\\Container\\BoundMethod::call(Object(Illuminate\\Foundation\\Application), Array, Array, NULL)
#50 C:\\Users\\jpran\\OneDrive\\Desktop\\WK_PP_frontend\\Back-End\\vendor\\laravel\\framework\\src\\Illuminate\\Console\\Command.php(136): Illuminate\\Container\\Container->call(Array)
#51 C:\\Users\\jpran\\OneDrive\\Desktop\\WK_PP_frontend\\Back-End\\vendor\\symfony\\console\\Command\\Command.php(298): Illuminate\\Console\\Command->execute(Object(Symfony\\Component\\Console\\Input\\ArgvInput), Object(Illuminate\\Console\\OutputStyle))
#52 C:\\Users\\jpran\\OneDrive\\Desktop\\WK_PP_frontend\\Back-End\\vendor\\laravel\\framework\\src\\Illuminate\\Console\\Command.php(121): Symfony\\Component\\Console\\Command\\Command->run(Object(Symfony\\Component\\Console\\Input\\ArgvInput), Object(Illuminate\\Console\\OutputStyle))
#53 C:\\Users\\jpran\\OneDrive\\Desktop\\WK_PP_frontend\\Back-End\\vendor\\symfony\\console\\Application.php(1040): Illuminate\\Console\\Command->run(Object(Symfony\\Component\\Console\\Input\\ArgvInput), Object(Symfony\\Component\\Console\\Output\\ConsoleOutput))
#54 C:\\Users\\jpran\\OneDrive\\Desktop\\WK_PP_frontend\\Back-End\\vendor\\symfony\\console\\Application.php(301): Symfony\\Component\\Console\\Application->doRunCommand(Object(Illuminate\\Database\\Console\\Migrations\\FreshCommand), Object(Symfony\\Component\\Console\\Input\\ArgvInput), Object(Symfony\\Component\\Console\\Output\\ConsoleOutput))
#55 C:\\Users\\jpran\\OneDrive\\Desktop\\WK_PP_frontend\\Back-End\\vendor\\symfony\\console\\Application.php(171): Symfony\\Component\\Console\\Application->doRun(Object(Symfony\\Component\\Console\\Input\\ArgvInput), Object(Symfony\\Component\\Console\\Output\\ConsoleOutput))
#56 C:\\Users\\jpran\\OneDrive\\Desktop\\WK_PP_frontend\\Back-End\\vendor\\laravel\\framework\\src\\Illuminate\\Console\\Application.php(94): Symfony\\Component\\Console\\Application->run(Object(Symfony\\Component\\Console\\Input\\ArgvInput), Object(Symfony\\Component\\Console\\Output\\ConsoleOutput))
#57 C:\\Users\\jpran\\OneDrive\\Desktop\\WK_PP_frontend\\Back-End\\vendor\\laravel\\framework\\src\\Illuminate\\Foundation\\Console\\Kernel.php(129): Illuminate\\Console\\Application->run(Object(Symfony\\Component\\Console\\Input\\ArgvInput), Object(Symfony\\Component\\Console\\Output\\ConsoleOutput))
#58 C:\\Users\\jpran\\OneDrive\\Desktop\\WK_PP_frontend\\Back-End\\artisan(37): Illuminate\\Foundation\\Console\\Kernel->handle(Object(Symfony\\Component\\Console\\Input\\ArgvInput), Object(Symfony\\Component\\Console\\Output\\ConsoleOutput))
#59 {main}
"} 
[2026-04-01 20:53:50] local.ERROR: Use of undefined constant movie_title - assumed 'movie_title' (this will throw an Error in a future version of PHP) {"exception":"[object] (ErrorException(code: 0): Use of undefined constant movie_title - assumed 'movie_title' (this will throw an Error in a future version of PHP) at C:\\Users\\jpran\\OneDrive\\Desktop\\WK_PP_frontend\\Back-End\\database\\factories\\HorrorFactory.php:32)
[stacktrace]
#0 C:\\Users\\jpran\\OneDrive\\Desktop\\WK_PP_frontend\\Back-End\\database\\factories\\HorrorFactory.php(32): Illuminate\\Foundation\\Bootstrap\\HandleExceptions->handleError(2, 'Use of undefine...', 'C:\\\\Users\\\\jpran\\\\...', 32, Array)
#1 C:\\Users\\jpran\\OneDrive\\Desktop\\WK_PP_frontend\\Back-End\\vendor\\laravel\\framework\\src\\Illuminate\\Database\\Eloquent\\Factories\\Factory.php(424): Database\\Factories\\HorrorFactory->definition()
#2 C:\\Users\\jpran\\OneDrive\\Desktop\\WK_PP_frontend\\Back-End\\vendor\\laravel\\framework\\src\\Illuminate\\Database\\Eloquent\\Factories\\Factory.php(403): Illuminate\\Database\\Eloquent\\Factories\\Factory->getRawAttributes(NULL)
#3 C:\\Users\\jpran\\OneDrive\\Desktop\\WK_PP_frontend\\Back-End\\vendor\\laravel\\framework\\src\\Illuminate\\Database\\Eloquent\\Factories\\Factory.php(387): Illuminate\\Database\\Eloquent\\Factories\\Factory->getExpandedAttributes(NULL)
#4 C:\\Users\\jpran\\OneDrive\\Desktop\\WK_PP_frontend\\Back-End\\vendor\\laravel\\framework\\src\\Illuminate\\Database\\Eloquent\\Concerns\\GuardsAttributes.php(151): Illuminate\\Database\\Eloquent\\Factories\\Factory->Illuminate\\Database\\Eloquent\\Factories\\{closure}()
#5 C:\\Users\\jpran\\OneDrive\\Desktop\\WK_PP_frontend\\Back-End\\vendor\\laravel\\framework\\src\\Illuminate\\Database\\Eloquent\\Factories\\Factory.php(392): Illuminate\\Database\\Eloquent\\Model::unguarded(Object(Closure))
#6 C:\\Users\\jpran\\OneDrive\\Desktop\\WK_PP_frontend\\Back-End\\vendor\\laravel\\framework\\src\\Illuminate\\Database\\Eloquent\\Factories\\Factory.php(370): Illuminate\\Database\\Eloquent\\Factories\\Factory->makeInstance(NULL)
#7 [internal function]: Illuminate\\Database\\Eloquent\\Factories\\Factory->Illuminate\\Database\\Eloquent\\Factories\\{closure}(1)
#8 C:\\Users\\jpran\\OneDrive\\Desktop\\WK_PP_frontend\\Back-End\\vendor\\laravel\\framework\\src\\Illuminate\\Database\\Eloquent\\Factories\\Factory.php(371): array_map(Object(Closure), Array)
#9 C:\\Users\\jpran\\OneDrive\\Desktop\\WK_PP_frontend\\Back-End\\vendor\\laravel\\framework\\src\\Illuminate\\Database\\Eloquent\\Factories\\Factory.php(258): Illuminate\\Database\\Eloquent\\Factories\\Factory->make(Array, NULL)
#10 C:\\Users\\jpran\\OneDrive\\Desktop\\WK_PP_frontend\\Back-End\\database\\seeders\\HorrorSeeder.php(17): Illuminate\\Database\\Eloquent\\Factories\\Factory->create()
#11 C:\\Users\\jpran\\OneDrive\\Desktop\\WK_PP_frontend\\Back-End\\vendor\\laravel\\framework\\src\\Illuminate\\Container\\BoundMethod.php(36): Database\\Seeders\\HorrorSeeder->run()
#12 C:\\Users\\jpran\\OneDrive\\Desktop\\WK_PP_frontend\\Back-End\\vendor\\laravel\\framework\\src\\Illuminate\\Container\\Util.php(40): Illuminate\\Container\\BoundMethod::Illuminate\\Container\\{closure}()
#13 C:\\Users\\jpran\\OneDrive\\Desktop\\WK_PP_frontend\\Back-End\\vendor\\laravel\\framework\\src\\Illuminate\\Container\\BoundMethod.php(93): Illuminate\\Container\\Util::unwrapIfClosure(Object(Closure))
#14 C:\\Users\\jpran\\OneDrive\\Desktop\\WK_PP_frontend\\Back-End\\vendor\\laravel\\framework\\src\\Illuminate\\Container\\BoundMethod.php(37): Illuminate\\Container\\BoundMethod::callBoundMethod(Object(Illuminate\\Foundation\\Application), Array, Object(Closure))
#15 C:\\Users\\jpran\\OneDrive\\Desktop\\WK_PP_frontend\\Back-End\\vendor\\laravel\\framework\\src\\Illuminate\\Container\\Container.php(653): Illuminate\\Container\\BoundMethod::call(Object(Illuminate\\Foundation\\Application), Array, Array, NULL)
#16 C:\\Users\\jpran\\OneDrive\\Desktop\\WK_PP_frontend\\Back-End\\vendor\\laravel\\framework\\src\\Illuminate\\Database\\Seeder.php(149): Illuminate\\Container\\Container->call(Array, Array)
#17 C:\\Users\\jpran\\OneDrive\\Desktop\\WK_PP_frontend\\Back-End\\vendor\\laravel\\framework\\src\\Illuminate\\Database\\Seeder.php(49): Illuminate\\Database\\Seeder->__invoke(Array)
#18 C:\\Users\\jpran\\OneDrive\\Desktop\\WK_PP_frontend\\Back-End\\database\\seeders\\DatabaseSeeder.php(19): Illuminate\\Database\\Seeder->call('Database\\\\Seeder...')
#19 C:\\Users\\jpran\\OneDrive\\Desktop\\WK_PP_frontend\\Back-End\\vendor\\laravel\\framework\\src\\Illuminate\\Container\\BoundMethod.php(36): Database\\Seeders\\DatabaseSeeder->run()
#20 C:\\Users\\jpran\\OneDrive\\Desktop\\WK_PP_frontend\\Back-End\\vendor\\laravel\\framework\\src\\Illuminate\\Container\\Util.php(40): Illuminate\\Container\\BoundMethod::Illuminate\\Container\\{closure}()
#21 C:\\Users\\jpran\\OneDrive\\Desktop\\WK_PP_frontend\\Back-End\\vendor\\laravel\\framework\\src\\Illuminate\\Container\\BoundMethod.php(93): Illuminate\\Container\\Util::unwrapIfClosure(Object(Closure))
#22 C:\\Users\\jpran\\OneDrive\\Desktop\\WK_PP_frontend\\Back-End\\vendor\\laravel\\framework\\src\\Illuminate\\Container\\BoundMethod.php(37): Illuminate\\Container\\BoundMethod::callBoundMethod(Object(Illuminate\\Foundation\\Application), Array, Object(Closure))
#23 C:\\Users\\jpran\\OneDrive\\Desktop\\WK_PP_frontend\\Back-End\\vendor\\laravel\\framework\\src\\Illuminate\\Container\\Container.php(653): Illuminate\\Container\\BoundMethod::call(Object(Illuminate\\Foundation\\Application), Array, Array, NULL)
#24 C:\\Users\\jpran\\OneDrive\\Desktop\\WK_PP_frontend\\Back-End\\vendor\\laravel\\framework\\src\\Illuminate\\Database\\Seeder.php(149): Illuminate\\Container\\Container->call(Array, Array)
#25 C:\\Users\\jpran\\OneDrive\\Desktop\\WK_PP_frontend\\Back-End\\vendor\\laravel\\framework\\src\\Illuminate\\Database\\Console\\Seeds\\SeedCommand.php(66): Illuminate\\Database\\Seeder->__invoke()
#26 C:\\Users\\jpran\\OneDrive\\Desktop\\WK_PP_frontend\\Back-End\\vendor\\laravel\\framework\\src\\Illuminate\\Database\\Eloquent\\Concerns\\GuardsAttributes.php(157): Illuminate\\Database\\Console\\Seeds\\SeedCommand->Illuminate\\Database\\Console\\Seeds\\{closure}()
#27 C:\\Users\\jpran\\OneDrive\\Desktop\\WK_PP_frontend\\Back-End\\vendor\\laravel\\framework\\src\\Illuminate\\Database\\Console\\Seeds\\SeedCommand.php(67): Illuminate\\Database\\Eloquent\\Model::unguarded(Object(Closure))
#28 C:\\Users\\jpran\\OneDrive\\Desktop\\WK_PP_frontend\\Back-End\\vendor\\laravel\\framework\\src\\Illuminate\\Container\\BoundMethod.php(36): Illuminate\\Database\\Console\\Seeds\\SeedCommand->handle()
#29 C:\\Users\\jpran\\OneDrive\\Desktop\\WK_PP_frontend\\Back-End\\vendor\\laravel\\framework\\src\\Illuminate\\Container\\Util.php(40): Illuminate\\Container\\BoundMethod::Illuminate\\Container\\{closure}()
#30 C:\\Users\\jpran\\OneDrive\\Desktop\\WK_PP_frontend\\Back-End\\vendor\\laravel\\framework\\src\\Illuminate\\Container\\BoundMethod.php(93): Illuminate\\Container\\Util::unwrapIfClosure(Object(Closure))
#31 C:\\Users\\jpran\\OneDrive\\Desktop\\WK_PP_frontend\\Back-End\\vendor\\laravel\\framework\\src\\Illuminate\\Container\\BoundMethod.php(37): Illuminate\\Container\\BoundMethod::callBoundMethod(Object(Illuminate\\Foundation\\Application), Array, Object(Closure))
#32 C:\\Users\\jpran\\OneDrive\\Desktop\\WK_PP_frontend\\Back-End\\vendor\\laravel\\framework\\src\\Illuminate\\Container\\Container.php(653): Illuminate\\Container\\BoundMethod::call(Object(Illuminate\\Foundation\\Application), Array, Array, NULL)
#33 C:\\Users\\jpran\\OneDrive\\Desktop\\WK_PP_frontend\\Back-End\\vendor\\laravel\\framework\\src\\Illuminate\\Console\\Command.php(136): Illuminate\\Container\\Container->call(Array)
#34 C:\\Users\\jpran\\OneDrive\\Desktop\\WK_PP_frontend\\Back-End\\vendor\\symfony\\console\\Command\\Command.php(298): Illuminate\\Console\\Command->execute(Object(Symfony\\Component\\Console\\Input\\ArrayInput), Object(Illuminate\\Console\\OutputStyle))
#35 C:\\Users\\jpran\\OneDrive\\Desktop\\WK_PP_frontend\\Back-End\\vendor\\laravel\\framework\\src\\Illuminate\\Console\\Command.php(121): Symfony\\Component\\Console\\Command\\Command->run(Object(Symfony\\Component\\Console\\Input\\ArrayInput), Object(Illuminate\\Console\\OutputStyle))
#36 C:\\Users\\jpran\\OneDrive\\Desktop\\WK_PP_frontend\\Back-End\\vendor\\laravel\\framework\\src\\Illuminate\\Console\\Concerns\\CallsCommands.php(68): Illuminate\\Console\\Command->run(Object(Symfony\\Component\\Console\\Input\\ArrayInput), Object(Illuminate\\Console\\OutputStyle))
#37 C:\\Users\\jpran\\OneDrive\\Desktop\\WK_PP_frontend\\Back-End\\vendor\\laravel\\framework\\src\\Illuminate\\Console\\Concerns\\CallsCommands.php(28): Illuminate\\Console\\Command->runCommand('db:seed', Array, Object(Illuminate\\Console\\OutputStyle))
#38 C:\\Users\\jpran\\OneDrive\\Desktop\\WK_PP_frontend\\Back-End\\vendor\\laravel\\framework\\src\\Illuminate\\Database\\Console\\Migrations\\FreshCommand.php(90): Illuminate\\Console\\Command->call('db:seed', Array)
#39 C:\\Users\\jpran\\OneDrive\\Desktop\\WK_PP_frontend\\Back-End\\vendor\\laravel\\framework\\src\\Illuminate\\Database\\Console\\Migrations\\FreshCommand.php(65): Illuminate\\Database\\Console\\Migrations\\FreshCommand->runSeeder(NULL)
#40 C:\\Users\\jpran\\OneDrive\\Desktop\\WK_PP_frontend\\Back-End\\vendor\\laravel\\framework\\src\\Illuminate\\Container\\BoundMethod.php(36): Illuminate\\Database\\Console\\Migrations\\FreshCommand->handle()
#41 C:\\Users\\jpran\\OneDrive\\Desktop\\WK_PP_frontend\\Back-End\\vendor\\laravel\\framework\\src\\Illuminate\\Container\\Util.php(40): Illuminate\\Container\\BoundMethod::Illuminate\\Container\\{closure}()
#42 C:\\Users\\jpran\\OneDrive\\Desktop\\WK_PP_frontend\\Back-End\\vendor\\laravel\\framework\\src\\Illuminate\\Container\\BoundMethod.php(93): Illuminate\\Container\\Util::unwrapIfClosure(Object(Closure))
#43 C:\\Users\\jpran\\OneDrive\\Desktop\\WK_PP_frontend\\Back-End\\vendor\\laravel\\framework\\src\\Illuminate\\Container\\BoundMethod.php(37): Illuminate\\Container\\BoundMethod::callBoundMethod(Object(Illuminate\\Foundation\\Application), Array, Object(Closure))
#44 C:\\Users\\jpran\\OneDrive\\Desktop\\WK_PP_frontend\\Back-End\\vendor\\laravel\\framework\\src\\Illuminate\\Container\\Container.php(653): Illuminate\\Container\\BoundMethod::call(Object(Illuminate\\Foundation\\Application), Array, Array, NULL)
#45 C:\\Users\\jpran\\OneDrive\\Desktop\\WK_PP_frontend\\Back-End\\vendor\\laravel\\framework\\src\\Illuminate\\Console\\Command.php(136): Illuminate\\Container\\Container->call(Array)
#46 C:\\Users\\jpran\\OneDrive\\Desktop\\WK_PP_frontend\\Back-End\\vendor\\symfony\\console\\Command\\Command.php(298): Illuminate\\Console\\Command->execute(Object(Symfony\\Component\\Console\\Input\\ArgvInput), Object(Illuminate\\Console\\OutputStyle))
#47 C:\\Users\\jpran\\OneDrive\\Desktop\\WK_PP_frontend\\Back-End\\vendor\\laravel\\framework\\src\\Illuminate\\Console\\Command.php(121): Symfony\\Component\\Console\\Command\\Command->run(Object(Symfony\\Component\\Console\\Input\\ArgvInput), Object(Illuminate\\Console\\OutputStyle))
#48 C:\\Users\\jpran\\OneDrive\\Desktop\\WK_PP_frontend\\Back-End\\vendor\\symfony\\console\\Application.php(1040): Illuminate\\Console\\Command->run(Object(Symfony\\Component\\Console\\Input\\ArgvInput), Object(Symfony\\Component\\Console\\Output\\ConsoleOutput))
#49 C:\\Users\\jpran\\OneDrive\\Desktop\\WK_PP_frontend\\Back-End\\vendor\\symfony\\console\\Application.php(301): Symfony\\Component\\Console\\Application->doRunCommand(Object(Illuminate\\Database\\Console\\Migrations\\FreshCommand), Object(Symfony\\Component\\Console\\Input\\ArgvInput), Object(Symfony\\Component\\Console\\Output\\ConsoleOutput))
#50 C:\\Users\\jpran\\OneDrive\\Desktop\\WK_PP_frontend\\Back-End\\vendor\\symfony\\console\\Application.php(171): Symfony\\Component\\Console\\Application->doRun(Object(Symfony\\Component\\Console\\Input\\ArgvInput), Object(Symfony\\Component\\Console\\Output\\ConsoleOutput))
#51 C:\\Users\\jpran\\OneDrive\\Desktop\\WK_PP_frontend\\Back-End\\vendor\\laravel\\framework\\src\\Illuminate\\Console\\Application.php(94): Symfony\\Component\\Console\\Application->run(Object(Symfony\\Component\\Console\\Input\\ArgvInput), Object(Symfony\\Component\\Console\\Output\\ConsoleOutput))
#52 C:\\Users\\jpran\\OneDrive\\Desktop\\WK_PP_frontend\\Back-End\\vendor\\laravel\\framework\\src\\Illuminate\\Foundation\\Console\\Kernel.php(129): Illuminate\\Console\\Application->run(Object(Symfony\\Component\\Console\\Input\\ArgvInput), Object(Symfony\\Component\\Console\\Output\\ConsoleOutput))
#53 C:\\Users\\jpran\\OneDrive\\Desktop\\WK_PP_frontend\\Back-End\\artisan(37): Illuminate\\Foundation\\Console\\Kernel->handle(Object(Symfony\\Component\\Console\\Input\\ArgvInput), Object(Symfony\\Component\\Console\\Output\\ConsoleOutput))
#54 {main}
"} 
[2026-04-01 20:55:15] local.ERROR: SQLSTATE[HY000]: General error: 1364 Field 'movie_image' doesn't have a default value (SQL: insert into `horrors` (`movie_title`, `movie_director`, `movie_genre`, `updated_at`, `created_at`) values (The Exorcist, William Friedkin, Horror, 2026-04-01 20:55:15, 2026-04-01 20:55:15)) {"exception":"[object] (Illuminate\\Database\\QueryException(code: HY000): SQLSTATE[HY000]: General error: 1364 Field 'movie_image' doesn't have a default value (SQL: insert into `horrors` (`movie_title`, `movie_director`, `movie_genre`, `updated_at`, `created_at`) values (The Exorcist, William Friedkin, Horror, 2026-04-01 20:55:15, 2026-04-01 20:55:15)) at C:\\Users\\jpran\\OneDrive\\Desktop\\WK_PP_frontend\\Back-End\\vendor\\laravel\\framework\\src\\Illuminate\\Database\\Connection.php:712)
[stacktrace]
#0 C:\\Users\\jpran\\OneDrive\\Desktop\\WK_PP_frontend\\Back-End\\vendor\\laravel\\framework\\src\\Illuminate\\Database\\Connection.php(672): Illuminate\\Database\\Connection->runQueryCallback('insert into `ho...', Array, Object(Closure))
#1 C:\\Users\\jpran\\OneDrive\\Desktop\\WK_PP_frontend\\Back-End\\vendor\\laravel\\framework\\src\\Illuminate\\Database\\Connection.php(502): Illuminate\\Database\\Connection->run('insert into `ho...', Array, Object(Closure))
#2 C:\\Users\\jpran\\OneDrive\\Desktop\\WK_PP_frontend\\Back-End\\vendor\\laravel\\framework\\src\\Illuminate\\Database\\Connection.php(454): Illuminate\\Database\\Connection->statement('insert into `ho...', Array)
#3 C:\\Users\\jpran\\OneDrive\\Desktop\\WK_PP_frontend\\Back-End\\vendor\\laravel\\framework\\src\\Illuminate\\Database\\Query\\Processors\\Processor.php(32): Illuminate\\Database\\Connection->insert('insert into `ho...', Array)
#4 C:\\Users\\jpran\\OneDrive\\Desktop\\WK_PP_frontend\\Back-End\\vendor\\laravel\\framework\\src\\Illuminate\\Database\\Query\\Builder.php(3028): Illuminate\\Database\\Query\\Processors\\Processor->processInsertGetId(Object(Illuminate\\Database\\Query\\Builder), 'insert into `ho...', Array, 'id')
#5 C:\\Users\\jpran\\OneDrive\\Desktop\\WK_PP_frontend\\Back-End\\vendor\\laravel\\framework\\src\\Illuminate\\Database\\Eloquent\\Builder.php(1657): Illuminate\\Database\\Query\\Builder->insertGetId(Array, 'id')
#6 C:\\Users\\jpran\\OneDrive\\Desktop\\WK_PP_frontend\\Back-End\\vendor\\laravel\\framework\\src\\Illuminate\\Database\\Eloquent\\Model.php(1188): Illuminate\\Database\\Eloquent\\Builder->__call('insertGetId', Array)
#7 C:\\Users\\jpran\\OneDrive\\Desktop\\WK_PP_frontend\\Back-End\\vendor\\laravel\\framework\\src\\Illuminate\\Database\\Eloquent\\Model.php(1153): Illuminate\\Database\\Eloquent\\Model->insertAndSetId(Object(Illuminate\\Database\\Eloquent\\Builder), Array)
#8 C:\\Users\\jpran\\OneDrive\\Desktop\\WK_PP_frontend\\Back-End\\vendor\\laravel\\framework\\src\\Illuminate\\Database\\Eloquent\\Model.php(994): Illuminate\\Database\\Eloquent\\Model->performInsert(Object(Illuminate\\Database\\Eloquent\\Builder))
#9 C:\\Users\\jpran\\OneDrive\\Desktop\\WK_PP_frontend\\Back-End\\vendor\\laravel\\framework\\src\\Illuminate\\Database\\Eloquent\\Factories\\Factory.php(314): Illuminate\\Database\\Eloquent\\Model->save()
#10 C:\\Users\\jpran\\OneDrive\\Desktop\\WK_PP_frontend\\Back-End\\vendor\\laravel\\framework\\src\\Illuminate\\Collections\\Traits\\EnumeratesValues.php(245): Illuminate\\Database\\Eloquent\\Factories\\Factory->Illuminate\\Database\\Eloquent\\Factories\\{closure}(Object(App\\Models\\Horror), 0)
#11 C:\\Users\\jpran\\OneDrive\\Desktop\\WK_PP_frontend\\Back-End\\vendor\\laravel\\framework\\src\\Illuminate\\Database\\Eloquent\\Factories\\Factory.php(317): Illuminate\\Support\\Collection->each(Object(Closure))
#12 C:\\Users\\jpran\\OneDrive\\Desktop\\WK_PP_frontend\\Back-End\\vendor\\laravel\\framework\\src\\Illuminate\\Database\\Eloquent\\Factories\\Factory.php(265): Illuminate\\Database\\Eloquent\\Factories\\Factory->store(Object(Illuminate\\Database\\Eloquent\\Collection))
#13 C:\\Users\\jpran\\OneDrive\\Desktop\\WK_PP_frontend\\Back-End\\database\\seeders\\HorrorSeeder.php(17): Illuminate\\Database\\Eloquent\\Factories\\Factory->create()
#14 C:\\Users\\jpran\\OneDrive\\Desktop\\WK_PP_frontend\\Back-End\\vendor\\laravel\\framework\\src\\Illuminate\\Container\\BoundMethod.php(36): Database\\Seeders\\HorrorSeeder->run()
#15 C:\\Users\\jpran\\OneDrive\\Desktop\\WK_PP_frontend\\Back-End\\vendor\\laravel\\framework\\src\\Illuminate\\Container\\Util.php(40): Illuminate\\Container\\BoundMethod::Illuminate\\Container\\{closure}()
#16 C:\\Users\\jpran\\OneDrive\\Desktop\\WK_PP_frontend\\Back-End\\vendor\\laravel\\framework\\src\\Illuminate\\Container\\BoundMethod.php(93): Illuminate\\Container\\Util::unwrapIfClosure(Object(Closure))
#17 C:\\Users\\jpran\\OneDrive\\Desktop\\WK_PP_frontend\\Back-End\\vendor\\laravel\\framework\\src\\Illuminate\\Container\\BoundMethod.php(37): Illuminate\\Container\\BoundMethod::callBoundMethod(Object(Illuminate\\Foundation\\Application), Array, Object(Closure))
#18 C:\\Users\\jpran\\OneDrive\\Desktop\\WK_PP_frontend\\Back-End\\vendor\\laravel\\framework\\src\\Illuminate\\Container\\Container.php(653): Illuminate\\Container\\BoundMethod::call(Object(Illuminate\\Foundation\\Application), Array, Array, NULL)
#19 C:\\Users\\jpran\\OneDrive\\Desktop\\WK_PP_frontend\\Back-End\\vendor\\laravel\\framework\\src\\Illuminate\\Database\\Seeder.php(149): Illuminate\\Container\\Container->call(Array, Array)
#20 C:\\Users\\jpran\\OneDrive\\Desktop\\WK_PP_frontend\\Back-End\\vendor\\laravel\\framework\\src\\Illuminate\\Database\\Seeder.php(49): Illuminate\\Database\\Seeder->__invoke(Array)
#21 C:\\Users\\jpran\\OneDrive\\Desktop\\WK_PP_frontend\\Back-End\\database\\seeders\\DatabaseSeeder.php(19): Illuminate\\Database\\Seeder->call('Database\\\\Seeder...')
#22 C:\\Users\\jpran\\OneDrive\\Desktop\\WK_PP_frontend\\Back-End\\vendor\\laravel\\framework\\src\\Illuminate\\Container\\BoundMethod.php(36): Database\\Seeders\\DatabaseSeeder->run()
#23 C:\\Users\\jpran\\OneDrive\\Desktop\\WK_PP_frontend\\Back-End\\vendor\\laravel\\framework\\src\\Illuminate\\Container\\Util.php(40): Illuminate\\Container\\BoundMethod::Illuminate\\Container\\{closure}()
#24 C:\\Users\\jpran\\OneDrive\\Desktop\\WK_PP_frontend\\Back-End\\vendor\\laravel\\framework\\src\\Illuminate\\Container\\BoundMethod.php(93): Illuminate\\Container\\Util::unwrapIfClosure(Object(Closure))
#25 C:\\Users\\jpran\\OneDrive\\Desktop\\WK_PP_frontend\\Back-End\\vendor\\laravel\\framework\\src\\Illuminate\\Container\\BoundMethod.php(37): Illuminate\\Container\\BoundMethod::callBoundMethod(Object(Illuminate\\Foundation\\Application), Array, Object(Closure))
#26 C:\\Users\\jpran\\OneDrive\\Desktop\\WK_PP_frontend\\Back-End\\vendor\\laravel\\framework\\src\\Illuminate\\Container\\Container.php(653): Illuminate\\Container\\BoundMethod::call(Object(Illuminate\\Foundation\\Application), Array, Array, NULL)
#27 C:\\Users\\jpran\\OneDrive\\Desktop\\WK_PP_frontend\\Back-End\\vendor\\laravel\\framework\\src\\Illuminate\\Database\\Seeder.php(149): Illuminate\\Container\\Container->call(Array, Array)
#28 C:\\Users\\jpran\\OneDrive\\Desktop\\WK_PP_frontend\\Back-End\\vendor\\laravel\\framework\\src\\Illuminate\\Database\\Console\\Seeds\\SeedCommand.php(66): Illuminate\\Database\\Seeder->__invoke()
#29 C:\\Users\\jpran\\OneDrive\\Desktop\\WK_PP_frontend\\Back-End\\vendor\\laravel\\framework\\src\\Illuminate\\Database\\Eloquent\\Concerns\\GuardsAttributes.php(157): Illuminate\\Database\\Console\\Seeds\\SeedCommand->Illuminate\\Database\\Console\\Seeds\\{closure}()
#30 C:\\Users\\jpran\\OneDrive\\Desktop\\WK_PP_frontend\\Back-End\\vendor\\laravel\\framework\\src\\Illuminate\\Database\\Console\\Seeds\\SeedCommand.php(67): Illuminate\\Database\\Eloquent\\Model::unguarded(Object(Closure))
#31 C:\\Users\\jpran\\OneDrive\\Desktop\\WK_PP_frontend\\Back-End\\vendor\\laravel\\framework\\src\\Illuminate\\Container\\BoundMethod.php(36): Illuminate\\Database\\Console\\Seeds\\SeedCommand->handle()
#32 C:\\Users\\jpran\\OneDrive\\Desktop\\WK_PP_frontend\\Back-End\\vendor\\laravel\\framework\\src\\Illuminate\\Container\\Util.php(40): Illuminate\\Container\\BoundMethod::Illuminate\\Container\\{closure}()
#33 C:\\Users\\jpran\\OneDrive\\Desktop\\WK_PP_frontend\\Back-End\\vendor\\laravel\\framework\\src\\Illuminate\\Container\\BoundMethod.php(93): Illuminate\\Container\\Util::unwrapIfClosure(Object(Closure))
#34 C:\\Users\\jpran\\OneDrive\\Desktop\\WK_PP_frontend\\Back-End\\vendor\\laravel\\framework\\src\\Illuminate\\Container\\BoundMethod.php(37): Illuminate\\Container\\BoundMethod::callBoundMethod(Object(Illuminate\\Foundation\\Application), Array, Object(Closure))
#35 C:\\Users\\jpran\\OneDrive\\Desktop\\WK_PP_frontend\\Back-End\\vendor\\laravel\\framework\\src\\Illuminate\\Container\\Container.php(653): Illuminate\\Container\\BoundMethod::call(Object(Illuminate\\Foundation\\Application), Array, Array, NULL)
#36 C:\\Users\\jpran\\OneDrive\\Desktop\\WK_PP_frontend\\Back-End\\vendor\\laravel\\framework\\src\\Illuminate\\Console\\Command.php(136): Illuminate\\Container\\Container->call(Array)
#37 C:\\Users\\jpran\\OneDrive\\Desktop\\WK_PP_frontend\\Back-End\\vendor\\symfony\\console\\Command\\Command.php(298): Illuminate\\Console\\Command->execute(Object(Symfony\\Component\\Console\\Input\\ArrayInput), Object(Illuminate\\Console\\OutputStyle))
#38 C:\\Users\\jpran\\OneDrive\\Desktop\\WK_PP_frontend\\Back-End\\vendor\\laravel\\framework\\src\\Illuminate\\Console\\Command.php(121): Symfony\\Component\\Console\\Command\\Command->run(Object(Symfony\\Component\\Console\\Input\\ArrayInput), Object(Illuminate\\Console\\OutputStyle))
#39 C:\\Users\\jpran\\OneDrive\\Desktop\\WK_PP_frontend\\Back-End\\vendor\\laravel\\framework\\src\\Illuminate\\Console\\Concerns\\CallsCommands.php(68): Illuminate\\Console\\Command->run(Object(Symfony\\Component\\Console\\Input\\ArrayInput), Object(Illuminate\\Console\\OutputStyle))
#40 C:\\Users\\jpran\\OneDrive\\Desktop\\WK_PP_frontend\\Back-End\\vendor\\laravel\\framework\\src\\Illuminate\\Console\\Concerns\\CallsCommands.php(28): Illuminate\\Console\\Command->runCommand('db:seed', Array, Object(Illuminate\\Console\\OutputStyle))
#41 C:\\Users\\jpran\\OneDrive\\Desktop\\WK_PP_frontend\\Back-End\\vendor\\laravel\\framework\\src\\Illuminate\\Database\\Console\\Migrations\\FreshCommand.php(90): Illuminate\\Console\\Command->call('db:seed', Array)
#42 C:\\Users\\jpran\\OneDrive\\Desktop\\WK_PP_frontend\\Back-End\\vendor\\laravel\\framework\\src\\Illuminate\\Database\\Console\\Migrations\\FreshCommand.php(65): Illuminate\\Database\\Console\\Migrations\\FreshCommand->runSeeder(NULL)
#43 C:\\Users\\jpran\\OneDrive\\Desktop\\WK_PP_frontend\\Back-End\\vendor\\laravel\\framework\\src\\Illuminate\\Container\\BoundMethod.php(36): Illuminate\\Database\\Console\\Migrations\\FreshCommand->handle()
#44 C:\\Users\\jpran\\OneDrive\\Desktop\\WK_PP_frontend\\Back-End\\vendor\\laravel\\framework\\src\\Illuminate\\Container\\Util.php(40): Illuminate\\Container\\BoundMethod::Illuminate\\Container\\{closure}()
#45 C:\\Users\\jpran\\OneDrive\\Desktop\\WK_PP_frontend\\Back-End\\vendor\\laravel\\framework\\src\\Illuminate\\Container\\BoundMethod.php(93): Illuminate\\Container\\Util::unwrapIfClosure(Object(Closure))
#46 C:\\Users\\jpran\\OneDrive\\Desktop\\WK_PP_frontend\\Back-End\\vendor\\laravel\\framework\\src\\Illuminate\\Container\\BoundMethod.php(37): Illuminate\\Container\\BoundMethod::callBoundMethod(Object(Illuminate\\Foundation\\Application), Array, Object(Closure))
#47 C:\\Users\\jpran\\OneDrive\\Desktop\\WK_PP_frontend\\Back-End\\vendor\\laravel\\framework\\src\\Illuminate\\Container\\Container.php(653): Illuminate\\Container\\BoundMethod::call(Object(Illuminate\\Foundation\\Application), Array, Array, NULL)
#48 C:\\Users\\jpran\\OneDrive\\Desktop\\WK_PP_frontend\\Back-End\\vendor\\laravel\\framework\\src\\Illuminate\\Console\\Command.php(136): Illuminate\\Container\\Container->call(Array)
#49 C:\\Users\\jpran\\OneDrive\\Desktop\\WK_PP_frontend\\Back-End\\vendor\\symfony\\console\\Command\\Command.php(298): Illuminate\\Console\\Command->execute(Object(Symfony\\Component\\Console\\Input\\ArgvInput), Object(Illuminate\\Console\\OutputStyle))
#50 C:\\Users\\jpran\\OneDrive\\Desktop\\WK_PP_frontend\\Back-End\\vendor\\laravel\\framework\\src\\Illuminate\\Console\\Command.php(121): Symfony\\Component\\Console\\Command\\Command->run(Object(Symfony\\Component\\Console\\Input\\ArgvInput), Object(Illuminate\\Console\\OutputStyle))
#51 C:\\Users\\jpran\\OneDrive\\Desktop\\WK_PP_frontend\\Back-End\\vendor\\symfony\\console\\Application.php(1040): Illuminate\\Console\\Command->run(Object(Symfony\\Component\\Console\\Input\\ArgvInput), Object(Symfony\\Component\\Console\\Output\\ConsoleOutput))
#52 C:\\Users\\jpran\\OneDrive\\Desktop\\WK_PP_frontend\\Back-End\\vendor\\symfony\\console\\Application.php(301): Symfony\\Component\\Console\\Application->doRunCommand(Object(Illuminate\\Database\\Console\\Migrations\\FreshCommand), Object(Symfony\\Component\\Console\\Input\\ArgvInput), Object(Symfony\\Component\\Console\\Output\\ConsoleOutput))
#53 C:\\Users\\jpran\\OneDrive\\Desktop\\WK_PP_frontend\\Back-End\\vendor\\symfony\\console\\Application.php(171): Symfony\\Component\\Console\\Application->doRun(Object(Symfony\\Component\\Console\\Input\\ArgvInput), Object(Symfony\\Component\\Console\\Output\\ConsoleOutput))
#54 C:\\Users\\jpran\\OneDrive\\Desktop\\WK_PP_frontend\\Back-End\\vendor\\laravel\\framework\\src\\Illuminate\\Console\\Application.php(94): Symfony\\Component\\Console\\Application->run(Object(Symfony\\Component\\Console\\Input\\ArgvInput), Object(Symfony\\Component\\Console\\Output\\ConsoleOutput))
#55 C:\\Users\\jpran\\OneDrive\\Desktop\\WK_PP_frontend\\Back-End\\vendor\\laravel\\framework\\src\\Illuminate\\Foundation\\Console\\Kernel.php(129): Illuminate\\Console\\Application->run(Object(Symfony\\Component\\Console\\Input\\ArgvInput), Object(Symfony\\Component\\Console\\Output\\ConsoleOutput))
#56 C:\\Users\\jpran\\OneDrive\\Desktop\\WK_PP_frontend\\Back-End\\artisan(37): Illuminate\\Foundation\\Console\\Kernel->handle(Object(Symfony\\Component\\Console\\Input\\ArgvInput), Object(Symfony\\Component\\Console\\Output\\ConsoleOutput))
#57 {main}

[previous exception] [object] (PDOException(code: HY000): SQLSTATE[HY000]: General error: 1364 Field 'movie_image' doesn't have a default value at C:\\Users\\jpran\\OneDrive\\Desktop\\WK_PP_frontend\\Back-End\\vendor\\laravel\\framework\\src\\Illuminate\\Database\\Connection.php:501)
[stacktrace]
#0 C:\\Users\\jpran\\OneDrive\\Desktop\\WK_PP_frontend\\Back-End\\vendor\\laravel\\framework\\src\\Illuminate\\Database\\Connection.php(501): PDOStatement->execute()
#1 C:\\Users\\jpran\\OneDrive\\Desktop\\WK_PP_frontend\\Back-End\\vendor\\laravel\\framework\\src\\Illuminate\\Database\\Connection.php(705): Illuminate\\Database\\Connection->Illuminate\\Database\\{closure}('insert into `ho...', Array)
#2 C:\\Users\\jpran\\OneDrive\\Desktop\\WK_PP_frontend\\Back-End\\vendor\\laravel\\framework\\src\\Illuminate\\Database\\Connection.php(672): Illuminate\\Database\\Connection->runQueryCallback('insert into `ho...', Array, Object(Closure))
#3 C:\\Users\\jpran\\OneDrive\\Desktop\\WK_PP_frontend\\Back-End\\vendor\\laravel\\framework\\src\\Illuminate\\Database\\Connection.php(502): Illuminate\\Database\\Connection->run('insert into `ho...', Array, Object(Closure))
#4 C:\\Users\\jpran\\OneDrive\\Desktop\\WK_PP_frontend\\Back-End\\vendor\\laravel\\framework\\src\\Illuminate\\Database\\Connection.php(454): Illuminate\\Database\\Connection->statement('insert into `ho...', Array)
#5 C:\\Users\\jpran\\OneDrive\\Desktop\\WK_PP_frontend\\Back-End\\vendor\\laravel\\framework\\src\\Illuminate\\Database\\Query\\Processors\\Processor.php(32): Illuminate\\Database\\Connection->insert('insert into `ho...', Array)
#6 C:\\Users\\jpran\\OneDrive\\Desktop\\WK_PP_frontend\\Back-End\\vendor\\laravel\\framework\\src\\Illuminate\\Database\\Query\\Builder.php(3028): Illuminate\\Database\\Query\\Processors\\Processor->processInsertGetId(Object(Illuminate\\Database\\Query\\Builder), 'insert into `ho...', Array, 'id')
#7 C:\\Users\\jpran\\OneDrive\\Desktop\\WK_PP_frontend\\Back-End\\vendor\\laravel\\framework\\src\\Illuminate\\Database\\Eloquent\\Builder.php(1657): Illuminate\\Database\\Query\\Builder->insertGetId(Array, 'id')
#8 C:\\Users\\jpran\\OneDrive\\Desktop\\WK_PP_frontend\\Back-End\\vendor\\laravel\\framework\\src\\Illuminate\\Database\\Eloquent\\Model.php(1188): Illuminate\\Database\\Eloquent\\Builder->__call('insertGetId', Array)
#9 C:\\Users\\jpran\\OneDrive\\Desktop\\WK_PP_frontend\\Back-End\\vendor\\laravel\\framework\\src\\Illuminate\\Database\\Eloquent\\Model.php(1153): Illuminate\\Database\\Eloquent\\Model->insertAndSetId(Object(Illuminate\\Database\\Eloquent\\Builder), Array)
#10 C:\\Users\\jpran\\OneDrive\\Desktop\\WK_PP_frontend\\Back-End\\vendor\\laravel\\framework\\src\\Illuminate\\Database\\Eloquent\\Model.php(994): Illuminate\\Database\\Eloquent\\Model->performInsert(Object(Illuminate\\Database\\Eloquent\\Builder))
#11 C:\\Users\\jpran\\OneDrive\\Desktop\\WK_PP_frontend\\Back-End\\vendor\\laravel\\framework\\src\\Illuminate\\Database\\Eloquent\\Factories\\Factory.php(314): Illuminate\\Database\\Eloquent\\Model->save()
#12 C:\\Users\\jpran\\OneDrive\\Desktop\\WK_PP_frontend\\Back-End\\vendor\\laravel\\framework\\src\\Illuminate\\Collections\\Traits\\EnumeratesValues.php(245): Illuminate\\Database\\Eloquent\\Factories\\Factory->Illuminate\\Database\\Eloquent\\Factories\\{closure}(Object(App\\Models\\Horror), 0)
#13 C:\\Users\\jpran\\OneDrive\\Desktop\\WK_PP_frontend\\Back-End\\vendor\\laravel\\framework\\src\\Illuminate\\Database\\Eloquent\\Factories\\Factory.php(317): Illuminate\\Support\\Collection->each(Object(Closure))
#14 C:\\Users\\jpran\\OneDrive\\Desktop\\WK_PP_frontend\\Back-End\\vendor\\laravel\\framework\\src\\Illuminate\\Database\\Eloquent\\Factories\\Factory.php(265): Illuminate\\Database\\Eloquent\\Factories\\Factory->store(Object(Illuminate\\Database\\Eloquent\\Collection))
#15 C:\\Users\\jpran\\OneDrive\\Desktop\\WK_PP_frontend\\Back-End\\database\\seeders\\HorrorSeeder.php(17): Illuminate\\Database\\Eloquent\\Factories\\Factory->create()
#16 C:\\Users\\jpran\\OneDrive\\Desktop\\WK_PP_frontend\\Back-End\\vendor\\laravel\\framework\\src\\Illuminate\\Container\\BoundMethod.php(36): Database\\Seeders\\HorrorSeeder->run()
#17 C:\\Users\\jpran\\OneDrive\\Desktop\\WK_PP_frontend\\Back-End\\vendor\\laravel\\framework\\src\\Illuminate\\Container\\Util.php(40): Illuminate\\Container\\BoundMethod::Illuminate\\Container\\{closure}()
#18 C:\\Users\\jpran\\OneDrive\\Desktop\\WK_PP_frontend\\Back-End\\vendor\\laravel\\framework\\src\\Illuminate\\Container\\BoundMethod.php(93): Illuminate\\Container\\Util::unwrapIfClosure(Object(Closure))
#19 C:\\Users\\jpran\\OneDrive\\Desktop\\WK_PP_frontend\\Back-End\\vendor\\laravel\\framework\\src\\Illuminate\\Container\\BoundMethod.php(37): Illuminate\\Container\\BoundMethod::callBoundMethod(Object(Illuminate\\Foundation\\Application), Array, Object(Closure))
#20 C:\\Users\\jpran\\OneDrive\\Desktop\\WK_PP_frontend\\Back-End\\vendor\\laravel\\framework\\src\\Illuminate\\Container\\Container.php(653): Illuminate\\Container\\BoundMethod::call(Object(Illuminate\\Foundation\\Application), Array, Array, NULL)
#21 C:\\Users\\jpran\\OneDrive\\Desktop\\WK_PP_frontend\\Back-End\\vendor\\laravel\\framework\\src\\Illuminate\\Database\\Seeder.php(149): Illuminate\\Container\\Container->call(Array, Array)
#22 C:\\Users\\jpran\\OneDrive\\Desktop\\WK_PP_frontend\\Back-End\\vendor\\laravel\\framework\\src\\Illuminate\\Database\\Seeder.php(49): Illuminate\\Database\\Seeder->__invoke(Array)
#23 C:\\Users\\jpran\\OneDrive\\Desktop\\WK_PP_frontend\\Back-End\\database\\seeders\\DatabaseSeeder.php(19): Illuminate\\Database\\Seeder->call('Database\\\\Seeder...')
#24 C:\\Users\\jpran\\OneDrive\\Desktop\\WK_PP_frontend\\Back-End\\vendor\\laravel\\framework\\src\\Illuminate\\Container\\BoundMethod.php(36): Database\\Seeders\\DatabaseSeeder->run()
#25 C:\\Users\\jpran\\OneDrive\\Desktop\\WK_PP_frontend\\Back-End\\vendor\\laravel\\framework\\src\\Illuminate\\Container\\Util.php(40): Illuminate\\Container\\BoundMethod::Illuminate\\Container\\{closure}()
#26 C:\\Users\\jpran\\OneDrive\\Desktop\\WK_PP_frontend\\Back-End\\vendor\\laravel\\framework\\src\\Illuminate\\Container\\BoundMethod.php(93): Illuminate\\Container\\Util::unwrapIfClosure(Object(Closure))
#27 C:\\Users\\jpran\\OneDrive\\Desktop\\WK_PP_frontend\\Back-End\\vendor\\laravel\\framework\\src\\Illuminate\\Container\\BoundMethod.php(37): Illuminate\\Container\\BoundMethod::callBoundMethod(Object(Illuminate\\Foundation\\Application), Array, Object(Closure))
#28 C:\\Users\\jpran\\OneDrive\\Desktop\\WK_PP_frontend\\Back-End\\vendor\\laravel\\framework\\src\\Illuminate\\Container\\Container.php(653): Illuminate\\Container\\BoundMethod::call(Object(Illuminate\\Foundation\\Application), Array, Array, NULL)
#29 C:\\Users\\jpran\\OneDrive\\Desktop\\WK_PP_frontend\\Back-End\\vendor\\laravel\\framework\\src\\Illuminate\\Database\\Seeder.php(149): Illuminate\\Container\\Container->call(Array, Array)
#30 C:\\Users\\jpran\\OneDrive\\Desktop\\WK_PP_frontend\\Back-End\\vendor\\laravel\\framework\\src\\Illuminate\\Database\\Console\\Seeds\\SeedCommand.php(66): Illuminate\\Database\\Seeder->__invoke()
#31 C:\\Users\\jpran\\OneDrive\\Desktop\\WK_PP_frontend\\Back-End\\vendor\\laravel\\framework\\src\\Illuminate\\Database\\Eloquent\\Concerns\\GuardsAttributes.php(157): Illuminate\\Database\\Console\\Seeds\\SeedCommand->Illuminate\\Database\\Console\\Seeds\\{closure}()
#32 C:\\Users\\jpran\\OneDrive\\Desktop\\WK_PP_frontend\\Back-End\\vendor\\laravel\\framework\\src\\Illuminate\\Database\\Console\\Seeds\\SeedCommand.php(67): Illuminate\\Database\\Eloquent\\Model::unguarded(Object(Closure))
#33 C:\\Users\\jpran\\OneDrive\\Desktop\\WK_PP_frontend\\Back-End\\vendor\\laravel\\framework\\src\\Illuminate\\Container\\BoundMethod.php(36): Illuminate\\Database\\Console\\Seeds\\SeedCommand->handle()
#34 C:\\Users\\jpran\\OneDrive\\Desktop\\WK_PP_frontend\\Back-End\\vendor\\laravel\\framework\\src\\Illuminate\\Container\\Util.php(40): Illuminate\\Container\\BoundMethod::Illuminate\\Container\\{closure}()
#35 C:\\Users\\jpran\\OneDrive\\Desktop\\WK_PP_frontend\\Back-End\\vendor\\laravel\\framework\\src\\Illuminate\\Container\\BoundMethod.php(93): Illuminate\\Container\\Util::unwrapIfClosure(Object(Closure))
#36 C:\\Users\\jpran\\OneDrive\\Desktop\\WK_PP_frontend\\Back-End\\vendor\\laravel\\framework\\src\\Illuminate\\Container\\BoundMethod.php(37): Illuminate\\Container\\BoundMethod::callBoundMethod(Object(Illuminate\\Foundation\\Application), Array, Object(Closure))
#37 C:\\Users\\jpran\\OneDrive\\Desktop\\WK_PP_frontend\\Back-End\\vendor\\laravel\\framework\\src\\Illuminate\\Container\\Container.php(653): Illuminate\\Container\\BoundMethod::call(Object(Illuminate\\Foundation\\Application), Array, Array, NULL)
#38 C:\\Users\\jpran\\OneDrive\\Desktop\\WK_PP_frontend\\Back-End\\vendor\\laravel\\framework\\src\\Illuminate\\Console\\Command.php(136): Illuminate\\Container\\Container->call(Array)
#39 C:\\Users\\jpran\\OneDrive\\Desktop\\WK_PP_frontend\\Back-End\\vendor\\symfony\\console\\Command\\Command.php(298): Illuminate\\Console\\Command->execute(Object(Symfony\\Component\\Console\\Input\\ArrayInput), Object(Illuminate\\Console\\OutputStyle))
#40 C:\\Users\\jpran\\OneDrive\\Desktop\\WK_PP_frontend\\Back-End\\vendor\\laravel\\framework\\src\\Illuminate\\Console\\Command.php(121): Symfony\\Component\\Console\\Command\\Command->run(Object(Symfony\\Component\\Console\\Input\\ArrayInput), Object(Illuminate\\Console\\OutputStyle))
#41 C:\\Users\\jpran\\OneDrive\\Desktop\\WK_PP_frontend\\Back-End\\vendor\\laravel\\framework\\src\\Illuminate\\Console\\Concerns\\CallsCommands.php(68): Illuminate\\Console\\Command->run(Object(Symfony\\Component\\Console\\Input\\ArrayInput), Object(Illuminate\\Console\\OutputStyle))
#42 C:\\Users\\jpran\\OneDrive\\Desktop\\WK_PP_frontend\\Back-End\\vendor\\laravel\\framework\\src\\Illuminate\\Console\\Concerns\\CallsCommands.php(28): Illuminate\\Console\\Command->runCommand('db:seed', Array, Object(Illuminate\\Console\\OutputStyle))
#43 C:\\Users\\jpran\\OneDrive\\Desktop\\WK_PP_frontend\\Back-End\\vendor\\laravel\\framework\\src\\Illuminate\\Database\\Console\\Migrations\\FreshCommand.php(90): Illuminate\\Console\\Command->call('db:seed', Array)
#44 C:\\Users\\jpran\\OneDrive\\Desktop\\WK_PP_frontend\\Back-End\\vendor\\laravel\\framework\\src\\Illuminate\\Database\\Console\\Migrations\\FreshCommand.php(65): Illuminate\\Database\\Console\\Migrations\\FreshCommand->runSeeder(NULL)
#45 C:\\Users\\jpran\\OneDrive\\Desktop\\WK_PP_frontend\\Back-End\\vendor\\laravel\\framework\\src\\Illuminate\\Container\\BoundMethod.php(36): Illuminate\\Database\\Console\\Migrations\\FreshCommand->handle()
#46 C:\\Users\\jpran\\OneDrive\\Desktop\\WK_PP_frontend\\Back-End\\vendor\\laravel\\framework\\src\\Illuminate\\Container\\Util.php(40): Illuminate\\Container\\BoundMethod::Illuminate\\Container\\{closure}()
#47 C:\\Users\\jpran\\OneDrive\\Desktop\\WK_PP_frontend\\Back-End\\vendor\\laravel\\framework\\src\\Illuminate\\Container\\BoundMethod.php(93): Illuminate\\Container\\Util::unwrapIfClosure(Object(Closure))
#48 C:\\Users\\jpran\\OneDrive\\Desktop\\WK_PP_frontend\\Back-End\\vendor\\laravel\\framework\\src\\Illuminate\\Container\\BoundMethod.php(37): Illuminate\\Container\\BoundMethod::callBoundMethod(Object(Illuminate\\Foundation\\Application), Array, Object(Closure))
#49 C:\\Users\\jpran\\OneDrive\\Desktop\\WK_PP_frontend\\Back-End\\vendor\\laravel\\framework\\src\\Illuminate\\Container\\Container.php(653): Illuminate\\Container\\BoundMethod::call(Object(Illuminate\\Foundation\\Application), Array, Array, NULL)
#50 C:\\Users\\jpran\\OneDrive\\Desktop\\WK_PP_frontend\\Back-End\\vendor\\laravel\\framework\\src\\Illuminate\\Console\\Command.php(136): Illuminate\\Container\\Container->call(Array)
#51 C:\\Users\\jpran\\OneDrive\\Desktop\\WK_PP_frontend\\Back-End\\vendor\\symfony\\console\\Command\\Command.php(298): Illuminate\\Console\\Command->execute(Object(Symfony\\Component\\Console\\Input\\ArgvInput), Object(Illuminate\\Console\\OutputStyle))
#52 C:\\Users\\jpran\\OneDrive\\Desktop\\WK_PP_frontend\\Back-End\\vendor\\laravel\\framework\\src\\Illuminate\\Console\\Command.php(121): Symfony\\Component\\Console\\Command\\Command->run(Object(Symfony\\Component\\Console\\Input\\ArgvInput), Object(Illuminate\\Console\\OutputStyle))
#53 C:\\Users\\jpran\\OneDrive\\Desktop\\WK_PP_frontend\\Back-End\\vendor\\symfony\\console\\Application.php(1040): Illuminate\\Console\\Command->run(Object(Symfony\\Component\\Console\\Input\\ArgvInput), Object(Symfony\\Component\\Console\\Output\\ConsoleOutput))
#54 C:\\Users\\jpran\\OneDrive\\Desktop\\WK_PP_frontend\\Back-End\\vendor\\symfony\\console\\Application.php(301): Symfony\\Component\\Console\\Application->doRunCommand(Object(Illuminate\\Database\\Console\\Migrations\\FreshCommand), Object(Symfony\\Component\\Console\\Input\\ArgvInput), Object(Symfony\\Component\\Console\\Output\\ConsoleOutput))
#55 C:\\Users\\jpran\\OneDrive\\Desktop\\WK_PP_frontend\\Back-End\\vendor\\symfony\\console\\Application.php(171): Symfony\\Component\\Console\\Application->doRun(Object(Symfony\\Component\\Console\\Input\\ArgvInput), Object(Symfony\\Component\\Console\\Output\\ConsoleOutput))
#56 C:\\Users\\jpran\\OneDrive\\Desktop\\WK_PP_frontend\\Back-End\\vendor\\laravel\\framework\\src\\Illuminate\\Console\\Application.php(94): Symfony\\Component\\Console\\Application->run(Object(Symfony\\Component\\Console\\Input\\ArgvInput), Object(Symfony\\Component\\Console\\Output\\ConsoleOutput))
#57 C:\\Users\\jpran\\OneDrive\\Desktop\\WK_PP_frontend\\Back-End\\vendor\\laravel\\framework\\src\\Illuminate\\Foundation\\Console\\Kernel.php(129): Illuminate\\Console\\Application->run(Object(Symfony\\Component\\Console\\Input\\ArgvInput), Object(Symfony\\Component\\Console\\Output\\ConsoleOutput))
#58 C:\\Users\\jpran\\OneDrive\\Desktop\\WK_PP_frontend\\Back-End\\artisan(37): Illuminate\\Foundation\\Console\\Kernel->handle(Object(Symfony\\Component\\Console\\Input\\ArgvInput), Object(Symfony\\Component\\Console\\Output\\ConsoleOutput))
#59 {main}
"} 
[2026-04-01 21:04:40] local.ERROR: Use of undefined constant movie_title - assumed 'movie_title' (this will throw an Error in a future version of PHP) {"exception":"[object] (ErrorException(code: 0): Use of undefined constant movie_title - assumed 'movie_title' (this will throw an Error in a future version of PHP) at C:\\Users\\jpran\\OneDrive\\Desktop\\WK_PP_frontend\\Back-End\\database\\factories\\ComedyFactory.php:32)
[stacktrace]
#0 C:\\Users\\jpran\\OneDrive\\Desktop\\WK_PP_frontend\\Back-End\\database\\factories\\ComedyFactory.php(32): Illuminate\\Foundation\\Bootstrap\\HandleExceptions->handleError(2, 'Use of undefine...', 'C:\\\\Users\\\\jpran\\\\...', 32, Array)
#1 C:\\Users\\jpran\\OneDrive\\Desktop\\WK_PP_frontend\\Back-End\\vendor\\laravel\\framework\\src\\Illuminate\\Database\\Eloquent\\Factories\\Factory.php(424): Database\\Factories\\ComedyFactory->definition()
#2 C:\\Users\\jpran\\OneDrive\\Desktop\\WK_PP_frontend\\Back-End\\vendor\\laravel\\framework\\src\\Illuminate\\Database\\Eloquent\\Factories\\Factory.php(403): Illuminate\\Database\\Eloquent\\Factories\\Factory->getRawAttributes(NULL)
#3 C:\\Users\\jpran\\OneDrive\\Desktop\\WK_PP_frontend\\Back-End\\vendor\\laravel\\framework\\src\\Illuminate\\Database\\Eloquent\\Factories\\Factory.php(387): Illuminate\\Database\\Eloquent\\Factories\\Factory->getExpandedAttributes(NULL)
#4 C:\\Users\\jpran\\OneDrive\\Desktop\\WK_PP_frontend\\Back-End\\vendor\\laravel\\framework\\src\\Illuminate\\Database\\Eloquent\\Concerns\\GuardsAttributes.php(151): Illuminate\\Database\\Eloquent\\Factories\\Factory->Illuminate\\Database\\Eloquent\\Factories\\{closure}()
#5 C:\\Users\\jpran\\OneDrive\\Desktop\\WK_PP_frontend\\Back-End\\vendor\\laravel\\framework\\src\\Illuminate\\Database\\Eloquent\\Factories\\Factory.php(392): Illuminate\\Database\\Eloquent\\Model::unguarded(Object(Closure))
#6 C:\\Users\\jpran\\OneDrive\\Desktop\\WK_PP_frontend\\Back-End\\vendor\\laravel\\framework\\src\\Illuminate\\Database\\Eloquent\\Factories\\Factory.php(370): Illuminate\\Database\\Eloquent\\Factories\\Factory->makeInstance(NULL)
#7 [internal function]: Illuminate\\Database\\Eloquent\\Factories\\Factory->Illuminate\\Database\\Eloquent\\Factories\\{closure}(1)
#8 C:\\Users\\jpran\\OneDrive\\Desktop\\WK_PP_frontend\\Back-End\\vendor\\laravel\\framework\\src\\Illuminate\\Database\\Eloquent\\Factories\\Factory.php(371): array_map(Object(Closure), Array)
#9 C:\\Users\\jpran\\OneDrive\\Desktop\\WK_PP_frontend\\Back-End\\vendor\\laravel\\framework\\src\\Illuminate\\Database\\Eloquent\\Factories\\Factory.php(258): Illuminate\\Database\\Eloquent\\Factories\\Factory->make(Array, NULL)
#10 C:\\Users\\jpran\\OneDrive\\Desktop\\WK_PP_frontend\\Back-End\\database\\seeders\\ComedySeeder.php(17): Illuminate\\Database\\Eloquent\\Factories\\Factory->create()
#11 C:\\Users\\jpran\\OneDrive\\Desktop\\WK_PP_frontend\\Back-End\\vendor\\laravel\\framework\\src\\Illuminate\\Container\\BoundMethod.php(36): Database\\Seeders\\ComedySeeder->run()
#12 C:\\Users\\jpran\\OneDrive\\Desktop\\WK_PP_frontend\\Back-End\\vendor\\laravel\\framework\\src\\Illuminate\\Container\\Util.php(40): Illuminate\\Container\\BoundMethod::Illuminate\\Container\\{closure}()
#13 C:\\Users\\jpran\\OneDrive\\Desktop\\WK_PP_frontend\\Back-End\\vendor\\laravel\\framework\\src\\Illuminate\\Container\\BoundMethod.php(93): Illuminate\\Container\\Util::unwrapIfClosure(Object(Closure))
#14 C:\\Users\\jpran\\OneDrive\\Desktop\\WK_PP_frontend\\Back-End\\vendor\\laravel\\framework\\src\\Illuminate\\Container\\BoundMethod.php(37): Illuminate\\Container\\BoundMethod::callBoundMethod(Object(Illuminate\\Foundation\\Application), Array, Object(Closure))
#15 C:\\Users\\jpran\\OneDrive\\Desktop\\WK_PP_frontend\\Back-End\\vendor\\laravel\\framework\\src\\Illuminate\\Container\\Container.php(653): Illuminate\\Container\\BoundMethod::call(Object(Illuminate\\Foundation\\Application), Array, Array, NULL)
#16 C:\\Users\\jpran\\OneDrive\\Desktop\\WK_PP_frontend\\Back-End\\vendor\\laravel\\framework\\src\\Illuminate\\Database\\Seeder.php(149): Illuminate\\Container\\Container->call(Array, Array)
#17 C:\\Users\\jpran\\OneDrive\\Desktop\\WK_PP_frontend\\Back-End\\vendor\\laravel\\framework\\src\\Illuminate\\Database\\Seeder.php(49): Illuminate\\Database\\Seeder->__invoke(Array)
#18 C:\\Users\\jpran\\OneDrive\\Desktop\\WK_PP_frontend\\Back-End\\database\\seeders\\DatabaseSeeder.php(19): Illuminate\\Database\\Seeder->call('Database\\\\Seeder...')
#19 C:\\Users\\jpran\\OneDrive\\Desktop\\WK_PP_frontend\\Back-End\\vendor\\laravel\\framework\\src\\Illuminate\\Container\\BoundMethod.php(36): Database\\Seeders\\DatabaseSeeder->run()
#20 C:\\Users\\jpran\\OneDrive\\Desktop\\WK_PP_frontend\\Back-End\\vendor\\laravel\\framework\\src\\Illuminate\\Container\\Util.php(40): Illuminate\\Container\\BoundMethod::Illuminate\\Container\\{closure}()
#21 C:\\Users\\jpran\\OneDrive\\Desktop\\WK_PP_frontend\\Back-End\\vendor\\laravel\\framework\\src\\Illuminate\\Container\\BoundMethod.php(93): Illuminate\\Container\\Util::unwrapIfClosure(Object(Closure))
#22 C:\\Users\\jpran\\OneDrive\\Desktop\\WK_PP_frontend\\Back-End\\vendor\\laravel\\framework\\src\\Illuminate\\Container\\BoundMethod.php(37): Illuminate\\Container\\BoundMethod::callBoundMethod(Object(Illuminate\\Foundation\\Application), Array, Object(Closure))
#23 C:\\Users\\jpran\\OneDrive\\Desktop\\WK_PP_frontend\\Back-End\\vendor\\laravel\\framework\\src\\Illuminate\\Container\\Container.php(653): Illuminate\\Container\\BoundMethod::call(Object(Illuminate\\Foundation\\Application), Array, Array, NULL)
#24 C:\\Users\\jpran\\OneDrive\\Desktop\\WK_PP_frontend\\Back-End\\vendor\\laravel\\framework\\src\\Illuminate\\Database\\Seeder.php(149): Illuminate\\Container\\Container->call(Array, Array)
#25 C:\\Users\\jpran\\OneDrive\\Desktop\\WK_PP_frontend\\Back-End\\vendor\\laravel\\framework\\src\\Illuminate\\Database\\Console\\Seeds\\SeedCommand.php(66): Illuminate\\Database\\Seeder->__invoke()
#26 C:\\Users\\jpran\\OneDrive\\Desktop\\WK_PP_frontend\\Back-End\\vendor\\laravel\\framework\\src\\Illuminate\\Database\\Eloquent\\Concerns\\GuardsAttributes.php(157): Illuminate\\Database\\Console\\Seeds\\SeedCommand->Illuminate\\Database\\Console\\Seeds\\{closure}()
#27 C:\\Users\\jpran\\OneDrive\\Desktop\\WK_PP_frontend\\Back-End\\vendor\\laravel\\framework\\src\\Illuminate\\Database\\Console\\Seeds\\SeedCommand.php(67): Illuminate\\Database\\Eloquent\\Model::unguarded(Object(Closure))
#28 C:\\Users\\jpran\\OneDrive\\Desktop\\WK_PP_frontend\\Back-End\\vendor\\laravel\\framework\\src\\Illuminate\\Container\\BoundMethod.php(36): Illuminate\\Database\\Console\\Seeds\\SeedCommand->handle()
#29 C:\\Users\\jpran\\OneDrive\\Desktop\\WK_PP_frontend\\Back-End\\vendor\\laravel\\framework\\src\\Illuminate\\Container\\Util.php(40): Illuminate\\Container\\BoundMethod::Illuminate\\Container\\{closure}()
#30 C:\\Users\\jpran\\OneDrive\\Desktop\\WK_PP_frontend\\Back-End\\vendor\\laravel\\framework\\src\\Illuminate\\Container\\BoundMethod.php(93): Illuminate\\Container\\Util::unwrapIfClosure(Object(Closure))
#31 C:\\Users\\jpran\\OneDrive\\Desktop\\WK_PP_frontend\\Back-End\\vendor\\laravel\\framework\\src\\Illuminate\\Container\\BoundMethod.php(37): Illuminate\\Container\\BoundMethod::callBoundMethod(Object(Illuminate\\Foundation\\Application), Array, Object(Closure))
#32 C:\\Users\\jpran\\OneDrive\\Desktop\\WK_PP_frontend\\Back-End\\vendor\\laravel\\framework\\src\\Illuminate\\Container\\Container.php(653): Illuminate\\Container\\BoundMethod::call(Object(Illuminate\\Foundation\\Application), Array, Array, NULL)
#33 C:\\Users\\jpran\\OneDrive\\Desktop\\WK_PP_frontend\\Back-End\\vendor\\laravel\\framework\\src\\Illuminate\\Console\\Command.php(136): Illuminate\\Container\\Container->call(Array)
#34 C:\\Users\\jpran\\OneDrive\\Desktop\\WK_PP_frontend\\Back-End\\vendor\\symfony\\console\\Command\\Command.php(298): Illuminate\\Console\\Command->execute(Object(Symfony\\Component\\Console\\Input\\ArrayInput), Object(Illuminate\\Console\\OutputStyle))
#35 C:\\Users\\jpran\\OneDrive\\Desktop\\WK_PP_frontend\\Back-End\\vendor\\laravel\\framework\\src\\Illuminate\\Console\\Command.php(121): Symfony\\Component\\Console\\Command\\Command->run(Object(Symfony\\Component\\Console\\Input\\ArrayInput), Object(Illuminate\\Console\\OutputStyle))
#36 C:\\Users\\jpran\\OneDrive\\Desktop\\WK_PP_frontend\\Back-End\\vendor\\laravel\\framework\\src\\Illuminate\\Console\\Concerns\\CallsCommands.php(68): Illuminate\\Console\\Command->run(Object(Symfony\\Component\\Console\\Input\\ArrayInput), Object(Illuminate\\Console\\OutputStyle))
#37 C:\\Users\\jpran\\OneDrive\\Desktop\\WK_PP_frontend\\Back-End\\vendor\\laravel\\framework\\src\\Illuminate\\Console\\Concerns\\CallsCommands.php(28): Illuminate\\Console\\Command->runCommand('db:seed', Array, Object(Illuminate\\Console\\OutputStyle))
#38 C:\\Users\\jpran\\OneDrive\\Desktop\\WK_PP_frontend\\Back-End\\vendor\\laravel\\framework\\src\\Illuminate\\Database\\Console\\Migrations\\FreshCommand.php(90): Illuminate\\Console\\Command->call('db:seed', Array)
#39 C:\\Users\\jpran\\OneDrive\\Desktop\\WK_PP_frontend\\Back-End\\vendor\\laravel\\framework\\src\\Illuminate\\Database\\Console\\Migrations\\FreshCommand.php(65): Illuminate\\Database\\Console\\Migrations\\FreshCommand->runSeeder(NULL)
#40 C:\\Users\\jpran\\OneDrive\\Desktop\\WK_PP_frontend\\Back-End\\vendor\\laravel\\framework\\src\\Illuminate\\Container\\BoundMethod.php(36): Illuminate\\Database\\Console\\Migrations\\FreshCommand->handle()
#41 C:\\Users\\jpran\\OneDrive\\Desktop\\WK_PP_frontend\\Back-End\\vendor\\laravel\\framework\\src\\Illuminate\\Container\\Util.php(40): Illuminate\\Container\\BoundMethod::Illuminate\\Container\\{closure}()
#42 C:\\Users\\jpran\\OneDrive\\Desktop\\WK_PP_frontend\\Back-End\\vendor\\laravel\\framework\\src\\Illuminate\\Container\\BoundMethod.php(93): Illuminate\\Container\\Util::unwrapIfClosure(Object(Closure))
#43 C:\\Users\\jpran\\OneDrive\\Desktop\\WK_PP_frontend\\Back-End\\vendor\\laravel\\framework\\src\\Illuminate\\Container\\BoundMethod.php(37): Illuminate\\Container\\BoundMethod::callBoundMethod(Object(Illuminate\\Foundation\\Application), Array, Object(Closure))
#44 C:\\Users\\jpran\\OneDrive\\Desktop\\WK_PP_frontend\\Back-End\\vendor\\laravel\\framework\\src\\Illuminate\\Container\\Container.php(653): Illuminate\\Container\\BoundMethod::call(Object(Illuminate\\Foundation\\Application), Array, Array, NULL)
#45 C:\\Users\\jpran\\OneDrive\\Desktop\\WK_PP_frontend\\Back-End\\vendor\\laravel\\framework\\src\\Illuminate\\Console\\Command.php(136): Illuminate\\Container\\Container->call(Array)
#46 C:\\Users\\jpran\\OneDrive\\Desktop\\WK_PP_frontend\\Back-End\\vendor\\symfony\\console\\Command\\Command.php(298): Illuminate\\Console\\Command->execute(Object(Symfony\\Component\\Console\\Input\\ArgvInput), Object(Illuminate\\Console\\OutputStyle))
#47 C:\\Users\\jpran\\OneDrive\\Desktop\\WK_PP_frontend\\Back-End\\vendor\\laravel\\framework\\src\\Illuminate\\Console\\Command.php(121): Symfony\\Component\\Console\\Command\\Command->run(Object(Symfony\\Component\\Console\\Input\\ArgvInput), Object(Illuminate\\Console\\OutputStyle))
#48 C:\\Users\\jpran\\OneDrive\\Desktop\\WK_PP_frontend\\Back-End\\vendor\\symfony\\console\\Application.php(1040): Illuminate\\Console\\Command->run(Object(Symfony\\Component\\Console\\Input\\ArgvInput), Object(Symfony\\Component\\Console\\Output\\ConsoleOutput))
#49 C:\\Users\\jpran\\OneDrive\\Desktop\\WK_PP_frontend\\Back-End\\vendor\\symfony\\console\\Application.php(301): Symfony\\Component\\Console\\Application->doRunCommand(Object(Illuminate\\Database\\Console\\Migrations\\FreshCommand), Object(Symfony\\Component\\Console\\Input\\ArgvInput), Object(Symfony\\Component\\Console\\Output\\ConsoleOutput))
#50 C:\\Users\\jpran\\OneDrive\\Desktop\\WK_PP_frontend\\Back-End\\vendor\\symfony\\console\\Application.php(171): Symfony\\Component\\Console\\Application->doRun(Object(Symfony\\Component\\Console\\Input\\ArgvInput), Object(Symfony\\Component\\Console\\Output\\ConsoleOutput))
#51 C:\\Users\\jpran\\OneDrive\\Desktop\\WK_PP_frontend\\Back-End\\vendor\\laravel\\framework\\src\\Illuminate\\Console\\Application.php(94): Symfony\\Component\\Console\\Application->run(Object(Symfony\\Component\\Console\\Input\\ArgvInput), Object(Symfony\\Component\\Console\\Output\\ConsoleOutput))
#52 C:\\Users\\jpran\\OneDrive\\Desktop\\WK_PP_frontend\\Back-End\\vendor\\laravel\\framework\\src\\Illuminate\\Foundation\\Console\\Kernel.php(129): Illuminate\\Console\\Application->run(Object(Symfony\\Component\\Console\\Input\\ArgvInput), Object(Symfony\\Component\\Console\\Output\\ConsoleOutput))
#53 C:\\Users\\jpran\\OneDrive\\Desktop\\WK_PP_frontend\\Back-End\\artisan(37): Illuminate\\Foundation\\Console\\Kernel->handle(Object(Symfony\\Component\\Console\\Input\\ArgvInput), Object(Symfony\\Component\\Console\\Output\\ConsoleOutput))
#54 {main}
"} 
[2026-04-01 21:05:34] local.ERROR: Maximum retries of 10000 reached without finding a unique value {"exception":"[object] (OverflowException(code: 0): Maximum retries of 10000 reached without finding a unique value at C:\\Users\\jpran\\OneDrive\\Desktop\\WK_PP_frontend\\Back-End\\vendor\\fakerphp\\faker\\src\\Faker\\UniqueGenerator.php:80)
[stacktrace]
#0 C:\\Users\\jpran\\OneDrive\\Desktop\\WK_PP_frontend\\Back-End\\database\\factories\\ComedyFactory.php(29): Faker\\UniqueGenerator->__call('randomElement', Array)
#1 C:\\Users\\jpran\\OneDrive\\Desktop\\WK_PP_frontend\\Back-End\\vendor\\laravel\\framework\\src\\Illuminate\\Database\\Eloquent\\Factories\\Factory.php(424): Database\\Factories\\ComedyFactory->definition()
#2 C:\\Users\\jpran\\OneDrive\\Desktop\\WK_PP_frontend\\Back-End\\vendor\\laravel\\framework\\src\\Illuminate\\Database\\Eloquent\\Factories\\Factory.php(403): Illuminate\\Database\\Eloquent\\Factories\\Factory->getRawAttributes(NULL)
#3 C:\\Users\\jpran\\OneDrive\\Desktop\\WK_PP_frontend\\Back-End\\vendor\\laravel\\framework\\src\\Illuminate\\Database\\Eloquent\\Factories\\Factory.php(387): Illuminate\\Database\\Eloquent\\Factories\\Factory->getExpandedAttributes(NULL)
#4 C:\\Users\\jpran\\OneDrive\\Desktop\\WK_PP_frontend\\Back-End\\vendor\\laravel\\framework\\src\\Illuminate\\Database\\Eloquent\\Concerns\\GuardsAttributes.php(151): Illuminate\\Database\\Eloquent\\Factories\\Factory->Illuminate\\Database\\Eloquent\\Factories\\{closure}()
#5 C:\\Users\\jpran\\OneDrive\\Desktop\\WK_PP_frontend\\Back-End\\vendor\\laravel\\framework\\src\\Illuminate\\Database\\Eloquent\\Factories\\Factory.php(392): Illuminate\\Database\\Eloquent\\Model::unguarded(Object(Closure))
#6 C:\\Users\\jpran\\OneDrive\\Desktop\\WK_PP_frontend\\Back-End\\vendor\\laravel\\framework\\src\\Illuminate\\Database\\Eloquent\\Factories\\Factory.php(370): Illuminate\\Database\\Eloquent\\Factories\\Factory->makeInstance(NULL)
#7 [internal function]: Illuminate\\Database\\Eloquent\\Factories\\Factory->Illuminate\\Database\\Eloquent\\Factories\\{closure}(11)
#8 C:\\Users\\jpran\\OneDrive\\Desktop\\WK_PP_frontend\\Back-End\\vendor\\laravel\\framework\\src\\Illuminate\\Database\\Eloquent\\Factories\\Factory.php(371): array_map(Object(Closure), Array)
#9 C:\\Users\\jpran\\OneDrive\\Desktop\\WK_PP_frontend\\Back-End\\vendor\\laravel\\framework\\src\\Illuminate\\Database\\Eloquent\\Factories\\Factory.php(258): Illuminate\\Database\\Eloquent\\Factories\\Factory->make(Array, NULL)
#10 C:\\Users\\jpran\\OneDrive\\Desktop\\WK_PP_frontend\\Back-End\\database\\seeders\\ComedySeeder.php(17): Illuminate\\Database\\Eloquent\\Factories\\Factory->create()
#11 C:\\Users\\jpran\\OneDrive\\Desktop\\WK_PP_frontend\\Back-End\\vendor\\laravel\\framework\\src\\Illuminate\\Container\\BoundMethod.php(36): Database\\Seeders\\ComedySeeder->run()
#12 C:\\Users\\jpran\\OneDrive\\Desktop\\WK_PP_frontend\\Back-End\\vendor\\laravel\\framework\\src\\Illuminate\\Container\\Util.php(40): Illuminate\\Container\\BoundMethod::Illuminate\\Container\\{closure}()
#13 C:\\Users\\jpran\\OneDrive\\Desktop\\WK_PP_frontend\\Back-End\\vendor\\laravel\\framework\\src\\Illuminate\\Container\\BoundMethod.php(93): Illuminate\\Container\\Util::unwrapIfClosure(Object(Closure))
#14 C:\\Users\\jpran\\OneDrive\\Desktop\\WK_PP_frontend\\Back-End\\vendor\\laravel\\framework\\src\\Illuminate\\Container\\BoundMethod.php(37): Illuminate\\Container\\BoundMethod::callBoundMethod(Object(Illuminate\\Foundation\\Application), Array, Object(Closure))
#15 C:\\Users\\jpran\\OneDrive\\Desktop\\WK_PP_frontend\\Back-End\\vendor\\laravel\\framework\\src\\Illuminate\\Container\\Container.php(653): Illuminate\\Container\\BoundMethod::call(Object(Illuminate\\Foundation\\Application), Array, Array, NULL)
#16 C:\\Users\\jpran\\OneDrive\\Desktop\\WK_PP_frontend\\Back-End\\vendor\\laravel\\framework\\src\\Illuminate\\Database\\Seeder.php(149): Illuminate\\Container\\Container->call(Array, Array)
#17 C:\\Users\\jpran\\OneDrive\\Desktop\\WK_PP_frontend\\Back-End\\vendor\\laravel\\framework\\src\\Illuminate\\Database\\Seeder.php(49): Illuminate\\Database\\Seeder->__invoke(Array)
#18 C:\\Users\\jpran\\OneDrive\\Desktop\\WK_PP_frontend\\Back-End\\database\\seeders\\DatabaseSeeder.php(19): Illuminate\\Database\\Seeder->call('Database\\\\Seeder...')
#19 C:\\Users\\jpran\\OneDrive\\Desktop\\WK_PP_frontend\\Back-End\\vendor\\laravel\\framework\\src\\Illuminate\\Container\\BoundMethod.php(36): Database\\Seeders\\DatabaseSeeder->run()
#20 C:\\Users\\jpran\\OneDrive\\Desktop\\WK_PP_frontend\\Back-End\\vendor\\laravel\\framework\\src\\Illuminate\\Container\\Util.php(40): Illuminate\\Container\\BoundMethod::Illuminate\\Container\\{closure}()
#21 C:\\Users\\jpran\\OneDrive\\Desktop\\WK_PP_frontend\\Back-End\\vendor\\laravel\\framework\\src\\Illuminate\\Container\\BoundMethod.php(93): Illuminate\\Container\\Util::unwrapIfClosure(Object(Closure))
#22 C:\\Users\\jpran\\OneDrive\\Desktop\\WK_PP_frontend\\Back-End\\vendor\\laravel\\framework\\src\\Illuminate\\Container\\BoundMethod.php(37): Illuminate\\Container\\BoundMethod::callBoundMethod(Object(Illuminate\\Foundation\\Application), Array, Object(Closure))
#23 C:\\Users\\jpran\\OneDrive\\Desktop\\WK_PP_frontend\\Back-End\\vendor\\laravel\\framework\\src\\Illuminate\\Container\\Container.php(653): Illuminate\\Container\\BoundMethod::call(Object(Illuminate\\Foundation\\Application), Array, Array, NULL)
#24 C:\\Users\\jpran\\OneDrive\\Desktop\\WK_PP_frontend\\Back-End\\vendor\\laravel\\framework\\src\\Illuminate\\Database\\Seeder.php(149): Illuminate\\Container\\Container->call(Array, Array)
#25 C:\\Users\\jpran\\OneDrive\\Desktop\\WK_PP_frontend\\Back-End\\vendor\\laravel\\framework\\src\\Illuminate\\Database\\Console\\Seeds\\SeedCommand.php(66): Illuminate\\Database\\Seeder->__invoke()
#26 C:\\Users\\jpran\\OneDrive\\Desktop\\WK_PP_frontend\\Back-End\\vendor\\laravel\\framework\\src\\Illuminate\\Database\\Eloquent\\Concerns\\GuardsAttributes.php(157): Illuminate\\Database\\Console\\Seeds\\SeedCommand->Illuminate\\Database\\Console\\Seeds\\{closure}()
#27 C:\\Users\\jpran\\OneDrive\\Desktop\\WK_PP_frontend\\Back-End\\vendor\\laravel\\framework\\src\\Illuminate\\Database\\Console\\Seeds\\SeedCommand.php(67): Illuminate\\Database\\Eloquent\\Model::unguarded(Object(Closure))
#28 C:\\Users\\jpran\\OneDrive\\Desktop\\WK_PP_frontend\\Back-End\\vendor\\laravel\\framework\\src\\Illuminate\\Container\\BoundMethod.php(36): Illuminate\\Database\\Console\\Seeds\\SeedCommand->handle()
#29 C:\\Users\\jpran\\OneDrive\\Desktop\\WK_PP_frontend\\Back-End\\vendor\\laravel\\framework\\src\\Illuminate\\Container\\Util.php(40): Illuminate\\Container\\BoundMethod::Illuminate\\Container\\{closure}()
#30 C:\\Users\\jpran\\OneDrive\\Desktop\\WK_PP_frontend\\Back-End\\vendor\\laravel\\framework\\src\\Illuminate\\Container\\BoundMethod.php(93): Illuminate\\Container\\Util::unwrapIfClosure(Object(Closure))
#31 C:\\Users\\jpran\\OneDrive\\Desktop\\WK_PP_frontend\\Back-End\\vendor\\laravel\\framework\\src\\Illuminate\\Container\\BoundMethod.php(37): Illuminate\\Container\\BoundMethod::callBoundMethod(Object(Illuminate\\Foundation\\Application), Array, Object(Closure))
#32 C:\\Users\\jpran\\OneDrive\\Desktop\\WK_PP_frontend\\Back-End\\vendor\\laravel\\framework\\src\\Illuminate\\Container\\Container.php(653): Illuminate\\Container\\BoundMethod::call(Object(Illuminate\\Foundation\\Application), Array, Array, NULL)
#33 C:\\Users\\jpran\\OneDrive\\Desktop\\WK_PP_frontend\\Back-End\\vendor\\laravel\\framework\\src\\Illuminate\\Console\\Command.php(136): Illuminate\\Container\\Container->call(Array)
#34 C:\\Users\\jpran\\OneDrive\\Desktop\\WK_PP_frontend\\Back-End\\vendor\\symfony\\console\\Command\\Command.php(298): Illuminate\\Console\\Command->execute(Object(Symfony\\Component\\Console\\Input\\ArrayInput), Object(Illuminate\\Console\\OutputStyle))
#35 C:\\Users\\jpran\\OneDrive\\Desktop\\WK_PP_frontend\\Back-End\\vendor\\laravel\\framework\\src\\Illuminate\\Console\\Command.php(121): Symfony\\Component\\Console\\Command\\Command->run(Object(Symfony\\Component\\Console\\Input\\ArrayInput), Object(Illuminate\\Console\\OutputStyle))
#36 C:\\Users\\jpran\\OneDrive\\Desktop\\WK_PP_frontend\\Back-End\\vendor\\laravel\\framework\\src\\Illuminate\\Console\\Concerns\\CallsCommands.php(68): Illuminate\\Console\\Command->run(Object(Symfony\\Component\\Console\\Input\\ArrayInput), Object(Illuminate\\Console\\OutputStyle))
#37 C:\\Users\\jpran\\OneDrive\\Desktop\\WK_PP_frontend\\Back-End\\vendor\\laravel\\framework\\src\\Illuminate\\Console\\Concerns\\CallsCommands.php(28): Illuminate\\Console\\Command->runCommand('db:seed', Array, Object(Illuminate\\Console\\OutputStyle))
#38 C:\\Users\\jpran\\OneDrive\\Desktop\\WK_PP_frontend\\Back-End\\vendor\\laravel\\framework\\src\\Illuminate\\Database\\Console\\Migrations\\FreshCommand.php(90): Illuminate\\Console\\Command->call('db:seed', Array)
#39 C:\\Users\\jpran\\OneDrive\\Desktop\\WK_PP_frontend\\Back-End\\vendor\\laravel\\framework\\src\\Illuminate\\Database\\Console\\Migrations\\FreshCommand.php(65): Illuminate\\Database\\Console\\Migrations\\FreshCommand->runSeeder(NULL)
#40 C:\\Users\\jpran\\OneDrive\\Desktop\\WK_PP_frontend\\Back-End\\vendor\\laravel\\framework\\src\\Illuminate\\Container\\BoundMethod.php(36): Illuminate\\Database\\Console\\Migrations\\FreshCommand->handle()
#41 C:\\Users\\jpran\\OneDrive\\Desktop\\WK_PP_frontend\\Back-End\\vendor\\laravel\\framework\\src\\Illuminate\\Container\\Util.php(40): Illuminate\\Container\\BoundMethod::Illuminate\\Container\\{closure}()
#42 C:\\Users\\jpran\\OneDrive\\Desktop\\WK_PP_frontend\\Back-End\\vendor\\laravel\\framework\\src\\Illuminate\\Container\\BoundMethod.php(93): Illuminate\\Container\\Util::unwrapIfClosure(Object(Closure))
#43 C:\\Users\\jpran\\OneDrive\\Desktop\\WK_PP_frontend\\Back-End\\vendor\\laravel\\framework\\src\\Illuminate\\Container\\BoundMethod.php(37): Illuminate\\Container\\BoundMethod::callBoundMethod(Object(Illuminate\\Foundation\\Application), Array, Object(Closure))
#44 C:\\Users\\jpran\\OneDrive\\Desktop\\WK_PP_frontend\\Back-End\\vendor\\laravel\\framework\\src\\Illuminate\\Container\\Container.php(653): Illuminate\\Container\\BoundMethod::call(Object(Illuminate\\Foundation\\Application), Array, Array, NULL)
#45 C:\\Users\\jpran\\OneDrive\\Desktop\\WK_PP_frontend\\Back-End\\vendor\\laravel\\framework\\src\\Illuminate\\Console\\Command.php(136): Illuminate\\Container\\Container->call(Array)
#46 C:\\Users\\jpran\\OneDrive\\Desktop\\WK_PP_frontend\\Back-End\\vendor\\symfony\\console\\Command\\Command.php(298): Illuminate\\Console\\Command->execute(Object(Symfony\\Component\\Console\\Input\\ArgvInput), Object(Illuminate\\Console\\OutputStyle))
#47 C:\\Users\\jpran\\OneDrive\\Desktop\\WK_PP_frontend\\Back-End\\vendor\\laravel\\framework\\src\\Illuminate\\Console\\Command.php(121): Symfony\\Component\\Console\\Command\\Command->run(Object(Symfony\\Component\\Console\\Input\\ArgvInput), Object(Illuminate\\Console\\OutputStyle))
#48 C:\\Users\\jpran\\OneDrive\\Desktop\\WK_PP_frontend\\Back-End\\vendor\\symfony\\console\\Application.php(1040): Illuminate\\Console\\Command->run(Object(Symfony\\Component\\Console\\Input\\ArgvInput), Object(Symfony\\Component\\Console\\Output\\ConsoleOutput))
#49 C:\\Users\\jpran\\OneDrive\\Desktop\\WK_PP_frontend\\Back-End\\vendor\\symfony\\console\\Application.php(301): Symfony\\Component\\Console\\Application->doRunCommand(Object(Illuminate\\Database\\Console\\Migrations\\FreshCommand), Object(Symfony\\Component\\Console\\Input\\ArgvInput), Object(Symfony\\Component\\Console\\Output\\ConsoleOutput))
#50 C:\\Users\\jpran\\OneDrive\\Desktop\\WK_PP_frontend\\Back-End\\vendor\\symfony\\console\\Application.php(171): Symfony\\Component\\Console\\Application->doRun(Object(Symfony\\Component\\Console\\Input\\ArgvInput), Object(Symfony\\Component\\Console\\Output\\ConsoleOutput))
#51 C:\\Users\\jpran\\OneDrive\\Desktop\\WK_PP_frontend\\Back-End\\vendor\\laravel\\framework\\src\\Illuminate\\Console\\Application.php(94): Symfony\\Component\\Console\\Application->run(Object(Symfony\\Component\\Console\\Input\\ArgvInput), Object(Symfony\\Component\\Console\\Output\\ConsoleOutput))
#52 C:\\Users\\jpran\\OneDrive\\Desktop\\WK_PP_frontend\\Back-End\\vendor\\laravel\\framework\\src\\Illuminate\\Foundation\\Console\\Kernel.php(129): Illuminate\\Console\\Application->run(Object(Symfony\\Component\\Console\\Input\\ArgvInput), Object(Symfony\\Component\\Console\\Output\\ConsoleOutput))
#53 C:\\Users\\jpran\\OneDrive\\Desktop\\WK_PP_frontend\\Back-End\\artisan(37): Illuminate\\Foundation\\Console\\Kernel->handle(Object(Symfony\\Component\\Console\\Input\\ArgvInput), Object(Symfony\\Component\\Console\\Output\\ConsoleOutput))
#54 {main}
"} 
[2026-04-01 21:07:40] local.ERROR: Maximum retries of 10000 reached without finding a unique value {"exception":"[object] (OverflowException(code: 0): Maximum retries of 10000 reached without finding a unique value at C:\\Users\\jpran\\OneDrive\\Desktop\\WK_PP_frontend\\Back-End\\vendor\\fakerphp\\faker\\src\\Faker\\UniqueGenerator.php:80)
[stacktrace]
#0 C:\\Users\\jpran\\OneDrive\\Desktop\\WK_PP_frontend\\Back-End\\database\\factories\\ComedyFactory.php(29): Faker\\UniqueGenerator->__call('randomElement', Array)
#1 C:\\Users\\jpran\\OneDrive\\Desktop\\WK_PP_frontend\\Back-End\\vendor\\laravel\\framework\\src\\Illuminate\\Database\\Eloquent\\Factories\\Factory.php(424): Database\\Factories\\ComedyFactory->definition()
#2 C:\\Users\\jpran\\OneDrive\\Desktop\\WK_PP_frontend\\Back-End\\vendor\\laravel\\framework\\src\\Illuminate\\Database\\Eloquent\\Factories\\Factory.php(403): Illuminate\\Database\\Eloquent\\Factories\\Factory->getRawAttributes(NULL)
#3 C:\\Users\\jpran\\OneDrive\\Desktop\\WK_PP_frontend\\Back-End\\vendor\\laravel\\framework\\src\\Illuminate\\Database\\Eloquent\\Factories\\Factory.php(387): Illuminate\\Database\\Eloquent\\Factories\\Factory->getExpandedAttributes(NULL)
#4 C:\\Users\\jpran\\OneDrive\\Desktop\\WK_PP_frontend\\Back-End\\vendor\\laravel\\framework\\src\\Illuminate\\Database\\Eloquent\\Concerns\\GuardsAttributes.php(151): Illuminate\\Database\\Eloquent\\Factories\\Factory->Illuminate\\Database\\Eloquent\\Factories\\{closure}()
#5 C:\\Users\\jpran\\OneDrive\\Desktop\\WK_PP_frontend\\Back-End\\vendor\\laravel\\framework\\src\\Illuminate\\Database\\Eloquent\\Factories\\Factory.php(392): Illuminate\\Database\\Eloquent\\Model::unguarded(Object(Closure))
#6 C:\\Users\\jpran\\OneDrive\\Desktop\\WK_PP_frontend\\Back-End\\vendor\\laravel\\framework\\src\\Illuminate\\Database\\Eloquent\\Factories\\Factory.php(370): Illuminate\\Database\\Eloquent\\Factories\\Factory->makeInstance(NULL)
#7 [internal function]: Illuminate\\Database\\Eloquent\\Factories\\Factory->Illuminate\\Database\\Eloquent\\Factories\\{closure}(11)
#8 C:\\Users\\jpran\\OneDrive\\Desktop\\WK_PP_frontend\\Back-End\\vendor\\laravel\\framework\\src\\Illuminate\\Database\\Eloquent\\Factories\\Factory.php(371): array_map(Object(Closure), Array)
#9 C:\\Users\\jpran\\OneDrive\\Desktop\\WK_PP_frontend\\Back-End\\vendor\\laravel\\framework\\src\\Illuminate\\Database\\Eloquent\\Factories\\Factory.php(258): Illuminate\\Database\\Eloquent\\Factories\\Factory->make(Array, NULL)
#10 C:\\Users\\jpran\\OneDrive\\Desktop\\WK_PP_frontend\\Back-End\\database\\seeders\\ComedySeeder.php(17): Illuminate\\Database\\Eloquent\\Factories\\Factory->create()
#11 C:\\Users\\jpran\\OneDrive\\Desktop\\WK_PP_frontend\\Back-End\\vendor\\laravel\\framework\\src\\Illuminate\\Container\\BoundMethod.php(36): Database\\Seeders\\ComedySeeder->run()
#12 C:\\Users\\jpran\\OneDrive\\Desktop\\WK_PP_frontend\\Back-End\\vendor\\laravel\\framework\\src\\Illuminate\\Container\\Util.php(40): Illuminate\\Container\\BoundMethod::Illuminate\\Container\\{closure}()
#13 C:\\Users\\jpran\\OneDrive\\Desktop\\WK_PP_frontend\\Back-End\\vendor\\laravel\\framework\\src\\Illuminate\\Container\\BoundMethod.php(93): Illuminate\\Container\\Util::unwrapIfClosure(Object(Closure))
#14 C:\\Users\\jpran\\OneDrive\\Desktop\\WK_PP_frontend\\Back-End\\vendor\\laravel\\framework\\src\\Illuminate\\Container\\BoundMethod.php(37): Illuminate\\Container\\BoundMethod::callBoundMethod(Object(Illuminate\\Foundation\\Application), Array, Object(Closure))
#15 C:\\Users\\jpran\\OneDrive\\Desktop\\WK_PP_frontend\\Back-End\\vendor\\laravel\\framework\\src\\Illuminate\\Container\\Container.php(653): Illuminate\\Container\\BoundMethod::call(Object(Illuminate\\Foundation\\Application), Array, Array, NULL)
#16 C:\\Users\\jpran\\OneDrive\\Desktop\\WK_PP_frontend\\Back-End\\vendor\\laravel\\framework\\src\\Illuminate\\Database\\Seeder.php(149): Illuminate\\Container\\Container->call(Array, Array)
#17 C:\\Users\\jpran\\OneDrive\\Desktop\\WK_PP_frontend\\Back-End\\vendor\\laravel\\framework\\src\\Illuminate\\Database\\Seeder.php(49): Illuminate\\Database\\Seeder->__invoke(Array)
#18 C:\\Users\\jpran\\OneDrive\\Desktop\\WK_PP_frontend\\Back-End\\database\\seeders\\DatabaseSeeder.php(19): Illuminate\\Database\\Seeder->call('Database\\\\Seeder...')
#19 C:\\Users\\jpran\\OneDrive\\Desktop\\WK_PP_frontend\\Back-End\\vendor\\laravel\\framework\\src\\Illuminate\\Container\\BoundMethod.php(36): Database\\Seeders\\DatabaseSeeder->run()
#20 C:\\Users\\jpran\\OneDrive\\Desktop\\WK_PP_frontend\\Back-End\\vendor\\laravel\\framework\\src\\Illuminate\\Container\\Util.php(40): Illuminate\\Container\\BoundMethod::Illuminate\\Container\\{closure}()
#21 C:\\Users\\jpran\\OneDrive\\Desktop\\WK_PP_frontend\\Back-End\\vendor\\laravel\\framework\\src\\Illuminate\\Container\\BoundMethod.php(93): Illuminate\\Container\\Util::unwrapIfClosure(Object(Closure))
#22 C:\\Users\\jpran\\OneDrive\\Desktop\\WK_PP_frontend\\Back-End\\vendor\\laravel\\framework\\src\\Illuminate\\Container\\BoundMethod.php(37): Illuminate\\Container\\BoundMethod::callBoundMethod(Object(Illuminate\\Foundation\\Application), Array, Object(Closure))
#23 C:\\Users\\jpran\\OneDrive\\Desktop\\WK_PP_frontend\\Back-End\\vendor\\laravel\\framework\\src\\Illuminate\\Container\\Container.php(653): Illuminate\\Container\\BoundMethod::call(Object(Illuminate\\Foundation\\Application), Array, Array, NULL)
#24 C:\\Users\\jpran\\OneDrive\\Desktop\\WK_PP_frontend\\Back-End\\vendor\\laravel\\framework\\src\\Illuminate\\Database\\Seeder.php(149): Illuminate\\Container\\Container->call(Array, Array)
#25 C:\\Users\\jpran\\OneDrive\\Desktop\\WK_PP_frontend\\Back-End\\vendor\\laravel\\framework\\src\\Illuminate\\Database\\Console\\Seeds\\SeedCommand.php(66): Illuminate\\Database\\Seeder->__invoke()
#26 C:\\Users\\jpran\\OneDrive\\Desktop\\WK_PP_frontend\\Back-End\\vendor\\laravel\\framework\\src\\Illuminate\\Database\\Eloquent\\Concerns\\GuardsAttributes.php(157): Illuminate\\Database\\Console\\Seeds\\SeedCommand->Illuminate\\Database\\Console\\Seeds\\{closure}()
#27 C:\\Users\\jpran\\OneDrive\\Desktop\\WK_PP_frontend\\Back-End\\vendor\\laravel\\framework\\src\\Illuminate\\Database\\Console\\Seeds\\SeedCommand.php(67): Illuminate\\Database\\Eloquent\\Model::unguarded(Object(Closure))
#28 C:\\Users\\jpran\\OneDrive\\Desktop\\WK_PP_frontend\\Back-End\\vendor\\laravel\\framework\\src\\Illuminate\\Container\\BoundMethod.php(36): Illuminate\\Database\\Console\\Seeds\\SeedCommand->handle()
#29 C:\\Users\\jpran\\OneDrive\\Desktop\\WK_PP_frontend\\Back-End\\vendor\\laravel\\framework\\src\\Illuminate\\Container\\Util.php(40): Illuminate\\Container\\BoundMethod::Illuminate\\Container\\{closure}()
#30 C:\\Users\\jpran\\OneDrive\\Desktop\\WK_PP_frontend\\Back-End\\vendor\\laravel\\framework\\src\\Illuminate\\Container\\BoundMethod.php(93): Illuminate\\Container\\Util::unwrapIfClosure(Object(Closure))
#31 C:\\Users\\jpran\\OneDrive\\Desktop\\WK_PP_frontend\\Back-End\\vendor\\laravel\\framework\\src\\Illuminate\\Container\\BoundMethod.php(37): Illuminate\\Container\\BoundMethod::callBoundMethod(Object(Illuminate\\Foundation\\Application), Array, Object(Closure))
#32 C:\\Users\\jpran\\OneDrive\\Desktop\\WK_PP_frontend\\Back-End\\vendor\\laravel\\framework\\src\\Illuminate\\Container\\Container.php(653): Illuminate\\Container\\BoundMethod::call(Object(Illuminate\\Foundation\\Application), Array, Array, NULL)
#33 C:\\Users\\jpran\\OneDrive\\Desktop\\WK_PP_frontend\\Back-End\\vendor\\laravel\\framework\\src\\Illuminate\\Console\\Command.php(136): Illuminate\\Container\\Container->call(Array)
#34 C:\\Users\\jpran\\OneDrive\\Desktop\\WK_PP_frontend\\Back-End\\vendor\\symfony\\console\\Command\\Command.php(298): Illuminate\\Console\\Command->execute(Object(Symfony\\Component\\Console\\Input\\ArrayInput), Object(Illuminate\\Console\\OutputStyle))
#35 C:\\Users\\jpran\\OneDrive\\Desktop\\WK_PP_frontend\\Back-End\\vendor\\laravel\\framework\\src\\Illuminate\\Console\\Command.php(121): Symfony\\Component\\Console\\Command\\Command->run(Object(Symfony\\Component\\Console\\Input\\ArrayInput), Object(Illuminate\\Console\\OutputStyle))
#36 C:\\Users\\jpran\\OneDrive\\Desktop\\WK_PP_frontend\\Back-End\\vendor\\laravel\\framework\\src\\Illuminate\\Console\\Concerns\\CallsCommands.php(68): Illuminate\\Console\\Command->run(Object(Symfony\\Component\\Console\\Input\\ArrayInput), Object(Illuminate\\Console\\OutputStyle))
#37 C:\\Users\\jpran\\OneDrive\\Desktop\\WK_PP_frontend\\Back-End\\vendor\\laravel\\framework\\src\\Illuminate\\Console\\Concerns\\CallsCommands.php(28): Illuminate\\Console\\Command->runCommand('db:seed', Array, Object(Illuminate\\Console\\OutputStyle))
#38 C:\\Users\\jpran\\OneDrive\\Desktop\\WK_PP_frontend\\Back-End\\vendor\\laravel\\framework\\src\\Illuminate\\Database\\Console\\Migrations\\FreshCommand.php(90): Illuminate\\Console\\Command->call('db:seed', Array)
#39 C:\\Users\\jpran\\OneDrive\\Desktop\\WK_PP_frontend\\Back-End\\vendor\\laravel\\framework\\src\\Illuminate\\Database\\Console\\Migrations\\FreshCommand.php(65): Illuminate\\Database\\Console\\Migrations\\FreshCommand->runSeeder(NULL)
#40 C:\\Users\\jpran\\OneDrive\\Desktop\\WK_PP_frontend\\Back-End\\vendor\\laravel\\framework\\src\\Illuminate\\Container\\BoundMethod.php(36): Illuminate\\Database\\Console\\Migrations\\FreshCommand->handle()
#41 C:\\Users\\jpran\\OneDrive\\Desktop\\WK_PP_frontend\\Back-End\\vendor\\laravel\\framework\\src\\Illuminate\\Container\\Util.php(40): Illuminate\\Container\\BoundMethod::Illuminate\\Container\\{closure}()
#42 C:\\Users\\jpran\\OneDrive\\Desktop\\WK_PP_frontend\\Back-End\\vendor\\laravel\\framework\\src\\Illuminate\\Container\\BoundMethod.php(93): Illuminate\\Container\\Util::unwrapIfClosure(Object(Closure))
#43 C:\\Users\\jpran\\OneDrive\\Desktop\\WK_PP_frontend\\Back-End\\vendor\\laravel\\framework\\src\\Illuminate\\Container\\BoundMethod.php(37): Illuminate\\Container\\BoundMethod::callBoundMethod(Object(Illuminate\\Foundation\\Application), Array, Object(Closure))
#44 C:\\Users\\jpran\\OneDrive\\Desktop\\WK_PP_frontend\\Back-End\\vendor\\laravel\\framework\\src\\Illuminate\\Container\\Container.php(653): Illuminate\\Container\\BoundMethod::call(Object(Illuminate\\Foundation\\Application), Array, Array, NULL)
#45 C:\\Users\\jpran\\OneDrive\\Desktop\\WK_PP_frontend\\Back-End\\vendor\\laravel\\framework\\src\\Illuminate\\Console\\Command.php(136): Illuminate\\Container\\Container->call(Array)
#46 C:\\Users\\jpran\\OneDrive\\Desktop\\WK_PP_frontend\\Back-End\\vendor\\symfony\\console\\Command\\Command.php(298): Illuminate\\Console\\Command->execute(Object(Symfony\\Component\\Console\\Input\\ArgvInput), Object(Illuminate\\Console\\OutputStyle))
#47 C:\\Users\\jpran\\OneDrive\\Desktop\\WK_PP_frontend\\Back-End\\vendor\\laravel\\framework\\src\\Illuminate\\Console\\Command.php(121): Symfony\\Component\\Console\\Command\\Command->run(Object(Symfony\\Component\\Console\\Input\\ArgvInput), Object(Illuminate\\Console\\OutputStyle))
#48 C:\\Users\\jpran\\OneDrive\\Desktop\\WK_PP_frontend\\Back-End\\vendor\\symfony\\console\\Application.php(1040): Illuminate\\Console\\Command->run(Object(Symfony\\Component\\Console\\Input\\ArgvInput), Object(Symfony\\Component\\Console\\Output\\ConsoleOutput))
#49 C:\\Users\\jpran\\OneDrive\\Desktop\\WK_PP_frontend\\Back-End\\vendor\\symfony\\console\\Application.php(301): Symfony\\Component\\Console\\Application->doRunCommand(Object(Illuminate\\Database\\Console\\Migrations\\FreshCommand), Object(Symfony\\Component\\Console\\Input\\ArgvInput), Object(Symfony\\Component\\Console\\Output\\ConsoleOutput))
#50 C:\\Users\\jpran\\OneDrive\\Desktop\\WK_PP_frontend\\Back-End\\vendor\\symfony\\console\\Application.php(171): Symfony\\Component\\Console\\Application->doRun(Object(Symfony\\Component\\Console\\Input\\ArgvInput), Object(Symfony\\Component\\Console\\Output\\ConsoleOutput))
#51 C:\\Users\\jpran\\OneDrive\\Desktop\\WK_PP_frontend\\Back-End\\vendor\\laravel\\framework\\src\\Illuminate\\Console\\Application.php(94): Symfony\\Component\\Console\\Application->run(Object(Symfony\\Component\\Console\\Input\\ArgvInput), Object(Symfony\\Component\\Console\\Output\\ConsoleOutput))
#52 C:\\Users\\jpran\\OneDrive\\Desktop\\WK_PP_frontend\\Back-End\\vendor\\laravel\\framework\\src\\Illuminate\\Foundation\\Console\\Kernel.php(129): Illuminate\\Console\\Application->run(Object(Symfony\\Component\\Console\\Input\\ArgvInput), Object(Symfony\\Component\\Console\\Output\\ConsoleOutput))
#53 C:\\Users\\jpran\\OneDrive\\Desktop\\WK_PP_frontend\\Back-End\\artisan(37): Illuminate\\Foundation\\Console\\Kernel->handle(Object(Symfony\\Component\\Console\\Input\\ArgvInput), Object(Symfony\\Component\\Console\\Output\\ConsoleOutput))
#54 {main}
"} 
[2026-04-01 21:08:34] local.ERROR: Trying to get property 'faker' of non-object {"exception":"[object] (ErrorException(code: 0): Trying to get property 'faker' of non-object at C:\\Users\\jpran\\OneDrive\\Desktop\\WK_PP_frontend\\Back-End\\database\\factories\\ComedyFactory.php:29)
[stacktrace]
#0 C:\\Users\\jpran\\OneDrive\\Desktop\\WK_PP_frontend\\Back-End\\database\\factories\\ComedyFactory.php(29): Illuminate\\Foundation\\Bootstrap\\HandleExceptions->handleError(8, 'Trying to get p...', 'C:\\\\Users\\\\jpran\\\\...', 29, Array)
#1 C:\\Users\\jpran\\OneDrive\\Desktop\\WK_PP_frontend\\Back-End\\vendor\\laravel\\framework\\src\\Illuminate\\Database\\Eloquent\\Factories\\Factory.php(424): Database\\Factories\\ComedyFactory->definition()
#2 C:\\Users\\jpran\\OneDrive\\Desktop\\WK_PP_frontend\\Back-End\\vendor\\laravel\\framework\\src\\Illuminate\\Database\\Eloquent\\Factories\\Factory.php(403): Illuminate\\Database\\Eloquent\\Factories\\Factory->getRawAttributes(NULL)
#3 C:\\Users\\jpran\\OneDrive\\Desktop\\WK_PP_frontend\\Back-End\\vendor\\laravel\\framework\\src\\Illuminate\\Database\\Eloquent\\Factories\\Factory.php(387): Illuminate\\Database\\Eloquent\\Factories\\Factory->getExpandedAttributes(NULL)
#4 C:\\Users\\jpran\\OneDrive\\Desktop\\WK_PP_frontend\\Back-End\\vendor\\laravel\\framework\\src\\Illuminate\\Database\\Eloquent\\Concerns\\GuardsAttributes.php(151): Illuminate\\Database\\Eloquent\\Factories\\Factory->Illuminate\\Database\\Eloquent\\Factories\\{closure}()
#5 C:\\Users\\jpran\\OneDrive\\Desktop\\WK_PP_frontend\\Back-End\\vendor\\laravel\\framework\\src\\Illuminate\\Database\\Eloquent\\Factories\\Factory.php(392): Illuminate\\Database\\Eloquent\\Model::unguarded(Object(Closure))
#6 C:\\Users\\jpran\\OneDrive\\Desktop\\WK_PP_frontend\\Back-End\\vendor\\laravel\\framework\\src\\Illuminate\\Database\\Eloquent\\Factories\\Factory.php(370): Illuminate\\Database\\Eloquent\\Factories\\Factory->makeInstance(NULL)
#7 [internal function]: Illuminate\\Database\\Eloquent\\Factories\\Factory->Illuminate\\Database\\Eloquent\\Factories\\{closure}(1)
#8 C:\\Users\\jpran\\OneDrive\\Desktop\\WK_PP_frontend\\Back-End\\vendor\\laravel\\framework\\src\\Illuminate\\Database\\Eloquent\\Factories\\Factory.php(371): array_map(Object(Closure), Array)
#9 C:\\Users\\jpran\\OneDrive\\Desktop\\WK_PP_frontend\\Back-End\\vendor\\laravel\\framework\\src\\Illuminate\\Database\\Eloquent\\Factories\\Factory.php(258): Illuminate\\Database\\Eloquent\\Factories\\Factory->make(Array, NULL)
#10 C:\\Users\\jpran\\OneDrive\\Desktop\\WK_PP_frontend\\Back-End\\database\\seeders\\ComedySeeder.php(17): Illuminate\\Database\\Eloquent\\Factories\\Factory->create()
#11 C:\\Users\\jpran\\OneDrive\\Desktop\\WK_PP_frontend\\Back-End\\vendor\\laravel\\framework\\src\\Illuminate\\Container\\BoundMethod.php(36): Database\\Seeders\\ComedySeeder->run()
#12 C:\\Users\\jpran\\OneDrive\\Desktop\\WK_PP_frontend\\Back-End\\vendor\\laravel\\framework\\src\\Illuminate\\Container\\Util.php(40): Illuminate\\Container\\BoundMethod::Illuminate\\Container\\{closure}()
#13 C:\\Users\\jpran\\OneDrive\\Desktop\\WK_PP_frontend\\Back-End\\vendor\\laravel\\framework\\src\\Illuminate\\Container\\BoundMethod.php(93): Illuminate\\Container\\Util::unwrapIfClosure(Object(Closure))
#14 C:\\Users\\jpran\\OneDrive\\Desktop\\WK_PP_frontend\\Back-End\\vendor\\laravel\\framework\\src\\Illuminate\\Container\\BoundMethod.php(37): Illuminate\\Container\\BoundMethod::callBoundMethod(Object(Illuminate\\Foundation\\Application), Array, Object(Closure))
#15 C:\\Users\\jpran\\OneDrive\\Desktop\\WK_PP_frontend\\Back-End\\vendor\\laravel\\framework\\src\\Illuminate\\Container\\Container.php(653): Illuminate\\Container\\BoundMethod::call(Object(Illuminate\\Foundation\\Application), Array, Array, NULL)
#16 C:\\Users\\jpran\\OneDrive\\Desktop\\WK_PP_frontend\\Back-End\\vendor\\laravel\\framework\\src\\Illuminate\\Database\\Seeder.php(149): Illuminate\\Container\\Container->call(Array, Array)
#17 C:\\Users\\jpran\\OneDrive\\Desktop\\WK_PP_frontend\\Back-End\\vendor\\laravel\\framework\\src\\Illuminate\\Database\\Seeder.php(49): Illuminate\\Database\\Seeder->__invoke(Array)
#18 C:\\Users\\jpran\\OneDrive\\Desktop\\WK_PP_frontend\\Back-End\\database\\seeders\\DatabaseSeeder.php(19): Illuminate\\Database\\Seeder->call('Database\\\\Seeder...')
#19 C:\\Users\\jpran\\OneDrive\\Desktop\\WK_PP_frontend\\Back-End\\vendor\\laravel\\framework\\src\\Illuminate\\Container\\BoundMethod.php(36): Database\\Seeders\\DatabaseSeeder->run()
#20 C:\\Users\\jpran\\OneDrive\\Desktop\\WK_PP_frontend\\Back-End\\vendor\\laravel\\framework\\src\\Illuminate\\Container\\Util.php(40): Illuminate\\Container\\BoundMethod::Illuminate\\Container\\{closure}()
#21 C:\\Users\\jpran\\OneDrive\\Desktop\\WK_PP_frontend\\Back-End\\vendor\\laravel\\framework\\src\\Illuminate\\Container\\BoundMethod.php(93): Illuminate\\Container\\Util::unwrapIfClosure(Object(Closure))
#22 C:\\Users\\jpran\\OneDrive\\Desktop\\WK_PP_frontend\\Back-End\\vendor\\laravel\\framework\\src\\Illuminate\\Container\\BoundMethod.php(37): Illuminate\\Container\\BoundMethod::callBoundMethod(Object(Illuminate\\Foundation\\Application), Array, Object(Closure))
#23 C:\\Users\\jpran\\OneDrive\\Desktop\\WK_PP_frontend\\Back-End\\vendor\\laravel\\framework\\src\\Illuminate\\Container\\Container.php(653): Illuminate\\Container\\BoundMethod::call(Object(Illuminate\\Foundation\\Application), Array, Array, NULL)
#24 C:\\Users\\jpran\\OneDrive\\Desktop\\WK_PP_frontend\\Back-End\\vendor\\laravel\\framework\\src\\Illuminate\\Database\\Seeder.php(149): Illuminate\\Container\\Container->call(Array, Array)
#25 C:\\Users\\jpran\\OneDrive\\Desktop\\WK_PP_frontend\\Back-End\\vendor\\laravel\\framework\\src\\Illuminate\\Database\\Console\\Seeds\\SeedCommand.php(66): Illuminate\\Database\\Seeder->__invoke()
#26 C:\\Users\\jpran\\OneDrive\\Desktop\\WK_PP_frontend\\Back-End\\vendor\\laravel\\framework\\src\\Illuminate\\Database\\Eloquent\\Concerns\\GuardsAttributes.php(157): Illuminate\\Database\\Console\\Seeds\\SeedCommand->Illuminate\\Database\\Console\\Seeds\\{closure}()
#27 C:\\Users\\jpran\\OneDrive\\Desktop\\WK_PP_frontend\\Back-End\\vendor\\laravel\\framework\\src\\Illuminate\\Database\\Console\\Seeds\\SeedCommand.php(67): Illuminate\\Database\\Eloquent\\Model::unguarded(Object(Closure))
#28 C:\\Users\\jpran\\OneDrive\\Desktop\\WK_PP_frontend\\Back-End\\vendor\\laravel\\framework\\src\\Illuminate\\Container\\BoundMethod.php(36): Illuminate\\Database\\Console\\Seeds\\SeedCommand->handle()
#29 C:\\Users\\jpran\\OneDrive\\Desktop\\WK_PP_frontend\\Back-End\\vendor\\laravel\\framework\\src\\Illuminate\\Container\\Util.php(40): Illuminate\\Container\\BoundMethod::Illuminate\\Container\\{closure}()
#30 C:\\Users\\jpran\\OneDrive\\Desktop\\WK_PP_frontend\\Back-End\\vendor\\laravel\\framework\\src\\Illuminate\\Container\\BoundMethod.php(93): Illuminate\\Container\\Util::unwrapIfClosure(Object(Closure))
#31 C:\\Users\\jpran\\OneDrive\\Desktop\\WK_PP_frontend\\Back-End\\vendor\\laravel\\framework\\src\\Illuminate\\Container\\BoundMethod.php(37): Illuminate\\Container\\BoundMethod::callBoundMethod(Object(Illuminate\\Foundation\\Application), Array, Object(Closure))
#32 C:\\Users\\jpran\\OneDrive\\Desktop\\WK_PP_frontend\\Back-End\\vendor\\laravel\\framework\\src\\Illuminate\\Container\\Container.php(653): Illuminate\\Container\\BoundMethod::call(Object(Illuminate\\Foundation\\Application), Array, Array, NULL)
#33 C:\\Users\\jpran\\OneDrive\\Desktop\\WK_PP_frontend\\Back-End\\vendor\\laravel\\framework\\src\\Illuminate\\Console\\Command.php(136): Illuminate\\Container\\Container->call(Array)
#34 C:\\Users\\jpran\\OneDrive\\Desktop\\WK_PP_frontend\\Back-End\\vendor\\symfony\\console\\Command\\Command.php(298): Illuminate\\Console\\Command->execute(Object(Symfony\\Component\\Console\\Input\\ArrayInput), Object(Illuminate\\Console\\OutputStyle))
#35 C:\\Users\\jpran\\OneDrive\\Desktop\\WK_PP_frontend\\Back-End\\vendor\\laravel\\framework\\src\\Illuminate\\Console\\Command.php(121): Symfony\\Component\\Console\\Command\\Command->run(Object(Symfony\\Component\\Console\\Input\\ArrayInput), Object(Illuminate\\Console\\OutputStyle))
#36 C:\\Users\\jpran\\OneDrive\\Desktop\\WK_PP_frontend\\Back-End\\vendor\\laravel\\framework\\src\\Illuminate\\Console\\Concerns\\CallsCommands.php(68): Illuminate\\Console\\Command->run(Object(Symfony\\Component\\Console\\Input\\ArrayInput), Object(Illuminate\\Console\\OutputStyle))
#37 C:\\Users\\jpran\\OneDrive\\Desktop\\WK_PP_frontend\\Back-End\\vendor\\laravel\\framework\\src\\Illuminate\\Console\\Concerns\\CallsCommands.php(28): Illuminate\\Console\\Command->runCommand('db:seed', Array, Object(Illuminate\\Console\\OutputStyle))
#38 C:\\Users\\jpran\\OneDrive\\Desktop\\WK_PP_frontend\\Back-End\\vendor\\laravel\\framework\\src\\Illuminate\\Database\\Console\\Migrations\\FreshCommand.php(90): Illuminate\\Console\\Command->call('db:seed', Array)
#39 C:\\Users\\jpran\\OneDrive\\Desktop\\WK_PP_frontend\\Back-End\\vendor\\laravel\\framework\\src\\Illuminate\\Database\\Console\\Migrations\\FreshCommand.php(65): Illuminate\\Database\\Console\\Migrations\\FreshCommand->runSeeder(NULL)
#40 C:\\Users\\jpran\\OneDrive\\Desktop\\WK_PP_frontend\\Back-End\\vendor\\laravel\\framework\\src\\Illuminate\\Container\\BoundMethod.php(36): Illuminate\\Database\\Console\\Migrations\\FreshCommand->handle()
#41 C:\\Users\\jpran\\OneDrive\\Desktop\\WK_PP_frontend\\Back-End\\vendor\\laravel\\framework\\src\\Illuminate\\Container\\Util.php(40): Illuminate\\Container\\BoundMethod::Illuminate\\Container\\{closure}()
#42 C:\\Users\\jpran\\OneDrive\\Desktop\\WK_PP_frontend\\Back-End\\vendor\\laravel\\framework\\src\\Illuminate\\Container\\BoundMethod.php(93): Illuminate\\Container\\Util::unwrapIfClosure(Object(Closure))
#43 C:\\Users\\jpran\\OneDrive\\Desktop\\WK_PP_frontend\\Back-End\\vendor\\laravel\\framework\\src\\Illuminate\\Container\\BoundMethod.php(37): Illuminate\\Container\\BoundMethod::callBoundMethod(Object(Illuminate\\Foundation\\Application), Array, Object(Closure))
#44 C:\\Users\\jpran\\OneDrive\\Desktop\\WK_PP_frontend\\Back-End\\vendor\\laravel\\framework\\src\\Illuminate\\Container\\Container.php(653): Illuminate\\Container\\BoundMethod::call(Object(Illuminate\\Foundation\\Application), Array, Array, NULL)
#45 C:\\Users\\jpran\\OneDrive\\Desktop\\WK_PP_frontend\\Back-End\\vendor\\laravel\\framework\\src\\Illuminate\\Console\\Command.php(136): Illuminate\\Container\\Container->call(Array)
#46 C:\\Users\\jpran\\OneDrive\\Desktop\\WK_PP_frontend\\Back-End\\vendor\\symfony\\console\\Command\\Command.php(298): Illuminate\\Console\\Command->execute(Object(Symfony\\Component\\Console\\Input\\ArgvInput), Object(Illuminate\\Console\\OutputStyle))
#47 C:\\Users\\jpran\\OneDrive\\Desktop\\WK_PP_frontend\\Back-End\\vendor\\laravel\\framework\\src\\Illuminate\\Console\\Command.php(121): Symfony\\Component\\Console\\Command\\Command->run(Object(Symfony\\Component\\Console\\Input\\ArgvInput), Object(Illuminate\\Console\\OutputStyle))
#48 C:\\Users\\jpran\\OneDrive\\Desktop\\WK_PP_frontend\\Back-End\\vendor\\symfony\\console\\Application.php(1040): Illuminate\\Console\\Command->run(Object(Symfony\\Component\\Console\\Input\\ArgvInput), Object(Symfony\\Component\\Console\\Output\\ConsoleOutput))
#49 C:\\Users\\jpran\\OneDrive\\Desktop\\WK_PP_frontend\\Back-End\\vendor\\symfony\\console\\Application.php(301): Symfony\\Component\\Console\\Application->doRunCommand(Object(Illuminate\\Database\\Console\\Migrations\\FreshCommand), Object(Symfony\\Component\\Console\\Input\\ArgvInput), Object(Symfony\\Component\\Console\\Output\\ConsoleOutput))
#50 C:\\Users\\jpran\\OneDrive\\Desktop\\WK_PP_frontend\\Back-End\\vendor\\symfony\\console\\Application.php(171): Symfony\\Component\\Console\\Application->doRun(Object(Symfony\\Component\\Console\\Input\\ArgvInput), Object(Symfony\\Component\\Console\\Output\\ConsoleOutput))
#51 C:\\Users\\jpran\\OneDrive\\Desktop\\WK_PP_frontend\\Back-End\\vendor\\laravel\\framework\\src\\Illuminate\\Console\\Application.php(94): Symfony\\Component\\Console\\Application->run(Object(Symfony\\Component\\Console\\Input\\ArgvInput), Object(Symfony\\Component\\Console\\Output\\ConsoleOutput))
#52 C:\\Users\\jpran\\OneDrive\\Desktop\\WK_PP_frontend\\Back-End\\vendor\\laravel\\framework\\src\\Illuminate\\Foundation\\Console\\Kernel.php(129): Illuminate\\Console\\Application->run(Object(Symfony\\Component\\Console\\Input\\ArgvInput), Object(Symfony\\Component\\Console\\Output\\ConsoleOutput))
#53 C:\\Users\\jpran\\OneDrive\\Desktop\\WK_PP_frontend\\Back-End\\artisan(37): Illuminate\\Foundation\\Console\\Kernel->handle(Object(Symfony\\Component\\Console\\Input\\ArgvInput), Object(Symfony\\Component\\Console\\Output\\ConsoleOutput))
#54 {main}
"} 
[2026-04-01 21:08:56] local.ERROR: Undefined property: Database\Seeders\DatabaseSeeder::$faker {"exception":"[object] (ErrorException(code: 0): Undefined property: Database\\Seeders\\DatabaseSeeder::$faker at C:\\Users\\jpran\\OneDrive\\Desktop\\WK_PP_frontend\\Back-End\\database\\seeders\\DatabaseSeeder.php:22)
[stacktrace]
#0 C:\\Users\\jpran\\OneDrive\\Desktop\\WK_PP_frontend\\Back-End\\database\\seeders\\DatabaseSeeder.php(22): Illuminate\\Foundation\\Bootstrap\\HandleExceptions->handleError(8, 'Undefined prope...', 'C:\\\\Users\\\\jpran\\\\...', 22, Array)
#1 C:\\Users\\jpran\\OneDrive\\Desktop\\WK_PP_frontend\\Back-End\\vendor\\laravel\\framework\\src\\Illuminate\\Container\\BoundMethod.php(36): Database\\Seeders\\DatabaseSeeder->run()
#2 C:\\Users\\jpran\\OneDrive\\Desktop\\WK_PP_frontend\\Back-End\\vendor\\laravel\\framework\\src\\Illuminate\\Container\\Util.php(40): Illuminate\\Container\\BoundMethod::Illuminate\\Container\\{closure}()
#3 C:\\Users\\jpran\\OneDrive\\Desktop\\WK_PP_frontend\\Back-End\\vendor\\laravel\\framework\\src\\Illuminate\\Container\\BoundMethod.php(93): Illuminate\\Container\\Util::unwrapIfClosure(Object(Closure))
#4 C:\\Users\\jpran\\OneDrive\\Desktop\\WK_PP_frontend\\Back-End\\vendor\\laravel\\framework\\src\\Illuminate\\Container\\BoundMethod.php(37): Illuminate\\Container\\BoundMethod::callBoundMethod(Object(Illuminate\\Foundation\\Application), Array, Object(Closure))
#5 C:\\Users\\jpran\\OneDrive\\Desktop\\WK_PP_frontend\\Back-End\\vendor\\laravel\\framework\\src\\Illuminate\\Container\\Container.php(653): Illuminate\\Container\\BoundMethod::call(Object(Illuminate\\Foundation\\Application), Array, Array, NULL)
#6 C:\\Users\\jpran\\OneDrive\\Desktop\\WK_PP_frontend\\Back-End\\vendor\\laravel\\framework\\src\\Illuminate\\Database\\Seeder.php(149): Illuminate\\Container\\Container->call(Array, Array)
#7 C:\\Users\\jpran\\OneDrive\\Desktop\\WK_PP_frontend\\Back-End\\vendor\\laravel\\framework\\src\\Illuminate\\Database\\Console\\Seeds\\SeedCommand.php(66): Illuminate\\Database\\Seeder->__invoke()
#8 C:\\Users\\jpran\\OneDrive\\Desktop\\WK_PP_frontend\\Back-End\\vendor\\laravel\\framework\\src\\Illuminate\\Database\\Eloquent\\Concerns\\GuardsAttributes.php(157): Illuminate\\Database\\Console\\Seeds\\SeedCommand->Illuminate\\Database\\Console\\Seeds\\{closure}()
#9 C:\\Users\\jpran\\OneDrive\\Desktop\\WK_PP_frontend\\Back-End\\vendor\\laravel\\framework\\src\\Illuminate\\Database\\Console\\Seeds\\SeedCommand.php(67): Illuminate\\Database\\Eloquent\\Model::unguarded(Object(Closure))
#10 C:\\Users\\jpran\\OneDrive\\Desktop\\WK_PP_frontend\\Back-End\\vendor\\laravel\\framework\\src\\Illuminate\\Container\\BoundMethod.php(36): Illuminate\\Database\\Console\\Seeds\\SeedCommand->handle()
#11 C:\\Users\\jpran\\OneDrive\\Desktop\\WK_PP_frontend\\Back-End\\vendor\\laravel\\framework\\src\\Illuminate\\Container\\Util.php(40): Illuminate\\Container\\BoundMethod::Illuminate\\Container\\{closure}()
#12 C:\\Users\\jpran\\OneDrive\\Desktop\\WK_PP_frontend\\Back-End\\vendor\\laravel\\framework\\src\\Illuminate\\Container\\BoundMethod.php(93): Illuminate\\Container\\Util::unwrapIfClosure(Object(Closure))
#13 C:\\Users\\jpran\\OneDrive\\Desktop\\WK_PP_frontend\\Back-End\\vendor\\laravel\\framework\\src\\Illuminate\\Container\\BoundMethod.php(37): Illuminate\\Container\\BoundMethod::callBoundMethod(Object(Illuminate\\Foundation\\Application), Array, Object(Closure))
#14 C:\\Users\\jpran\\OneDrive\\Desktop\\WK_PP_frontend\\Back-End\\vendor\\laravel\\framework\\src\\Illuminate\\Container\\Container.php(653): Illuminate\\Container\\BoundMethod::call(Object(Illuminate\\Foundation\\Application), Array, Array, NULL)
#15 C:\\Users\\jpran\\OneDrive\\Desktop\\WK_PP_frontend\\Back-End\\vendor\\laravel\\framework\\src\\Illuminate\\Console\\Command.php(136): Illuminate\\Container\\Container->call(Array)
#16 C:\\Users\\jpran\\OneDrive\\Desktop\\WK_PP_frontend\\Back-End\\vendor\\symfony\\console\\Command\\Command.php(298): Illuminate\\Console\\Command->execute(Object(Symfony\\Component\\Console\\Input\\ArrayInput), Object(Illuminate\\Console\\OutputStyle))
#17 C:\\Users\\jpran\\OneDrive\\Desktop\\WK_PP_frontend\\Back-End\\vendor\\laravel\\framework\\src\\Illuminate\\Console\\Command.php(121): Symfony\\Component\\Console\\Command\\Command->run(Object(Symfony\\Component\\Console\\Input\\ArrayInput), Object(Illuminate\\Console\\OutputStyle))
#18 C:\\Users\\jpran\\OneDrive\\Desktop\\WK_PP_frontend\\Back-End\\vendor\\laravel\\framework\\src\\Illuminate\\Console\\Concerns\\CallsCommands.php(68): Illuminate\\Console\\Command->run(Object(Symfony\\Component\\Console\\Input\\ArrayInput), Object(Illuminate\\Console\\OutputStyle))
#19 C:\\Users\\jpran\\OneDrive\\Desktop\\WK_PP_frontend\\Back-End\\vendor\\laravel\\framework\\src\\Illuminate\\Console\\Concerns\\CallsCommands.php(28): Illuminate\\Console\\Command->runCommand('db:seed', Array, Object(Illuminate\\Console\\OutputStyle))
#20 C:\\Users\\jpran\\OneDrive\\Desktop\\WK_PP_frontend\\Back-End\\vendor\\laravel\\framework\\src\\Illuminate\\Database\\Console\\Migrations\\FreshCommand.php(90): Illuminate\\Console\\Command->call('db:seed', Array)
#21 C:\\Users\\jpran\\OneDrive\\Desktop\\WK_PP_frontend\\Back-End\\vendor\\laravel\\framework\\src\\Illuminate\\Database\\Console\\Migrations\\FreshCommand.php(65): Illuminate\\Database\\Console\\Migrations\\FreshCommand->runSeeder(NULL)
#22 C:\\Users\\jpran\\OneDrive\\Desktop\\WK_PP_frontend\\Back-End\\vendor\\laravel\\framework\\src\\Illuminate\\Container\\BoundMethod.php(36): Illuminate\\Database\\Console\\Migrations\\FreshCommand->handle()
#23 C:\\Users\\jpran\\OneDrive\\Desktop\\WK_PP_frontend\\Back-End\\vendor\\laravel\\framework\\src\\Illuminate\\Container\\Util.php(40): Illuminate\\Container\\BoundMethod::Illuminate\\Container\\{closure}()
#24 C:\\Users\\jpran\\OneDrive\\Desktop\\WK_PP_frontend\\Back-End\\vendor\\laravel\\framework\\src\\Illuminate\\Container\\BoundMethod.php(93): Illuminate\\Container\\Util::unwrapIfClosure(Object(Closure))
#25 C:\\Users\\jpran\\OneDrive\\Desktop\\WK_PP_frontend\\Back-End\\vendor\\laravel\\framework\\src\\Illuminate\\Container\\BoundMethod.php(37): Illuminate\\Container\\BoundMethod::callBoundMethod(Object(Illuminate\\Foundation\\Application), Array, Object(Closure))
#26 C:\\Users\\jpran\\OneDrive\\Desktop\\WK_PP_frontend\\Back-End\\vendor\\laravel\\framework\\src\\Illuminate\\Container\\Container.php(653): Illuminate\\Container\\BoundMethod::call(Object(Illuminate\\Foundation\\Application), Array, Array, NULL)
#27 C:\\Users\\jpran\\OneDrive\\Desktop\\WK_PP_frontend\\Back-End\\vendor\\laravel\\framework\\src\\Illuminate\\Console\\Command.php(136): Illuminate\\Container\\Container->call(Array)
#28 C:\\Users\\jpran\\OneDrive\\Desktop\\WK_PP_frontend\\Back-End\\vendor\\symfony\\console\\Command\\Command.php(298): Illuminate\\Console\\Command->execute(Object(Symfony\\Component\\Console\\Input\\ArgvInput), Object(Illuminate\\Console\\OutputStyle))
#29 C:\\Users\\jpran\\OneDrive\\Desktop\\WK_PP_frontend\\Back-End\\vendor\\laravel\\framework\\src\\Illuminate\\Console\\Command.php(121): Symfony\\Component\\Console\\Command\\Command->run(Object(Symfony\\Component\\Console\\Input\\ArgvInput), Object(Illuminate\\Console\\OutputStyle))
#30 C:\\Users\\jpran\\OneDrive\\Desktop\\WK_PP_frontend\\Back-End\\vendor\\symfony\\console\\Application.php(1040): Illuminate\\Console\\Command->run(Object(Symfony\\Component\\Console\\Input\\ArgvInput), Object(Symfony\\Component\\Console\\Output\\ConsoleOutput))
#31 C:\\Users\\jpran\\OneDrive\\Desktop\\WK_PP_frontend\\Back-End\\vendor\\symfony\\console\\Application.php(301): Symfony\\Component\\Console\\Application->doRunCommand(Object(Illuminate\\Database\\Console\\Migrations\\FreshCommand), Object(Symfony\\Component\\Console\\Input\\ArgvInput), Object(Symfony\\Component\\Console\\Output\\ConsoleOutput))
#32 C:\\Users\\jpran\\OneDrive\\Desktop\\WK_PP_frontend\\Back-End\\vendor\\symfony\\console\\Application.php(171): Symfony\\Component\\Console\\Application->doRun(Object(Symfony\\Component\\Console\\Input\\ArgvInput), Object(Symfony\\Component\\Console\\Output\\ConsoleOutput))
#33 C:\\Users\\jpran\\OneDrive\\Desktop\\WK_PP_frontend\\Back-End\\vendor\\laravel\\framework\\src\\Illuminate\\Console\\Application.php(94): Symfony\\Component\\Console\\Application->run(Object(Symfony\\Component\\Console\\Input\\ArgvInput), Object(Symfony\\Component\\Console\\Output\\ConsoleOutput))
#34 C:\\Users\\jpran\\OneDrive\\Desktop\\WK_PP_frontend\\Back-End\\vendor\\laravel\\framework\\src\\Illuminate\\Foundation\\Console\\Kernel.php(129): Illuminate\\Console\\Application->run(Object(Symfony\\Component\\Console\\Input\\ArgvInput), Object(Symfony\\Component\\Console\\Output\\ConsoleOutput))
#35 C:\\Users\\jpran\\OneDrive\\Desktop\\WK_PP_frontend\\Back-End\\artisan(37): Illuminate\\Foundation\\Console\\Kernel->handle(Object(Symfony\\Component\\Console\\Input\\ArgvInput), Object(Symfony\\Component\\Console\\Output\\ConsoleOutput))
#36 {main}
"} 
[2026-04-01 21:13:36] local.ERROR: Call to undefined function Database\Seeders\fake() {"exception":"[object] (Error(code: 0): Call to undefined function Database\\Seeders\\fake() at C:\\Users\\jpran\\OneDrive\\Desktop\\WK_PP_frontend\\Back-End\\database\\seeders\\DatabaseSeeder.php:17)
[stacktrace]
#0 C:\\Users\\jpran\\OneDrive\\Desktop\\WK_PP_frontend\\Back-End\\vendor\\laravel\\framework\\src\\Illuminate\\Container\\BoundMethod.php(36): Database\\Seeders\\DatabaseSeeder->run()
#1 C:\\Users\\jpran\\OneDrive\\Desktop\\WK_PP_frontend\\Back-End\\vendor\\laravel\\framework\\src\\Illuminate\\Container\\Util.php(40): Illuminate\\Container\\BoundMethod::Illuminate\\Container\\{closure}()
#2 C:\\Users\\jpran\\OneDrive\\Desktop\\WK_PP_frontend\\Back-End\\vendor\\laravel\\framework\\src\\Illuminate\\Container\\BoundMethod.php(93): Illuminate\\Container\\Util::unwrapIfClosure(Object(Closure))
#3 C:\\Users\\jpran\\OneDrive\\Desktop\\WK_PP_frontend\\Back-End\\vendor\\laravel\\framework\\src\\Illuminate\\Container\\BoundMethod.php(37): Illuminate\\Container\\BoundMethod::callBoundMethod(Object(Illuminate\\Foundation\\Application), Array, Object(Closure))
#4 C:\\Users\\jpran\\OneDrive\\Desktop\\WK_PP_frontend\\Back-End\\vendor\\laravel\\framework\\src\\Illuminate\\Container\\Container.php(653): Illuminate\\Container\\BoundMethod::call(Object(Illuminate\\Foundation\\Application), Array, Array, NULL)
#5 C:\\Users\\jpran\\OneDrive\\Desktop\\WK_PP_frontend\\Back-End\\vendor\\laravel\\framework\\src\\Illuminate\\Database\\Seeder.php(149): Illuminate\\Container\\Container->call(Array, Array)
#6 C:\\Users\\jpran\\OneDrive\\Desktop\\WK_PP_frontend\\Back-End\\vendor\\laravel\\framework\\src\\Illuminate\\Database\\Console\\Seeds\\SeedCommand.php(66): Illuminate\\Database\\Seeder->__invoke()
#7 C:\\Users\\jpran\\OneDrive\\Desktop\\WK_PP_frontend\\Back-End\\vendor\\laravel\\framework\\src\\Illuminate\\Database\\Eloquent\\Concerns\\GuardsAttributes.php(157): Illuminate\\Database\\Console\\Seeds\\SeedCommand->Illuminate\\Database\\Console\\Seeds\\{closure}()
#8 C:\\Users\\jpran\\OneDrive\\Desktop\\WK_PP_frontend\\Back-End\\vendor\\laravel\\framework\\src\\Illuminate\\Database\\Console\\Seeds\\SeedCommand.php(67): Illuminate\\Database\\Eloquent\\Model::unguarded(Object(Closure))
#9 C:\\Users\\jpran\\OneDrive\\Desktop\\WK_PP_frontend\\Back-End\\vendor\\laravel\\framework\\src\\Illuminate\\Container\\BoundMethod.php(36): Illuminate\\Database\\Console\\Seeds\\SeedCommand->handle()
#10 C:\\Users\\jpran\\OneDrive\\Desktop\\WK_PP_frontend\\Back-End\\vendor\\laravel\\framework\\src\\Illuminate\\Container\\Util.php(40): Illuminate\\Container\\BoundMethod::Illuminate\\Container\\{closure}()
#11 C:\\Users\\jpran\\OneDrive\\Desktop\\WK_PP_frontend\\Back-End\\vendor\\laravel\\framework\\src\\Illuminate\\Container\\BoundMethod.php(93): Illuminate\\Container\\Util::unwrapIfClosure(Object(Closure))
#12 C:\\Users\\jpran\\OneDrive\\Desktop\\WK_PP_frontend\\Back-End\\vendor\\laravel\\framework\\src\\Illuminate\\Container\\BoundMethod.php(37): Illuminate\\Container\\BoundMethod::callBoundMethod(Object(Illuminate\\Foundation\\Application), Array, Object(Closure))
#13 C:\\Users\\jpran\\OneDrive\\Desktop\\WK_PP_frontend\\Back-End\\vendor\\laravel\\framework\\src\\Illuminate\\Container\\Container.php(653): Illuminate\\Container\\BoundMethod::call(Object(Illuminate\\Foundation\\Application), Array, Array, NULL)
#14 C:\\Users\\jpran\\OneDrive\\Desktop\\WK_PP_frontend\\Back-End\\vendor\\laravel\\framework\\src\\Illuminate\\Console\\Command.php(136): Illuminate\\Container\\Container->call(Array)
#15 C:\\Users\\jpran\\OneDrive\\Desktop\\WK_PP_frontend\\Back-End\\vendor\\symfony\\console\\Command\\Command.php(298): Illuminate\\Console\\Command->execute(Object(Symfony\\Component\\Console\\Input\\ArrayInput), Object(Illuminate\\Console\\OutputStyle))
#16 C:\\Users\\jpran\\OneDrive\\Desktop\\WK_PP_frontend\\Back-End\\vendor\\laravel\\framework\\src\\Illuminate\\Console\\Command.php(121): Symfony\\Component\\Console\\Command\\Command->run(Object(Symfony\\Component\\Console\\Input\\ArrayInput), Object(Illuminate\\Console\\OutputStyle))
#17 C:\\Users\\jpran\\OneDrive\\Desktop\\WK_PP_frontend\\Back-End\\vendor\\laravel\\framework\\src\\Illuminate\\Console\\Concerns\\CallsCommands.php(68): Illuminate\\Console\\Command->run(Object(Symfony\\Component\\Console\\Input\\ArrayInput), Object(Illuminate\\Console\\OutputStyle))
#18 C:\\Users\\jpran\\OneDrive\\Desktop\\WK_PP_frontend\\Back-End\\vendor\\laravel\\framework\\src\\Illuminate\\Console\\Concerns\\CallsCommands.php(28): Illuminate\\Console\\Command->runCommand('db:seed', Array, Object(Illuminate\\Console\\OutputStyle))
#19 C:\\Users\\jpran\\OneDrive\\Desktop\\WK_PP_frontend\\Back-End\\vendor\\laravel\\framework\\src\\Illuminate\\Database\\Console\\Migrations\\FreshCommand.php(90): Illuminate\\Console\\Command->call('db:seed', Array)
#20 C:\\Users\\jpran\\OneDrive\\Desktop\\WK_PP_frontend\\Back-End\\vendor\\laravel\\framework\\src\\Illuminate\\Database\\Console\\Migrations\\FreshCommand.php(65): Illuminate\\Database\\Console\\Migrations\\FreshCommand->runSeeder(NULL)
#21 C:\\Users\\jpran\\OneDrive\\Desktop\\WK_PP_frontend\\Back-End\\vendor\\laravel\\framework\\src\\Illuminate\\Container\\BoundMethod.php(36): Illuminate\\Database\\Console\\Migrations\\FreshCommand->handle()
#22 C:\\Users\\jpran\\OneDrive\\Desktop\\WK_PP_frontend\\Back-End\\vendor\\laravel\\framework\\src\\Illuminate\\Container\\Util.php(40): Illuminate\\Container\\BoundMethod::Illuminate\\Container\\{closure}()
#23 C:\\Users\\jpran\\OneDrive\\Desktop\\WK_PP_frontend\\Back-End\\vendor\\laravel\\framework\\src\\Illuminate\\Container\\BoundMethod.php(93): Illuminate\\Container\\Util::unwrapIfClosure(Object(Closure))
#24 C:\\Users\\jpran\\OneDrive\\Desktop\\WK_PP_frontend\\Back-End\\vendor\\laravel\\framework\\src\\Illuminate\\Container\\BoundMethod.php(37): Illuminate\\Container\\BoundMethod::callBoundMethod(Object(Illuminate\\Foundation\\Application), Array, Object(Closure))
#25 C:\\Users\\jpran\\OneDrive\\Desktop\\WK_PP_frontend\\Back-End\\vendor\\laravel\\framework\\src\\Illuminate\\Container\\Container.php(653): Illuminate\\Container\\BoundMethod::call(Object(Illuminate\\Foundation\\Application), Array, Array, NULL)
#26 C:\\Users\\jpran\\OneDrive\\Desktop\\WK_PP_frontend\\Back-End\\vendor\\laravel\\framework\\src\\Illuminate\\Console\\Command.php(136): Illuminate\\Container\\Container->call(Array)
#27 C:\\Users\\jpran\\OneDrive\\Desktop\\WK_PP_frontend\\Back-End\\vendor\\symfony\\console\\Command\\Command.php(298): Illuminate\\Console\\Command->execute(Object(Symfony\\Component\\Console\\Input\\ArgvInput), Object(Illuminate\\Console\\OutputStyle))
#28 C:\\Users\\jpran\\OneDrive\\Desktop\\WK_PP_frontend\\Back-End\\vendor\\laravel\\framework\\src\\Illuminate\\Console\\Command.php(121): Symfony\\Component\\Console\\Command\\Command->run(Object(Symfony\\Component\\Console\\Input\\ArgvInput), Object(Illuminate\\Console\\OutputStyle))
#29 C:\\Users\\jpran\\OneDrive\\Desktop\\WK_PP_frontend\\Back-End\\vendor\\symfony\\console\\Application.php(1040): Illuminate\\Console\\Command->run(Object(Symfony\\Component\\Console\\Input\\ArgvInput), Object(Symfony\\Component\\Console\\Output\\ConsoleOutput))
#30 C:\\Users\\jpran\\OneDrive\\Desktop\\WK_PP_frontend\\Back-End\\vendor\\symfony\\console\\Application.php(301): Symfony\\Component\\Console\\Application->doRunCommand(Object(Illuminate\\Database\\Console\\Migrations\\FreshCommand), Object(Symfony\\Component\\Console\\Input\\ArgvInput), Object(Symfony\\Component\\Console\\Output\\ConsoleOutput))
#31 C:\\Users\\jpran\\OneDrive\\Desktop\\WK_PP_frontend\\Back-End\\vendor\\symfony\\console\\Application.php(171): Symfony\\Component\\Console\\Application->doRun(Object(Symfony\\Component\\Console\\Input\\ArgvInput), Object(Symfony\\Component\\Console\\Output\\ConsoleOutput))
#32 C:\\Users\\jpran\\OneDrive\\Desktop\\WK_PP_frontend\\Back-End\\vendor\\laravel\\framework\\src\\Illuminate\\Console\\Application.php(94): Symfony\\Component\\Console\\Application->run(Object(Symfony\\Component\\Console\\Input\\ArgvInput), Object(Symfony\\Component\\Console\\Output\\ConsoleOutput))
#33 C:\\Users\\jpran\\OneDrive\\Desktop\\WK_PP_frontend\\Back-End\\vendor\\laravel\\framework\\src\\Illuminate\\Foundation\\Console\\Kernel.php(129): Illuminate\\Console\\Application->run(Object(Symfony\\Component\\Console\\Input\\ArgvInput), Object(Symfony\\Component\\Console\\Output\\ConsoleOutput))
#34 C:\\Users\\jpran\\OneDrive\\Desktop\\WK_PP_frontend\\Back-End\\artisan(37): Illuminate\\Foundation\\Console\\Kernel->handle(Object(Symfony\\Component\\Console\\Input\\ArgvInput), Object(Symfony\\Component\\Console\\Output\\ConsoleOutput))
#35 {main}
"} 
[2026-04-01 21:14:03] local.ERROR: Maximum retries of 10000 reached without finding a unique value {"exception":"[object] (OverflowException(code: 0): Maximum retries of 10000 reached without finding a unique value at C:\\Users\\jpran\\OneDrive\\Desktop\\WK_PP_frontend\\Back-End\\vendor\\fakerphp\\faker\\src\\Faker\\UniqueGenerator.php:80)
[stacktrace]
#0 C:\\Users\\jpran\\OneDrive\\Desktop\\WK_PP_frontend\\Back-End\\database\\factories\\ComedyFactory.php(29): Faker\\UniqueGenerator->__call('randomElement', Array)
#1 C:\\Users\\jpran\\OneDrive\\Desktop\\WK_PP_frontend\\Back-End\\vendor\\laravel\\framework\\src\\Illuminate\\Database\\Eloquent\\Factories\\Factory.php(424): Database\\Factories\\ComedyFactory->definition()
#2 C:\\Users\\jpran\\OneDrive\\Desktop\\WK_PP_frontend\\Back-End\\vendor\\laravel\\framework\\src\\Illuminate\\Database\\Eloquent\\Factories\\Factory.php(403): Illuminate\\Database\\Eloquent\\Factories\\Factory->getRawAttributes(NULL)
#3 C:\\Users\\jpran\\OneDrive\\Desktop\\WK_PP_frontend\\Back-End\\vendor\\laravel\\framework\\src\\Illuminate\\Database\\Eloquent\\Factories\\Factory.php(387): Illuminate\\Database\\Eloquent\\Factories\\Factory->getExpandedAttributes(NULL)
#4 C:\\Users\\jpran\\OneDrive\\Desktop\\WK_PP_frontend\\Back-End\\vendor\\laravel\\framework\\src\\Illuminate\\Database\\Eloquent\\Concerns\\GuardsAttributes.php(151): Illuminate\\Database\\Eloquent\\Factories\\Factory->Illuminate\\Database\\Eloquent\\Factories\\{closure}()
#5 C:\\Users\\jpran\\OneDrive\\Desktop\\WK_PP_frontend\\Back-End\\vendor\\laravel\\framework\\src\\Illuminate\\Database\\Eloquent\\Factories\\Factory.php(392): Illuminate\\Database\\Eloquent\\Model::unguarded(Object(Closure))
#6 C:\\Users\\jpran\\OneDrive\\Desktop\\WK_PP_frontend\\Back-End\\vendor\\laravel\\framework\\src\\Illuminate\\Database\\Eloquent\\Factories\\Factory.php(370): Illuminate\\Database\\Eloquent\\Factories\\Factory->makeInstance(NULL)
#7 [internal function]: Illuminate\\Database\\Eloquent\\Factories\\Factory->Illuminate\\Database\\Eloquent\\Factories\\{closure}(11)
#8 C:\\Users\\jpran\\OneDrive\\Desktop\\WK_PP_frontend\\Back-End\\vendor\\laravel\\framework\\src\\Illuminate\\Database\\Eloquent\\Factories\\Factory.php(371): array_map(Object(Closure), Array)
#9 C:\\Users\\jpran\\OneDrive\\Desktop\\WK_PP_frontend\\Back-End\\vendor\\laravel\\framework\\src\\Illuminate\\Database\\Eloquent\\Factories\\Factory.php(258): Illuminate\\Database\\Eloquent\\Factories\\Factory->make(Array, NULL)
#10 C:\\Users\\jpran\\OneDrive\\Desktop\\WK_PP_frontend\\Back-End\\database\\seeders\\ComedySeeder.php(17): Illuminate\\Database\\Eloquent\\Factories\\Factory->create()
#11 C:\\Users\\jpran\\OneDrive\\Desktop\\WK_PP_frontend\\Back-End\\vendor\\laravel\\framework\\src\\Illuminate\\Container\\BoundMethod.php(36): Database\\Seeders\\ComedySeeder->run()
#12 C:\\Users\\jpran\\OneDrive\\Desktop\\WK_PP_frontend\\Back-End\\vendor\\laravel\\framework\\src\\Illuminate\\Container\\Util.php(40): Illuminate\\Container\\BoundMethod::Illuminate\\Container\\{closure}()
#13 C:\\Users\\jpran\\OneDrive\\Desktop\\WK_PP_frontend\\Back-End\\vendor\\laravel\\framework\\src\\Illuminate\\Container\\BoundMethod.php(93): Illuminate\\Container\\Util::unwrapIfClosure(Object(Closure))
#14 C:\\Users\\jpran\\OneDrive\\Desktop\\WK_PP_frontend\\Back-End\\vendor\\laravel\\framework\\src\\Illuminate\\Container\\BoundMethod.php(37): Illuminate\\Container\\BoundMethod::callBoundMethod(Object(Illuminate\\Foundation\\Application), Array, Object(Closure))
#15 C:\\Users\\jpran\\OneDrive\\Desktop\\WK_PP_frontend\\Back-End\\vendor\\laravel\\framework\\src\\Illuminate\\Container\\Container.php(653): Illuminate\\Container\\BoundMethod::call(Object(Illuminate\\Foundation\\Application), Array, Array, NULL)
#16 C:\\Users\\jpran\\OneDrive\\Desktop\\WK_PP_frontend\\Back-End\\vendor\\laravel\\framework\\src\\Illuminate\\Database\\Seeder.php(149): Illuminate\\Container\\Container->call(Array, Array)
#17 C:\\Users\\jpran\\OneDrive\\Desktop\\WK_PP_frontend\\Back-End\\vendor\\laravel\\framework\\src\\Illuminate\\Database\\Seeder.php(49): Illuminate\\Database\\Seeder->__invoke(Array)
#18 C:\\Users\\jpran\\OneDrive\\Desktop\\WK_PP_frontend\\Back-End\\database\\seeders\\DatabaseSeeder.php(19): Illuminate\\Database\\Seeder->call('Database\\\\Seeder...')
#19 C:\\Users\\jpran\\OneDrive\\Desktop\\WK_PP_frontend\\Back-End\\vendor\\laravel\\framework\\src\\Illuminate\\Container\\BoundMethod.php(36): Database\\Seeders\\DatabaseSeeder->run()
#20 C:\\Users\\jpran\\OneDrive\\Desktop\\WK_PP_frontend\\Back-End\\vendor\\laravel\\framework\\src\\Illuminate\\Container\\Util.php(40): Illuminate\\Container\\BoundMethod::Illuminate\\Container\\{closure}()
#21 C:\\Users\\jpran\\OneDrive\\Desktop\\WK_PP_frontend\\Back-End\\vendor\\laravel\\framework\\src\\Illuminate\\Container\\BoundMethod.php(93): Illuminate\\Container\\Util::unwrapIfClosure(Object(Closure))
#22 C:\\Users\\jpran\\OneDrive\\Desktop\\WK_PP_frontend\\Back-End\\vendor\\laravel\\framework\\src\\Illuminate\\Container\\BoundMethod.php(37): Illuminate\\Container\\BoundMethod::callBoundMethod(Object(Illuminate\\Foundation\\Application), Array, Object(Closure))
#23 C:\\Users\\jpran\\OneDrive\\Desktop\\WK_PP_frontend\\Back-End\\vendor\\laravel\\framework\\src\\Illuminate\\Container\\Container.php(653): Illuminate\\Container\\BoundMethod::call(Object(Illuminate\\Foundation\\Application), Array, Array, NULL)
#24 C:\\Users\\jpran\\OneDrive\\Desktop\\WK_PP_frontend\\Back-End\\vendor\\laravel\\framework\\src\\Illuminate\\Database\\Seeder.php(149): Illuminate\\Container\\Container->call(Array, Array)
#25 C:\\Users\\jpran\\OneDrive\\Desktop\\WK_PP_frontend\\Back-End\\vendor\\laravel\\framework\\src\\Illuminate\\Database\\Console\\Seeds\\SeedCommand.php(66): Illuminate\\Database\\Seeder->__invoke()
#26 C:\\Users\\jpran\\OneDrive\\Desktop\\WK_PP_frontend\\Back-End\\vendor\\laravel\\framework\\src\\Illuminate\\Database\\Eloquent\\Concerns\\GuardsAttributes.php(157): Illuminate\\Database\\Console\\Seeds\\SeedCommand->Illuminate\\Database\\Console\\Seeds\\{closure}()
#27 C:\\Users\\jpran\\OneDrive\\Desktop\\WK_PP_frontend\\Back-End\\vendor\\laravel\\framework\\src\\Illuminate\\Database\\Console\\Seeds\\SeedCommand.php(67): Illuminate\\Database\\Eloquent\\Model::unguarded(Object(Closure))
#28 C:\\Users\\jpran\\OneDrive\\Desktop\\WK_PP_frontend\\Back-End\\vendor\\laravel\\framework\\src\\Illuminate\\Container\\BoundMethod.php(36): Illuminate\\Database\\Console\\Seeds\\SeedCommand->handle()
#29 C:\\Users\\jpran\\OneDrive\\Desktop\\WK_PP_frontend\\Back-End\\vendor\\laravel\\framework\\src\\Illuminate\\Container\\Util.php(40): Illuminate\\Container\\BoundMethod::Illuminate\\Container\\{closure}()
#30 C:\\Users\\jpran\\OneDrive\\Desktop\\WK_PP_frontend\\Back-End\\vendor\\laravel\\framework\\src\\Illuminate\\Container\\BoundMethod.php(93): Illuminate\\Container\\Util::unwrapIfClosure(Object(Closure))
#31 C:\\Users\\jpran\\OneDrive\\Desktop\\WK_PP_frontend\\Back-End\\vendor\\laravel\\framework\\src\\Illuminate\\Container\\BoundMethod.php(37): Illuminate\\Container\\BoundMethod::callBoundMethod(Object(Illuminate\\Foundation\\Application), Array, Object(Closure))
#32 C:\\Users\\jpran\\OneDrive\\Desktop\\WK_PP_frontend\\Back-End\\vendor\\laravel\\framework\\src\\Illuminate\\Container\\Container.php(653): Illuminate\\Container\\BoundMethod::call(Object(Illuminate\\Foundation\\Application), Array, Array, NULL)
#33 C:\\Users\\jpran\\OneDrive\\Desktop\\WK_PP_frontend\\Back-End\\vendor\\laravel\\framework\\src\\Illuminate\\Console\\Command.php(136): Illuminate\\Container\\Container->call(Array)
#34 C:\\Users\\jpran\\OneDrive\\Desktop\\WK_PP_frontend\\Back-End\\vendor\\symfony\\console\\Command\\Command.php(298): Illuminate\\Console\\Command->execute(Object(Symfony\\Component\\Console\\Input\\ArrayInput), Object(Illuminate\\Console\\OutputStyle))
#35 C:\\Users\\jpran\\OneDrive\\Desktop\\WK_PP_frontend\\Back-End\\vendor\\laravel\\framework\\src\\Illuminate\\Console\\Command.php(121): Symfony\\Component\\Console\\Command\\Command->run(Object(Symfony\\Component\\Console\\Input\\ArrayInput), Object(Illuminate\\Console\\OutputStyle))
#36 C:\\Users\\jpran\\OneDrive\\Desktop\\WK_PP_frontend\\Back-End\\vendor\\laravel\\framework\\src\\Illuminate\\Console\\Concerns\\CallsCommands.php(68): Illuminate\\Console\\Command->run(Object(Symfony\\Component\\Console\\Input\\ArrayInput), Object(Illuminate\\Console\\OutputStyle))
#37 C:\\Users\\jpran\\OneDrive\\Desktop\\WK_PP_frontend\\Back-End\\vendor\\laravel\\framework\\src\\Illuminate\\Console\\Concerns\\CallsCommands.php(28): Illuminate\\Console\\Command->runCommand('db:seed', Array, Object(Illuminate\\Console\\OutputStyle))
#38 C:\\Users\\jpran\\OneDrive\\Desktop\\WK_PP_frontend\\Back-End\\vendor\\laravel\\framework\\src\\Illuminate\\Database\\Console\\Migrations\\FreshCommand.php(90): Illuminate\\Console\\Command->call('db:seed', Array)
#39 C:\\Users\\jpran\\OneDrive\\Desktop\\WK_PP_frontend\\Back-End\\vendor\\laravel\\framework\\src\\Illuminate\\Database\\Console\\Migrations\\FreshCommand.php(65): Illuminate\\Database\\Console\\Migrations\\FreshCommand->runSeeder(NULL)
#40 C:\\Users\\jpran\\OneDrive\\Desktop\\WK_PP_frontend\\Back-End\\vendor\\laravel\\framework\\src\\Illuminate\\Container\\BoundMethod.php(36): Illuminate\\Database\\Console\\Migrations\\FreshCommand->handle()
#41 C:\\Users\\jpran\\OneDrive\\Desktop\\WK_PP_frontend\\Back-End\\vendor\\laravel\\framework\\src\\Illuminate\\Container\\Util.php(40): Illuminate\\Container\\BoundMethod::Illuminate\\Container\\{closure}()
#42 C:\\Users\\jpran\\OneDrive\\Desktop\\WK_PP_frontend\\Back-End\\vendor\\laravel\\framework\\src\\Illuminate\\Container\\BoundMethod.php(93): Illuminate\\Container\\Util::unwrapIfClosure(Object(Closure))
#43 C:\\Users\\jpran\\OneDrive\\Desktop\\WK_PP_frontend\\Back-End\\vendor\\laravel\\framework\\src\\Illuminate\\Container\\BoundMethod.php(37): Illuminate\\Container\\BoundMethod::callBoundMethod(Object(Illuminate\\Foundation\\Application), Array, Object(Closure))
#44 C:\\Users\\jpran\\OneDrive\\Desktop\\WK_PP_frontend\\Back-End\\vendor\\laravel\\framework\\src\\Illuminate\\Container\\Container.php(653): Illuminate\\Container\\BoundMethod::call(Object(Illuminate\\Foundation\\Application), Array, Array, NULL)
#45 C:\\Users\\jpran\\OneDrive\\Desktop\\WK_PP_frontend\\Back-End\\vendor\\laravel\\framework\\src\\Illuminate\\Console\\Command.php(136): Illuminate\\Container\\Container->call(Array)
#46 C:\\Users\\jpran\\OneDrive\\Desktop\\WK_PP_frontend\\Back-End\\vendor\\symfony\\console\\Command\\Command.php(298): Illuminate\\Console\\Command->execute(Object(Symfony\\Component\\Console\\Input\\ArgvInput), Object(Illuminate\\Console\\OutputStyle))
#47 C:\\Users\\jpran\\OneDrive\\Desktop\\WK_PP_frontend\\Back-End\\vendor\\laravel\\framework\\src\\Illuminate\\Console\\Command.php(121): Symfony\\Component\\Console\\Command\\Command->run(Object(Symfony\\Component\\Console\\Input\\ArgvInput), Object(Illuminate\\Console\\OutputStyle))
#48 C:\\Users\\jpran\\OneDrive\\Desktop\\WK_PP_frontend\\Back-End\\vendor\\symfony\\console\\Application.php(1040): Illuminate\\Console\\Command->run(Object(Symfony\\Component\\Console\\Input\\ArgvInput), Object(Symfony\\Component\\Console\\Output\\ConsoleOutput))
#49 C:\\Users\\jpran\\OneDrive\\Desktop\\WK_PP_frontend\\Back-End\\vendor\\symfony\\console\\Application.php(301): Symfony\\Component\\Console\\Application->doRunCommand(Object(Illuminate\\Database\\Console\\Migrations\\FreshCommand), Object(Symfony\\Component\\Console\\Input\\ArgvInput), Object(Symfony\\Component\\Console\\Output\\ConsoleOutput))
#50 C:\\Users\\jpran\\OneDrive\\Desktop\\WK_PP_frontend\\Back-End\\vendor\\symfony\\console\\Application.php(171): Symfony\\Component\\Console\\Application->doRun(Object(Symfony\\Component\\Console\\Input\\ArgvInput), Object(Symfony\\Component\\Console\\Output\\ConsoleOutput))
#51 C:\\Users\\jpran\\OneDrive\\Desktop\\WK_PP_frontend\\Back-End\\vendor\\laravel\\framework\\src\\Illuminate\\Console\\Application.php(94): Symfony\\Component\\Console\\Application->run(Object(Symfony\\Component\\Console\\Input\\ArgvInput), Object(Symfony\\Component\\Console\\Output\\ConsoleOutput))
#52 C:\\Users\\jpran\\OneDrive\\Desktop\\WK_PP_frontend\\Back-End\\vendor\\laravel\\framework\\src\\Illuminate\\Foundation\\Console\\Kernel.php(129): Illuminate\\Console\\Application->run(Object(Symfony\\Component\\Console\\Input\\ArgvInput), Object(Symfony\\Component\\Console\\Output\\ConsoleOutput))
#53 C:\\Users\\jpran\\OneDrive\\Desktop\\WK_PP_frontend\\Back-End\\artisan(37): Illuminate\\Foundation\\Console\\Kernel->handle(Object(Symfony\\Component\\Console\\Input\\ArgvInput), Object(Symfony\\Component\\Console\\Output\\ConsoleOutput))
#54 {main}
"} 
[2026-04-01 21:20:15] local.ERROR: Maximum retries of 10000 reached without finding a unique value {"exception":"[object] (OverflowException(code: 0): Maximum retries of 10000 reached without finding a unique value at C:\\Users\\jpran\\OneDrive\\Desktop\\WK_PP_frontend\\Back-End\\vendor\\fakerphp\\faker\\src\\Faker\\UniqueGenerator.php:80)
[stacktrace]
#0 C:\\Users\\jpran\\OneDrive\\Desktop\\WK_PP_frontend\\Back-End\\database\\factories\\ComedyFactory.php(29): Faker\\UniqueGenerator->__call('randomElement', Array)
#1 C:\\Users\\jpran\\OneDrive\\Desktop\\WK_PP_frontend\\Back-End\\vendor\\laravel\\framework\\src\\Illuminate\\Database\\Eloquent\\Factories\\Factory.php(424): Database\\Factories\\ComedyFactory->definition()
#2 C:\\Users\\jpran\\OneDrive\\Desktop\\WK_PP_frontend\\Back-End\\vendor\\laravel\\framework\\src\\Illuminate\\Database\\Eloquent\\Factories\\Factory.php(403): Illuminate\\Database\\Eloquent\\Factories\\Factory->getRawAttributes(NULL)
#3 C:\\Users\\jpran\\OneDrive\\Desktop\\WK_PP_frontend\\Back-End\\vendor\\laravel\\framework\\src\\Illuminate\\Database\\Eloquent\\Factories\\Factory.php(387): Illuminate\\Database\\Eloquent\\Factories\\Factory->getExpandedAttributes(NULL)
#4 C:\\Users\\jpran\\OneDrive\\Desktop\\WK_PP_frontend\\Back-End\\vendor\\laravel\\framework\\src\\Illuminate\\Database\\Eloquent\\Concerns\\GuardsAttributes.php(151): Illuminate\\Database\\Eloquent\\Factories\\Factory->Illuminate\\Database\\Eloquent\\Factories\\{closure}()
#5 C:\\Users\\jpran\\OneDrive\\Desktop\\WK_PP_frontend\\Back-End\\vendor\\laravel\\framework\\src\\Illuminate\\Database\\Eloquent\\Factories\\Factory.php(392): Illuminate\\Database\\Eloquent\\Model::unguarded(Object(Closure))
#6 C:\\Users\\jpran\\OneDrive\\Desktop\\WK_PP_frontend\\Back-End\\vendor\\laravel\\framework\\src\\Illuminate\\Database\\Eloquent\\Factories\\Factory.php(370): Illuminate\\Database\\Eloquent\\Factories\\Factory->makeInstance(NULL)
#7 [internal function]: Illuminate\\Database\\Eloquent\\Factories\\Factory->Illuminate\\Database\\Eloquent\\Factories\\{closure}(11)
#8 C:\\Users\\jpran\\OneDrive\\Desktop\\WK_PP_frontend\\Back-End\\vendor\\laravel\\framework\\src\\Illuminate\\Database\\Eloquent\\Factories\\Factory.php(371): array_map(Object(Closure), Array)
#9 C:\\Users\\jpran\\OneDrive\\Desktop\\WK_PP_frontend\\Back-End\\vendor\\laravel\\framework\\src\\Illuminate\\Database\\Eloquent\\Factories\\Factory.php(258): Illuminate\\Database\\Eloquent\\Factories\\Factory->make(Array, NULL)
#10 C:\\Users\\jpran\\OneDrive\\Desktop\\WK_PP_frontend\\Back-End\\database\\seeders\\ComedySeeder.php(17): Illuminate\\Database\\Eloquent\\Factories\\Factory->create()
#11 C:\\Users\\jpran\\OneDrive\\Desktop\\WK_PP_frontend\\Back-End\\vendor\\laravel\\framework\\src\\Illuminate\\Container\\BoundMethod.php(36): Database\\Seeders\\ComedySeeder->run()
#12 C:\\Users\\jpran\\OneDrive\\Desktop\\WK_PP_frontend\\Back-End\\vendor\\laravel\\framework\\src\\Illuminate\\Container\\Util.php(40): Illuminate\\Container\\BoundMethod::Illuminate\\Container\\{closure}()
#13 C:\\Users\\jpran\\OneDrive\\Desktop\\WK_PP_frontend\\Back-End\\vendor\\laravel\\framework\\src\\Illuminate\\Container\\BoundMethod.php(93): Illuminate\\Container\\Util::unwrapIfClosure(Object(Closure))
#14 C:\\Users\\jpran\\OneDrive\\Desktop\\WK_PP_frontend\\Back-End\\vendor\\laravel\\framework\\src\\Illuminate\\Container\\BoundMethod.php(37): Illuminate\\Container\\BoundMethod::callBoundMethod(Object(Illuminate\\Foundation\\Application), Array, Object(Closure))
#15 C:\\Users\\jpran\\OneDrive\\Desktop\\WK_PP_frontend\\Back-End\\vendor\\laravel\\framework\\src\\Illuminate\\Container\\Container.php(653): Illuminate\\Container\\BoundMethod::call(Object(Illuminate\\Foundation\\Application), Array, Array, NULL)
#16 C:\\Users\\jpran\\OneDrive\\Desktop\\WK_PP_frontend\\Back-End\\vendor\\laravel\\framework\\src\\Illuminate\\Database\\Seeder.php(149): Illuminate\\Container\\Container->call(Array, Array)
#17 C:\\Users\\jpran\\OneDrive\\Desktop\\WK_PP_frontend\\Back-End\\vendor\\laravel\\framework\\src\\Illuminate\\Database\\Seeder.php(49): Illuminate\\Database\\Seeder->__invoke(Array)
#18 C:\\Users\\jpran\\OneDrive\\Desktop\\WK_PP_frontend\\Back-End\\database\\seeders\\DatabaseSeeder.php(19): Illuminate\\Database\\Seeder->call('Database\\\\Seeder...')
#19 C:\\Users\\jpran\\OneDrive\\Desktop\\WK_PP_frontend\\Back-End\\vendor\\laravel\\framework\\src\\Illuminate\\Container\\BoundMethod.php(36): Database\\Seeders\\DatabaseSeeder->run()
#20 C:\\Users\\jpran\\OneDrive\\Desktop\\WK_PP_frontend\\Back-End\\vendor\\laravel\\framework\\src\\Illuminate\\Container\\Util.php(40): Illuminate\\Container\\BoundMethod::Illuminate\\Container\\{closure}()
#21 C:\\Users\\jpran\\OneDrive\\Desktop\\WK_PP_frontend\\Back-End\\vendor\\laravel\\framework\\src\\Illuminate\\Container\\BoundMethod.php(93): Illuminate\\Container\\Util::unwrapIfClosure(Object(Closure))
#22 C:\\Users\\jpran\\OneDrive\\Desktop\\WK_PP_frontend\\Back-End\\vendor\\laravel\\framework\\src\\Illuminate\\Container\\BoundMethod.php(37): Illuminate\\Container\\BoundMethod::callBoundMethod(Object(Illuminate\\Foundation\\Application), Array, Object(Closure))
#23 C:\\Users\\jpran\\OneDrive\\Desktop\\WK_PP_frontend\\Back-End\\vendor\\laravel\\framework\\src\\Illuminate\\Container\\Container.php(653): Illuminate\\Container\\BoundMethod::call(Object(Illuminate\\Foundation\\Application), Array, Array, NULL)
#24 C:\\Users\\jpran\\OneDrive\\Desktop\\WK_PP_frontend\\Back-End\\vendor\\laravel\\framework\\src\\Illuminate\\Database\\Seeder.php(149): Illuminate\\Container\\Container->call(Array, Array)
#25 C:\\Users\\jpran\\OneDrive\\Desktop\\WK_PP_frontend\\Back-End\\vendor\\laravel\\framework\\src\\Illuminate\\Database\\Console\\Seeds\\SeedCommand.php(66): Illuminate\\Database\\Seeder->__invoke()
#26 C:\\Users\\jpran\\OneDrive\\Desktop\\WK_PP_frontend\\Back-End\\vendor\\laravel\\framework\\src\\Illuminate\\Database\\Eloquent\\Concerns\\GuardsAttributes.php(157): Illuminate\\Database\\Console\\Seeds\\SeedCommand->Illuminate\\Database\\Console\\Seeds\\{closure}()
#27 C:\\Users\\jpran\\OneDrive\\Desktop\\WK_PP_frontend\\Back-End\\vendor\\laravel\\framework\\src\\Illuminate\\Database\\Console\\Seeds\\SeedCommand.php(67): Illuminate\\Database\\Eloquent\\Model::unguarded(Object(Closure))
#28 C:\\Users\\jpran\\OneDrive\\Desktop\\WK_PP_frontend\\Back-End\\vendor\\laravel\\framework\\src\\Illuminate\\Container\\BoundMethod.php(36): Illuminate\\Database\\Console\\Seeds\\SeedCommand->handle()
#29 C:\\Users\\jpran\\OneDrive\\Desktop\\WK_PP_frontend\\Back-End\\vendor\\laravel\\framework\\src\\Illuminate\\Container\\Util.php(40): Illuminate\\Container\\BoundMethod::Illuminate\\Container\\{closure}()
#30 C:\\Users\\jpran\\OneDrive\\Desktop\\WK_PP_frontend\\Back-End\\vendor\\laravel\\framework\\src\\Illuminate\\Container\\BoundMethod.php(93): Illuminate\\Container\\Util::unwrapIfClosure(Object(Closure))
#31 C:\\Users\\jpran\\OneDrive\\Desktop\\WK_PP_frontend\\Back-End\\vendor\\laravel\\framework\\src\\Illuminate\\Container\\BoundMethod.php(37): Illuminate\\Container\\BoundMethod::callBoundMethod(Object(Illuminate\\Foundation\\Application), Array, Object(Closure))
#32 C:\\Users\\jpran\\OneDrive\\Desktop\\WK_PP_frontend\\Back-End\\vendor\\laravel\\framework\\src\\Illuminate\\Container\\Container.php(653): Illuminate\\Container\\BoundMethod::call(Object(Illuminate\\Foundation\\Application), Array, Array, NULL)
#33 C:\\Users\\jpran\\OneDrive\\Desktop\\WK_PP_frontend\\Back-End\\vendor\\laravel\\framework\\src\\Illuminate\\Console\\Command.php(136): Illuminate\\Container\\Container->call(Array)
#34 C:\\Users\\jpran\\OneDrive\\Desktop\\WK_PP_frontend\\Back-End\\vendor\\symfony\\console\\Command\\Command.php(298): Illuminate\\Console\\Command->execute(Object(Symfony\\Component\\Console\\Input\\ArrayInput), Object(Illuminate\\Console\\OutputStyle))
#35 C:\\Users\\jpran\\OneDrive\\Desktop\\WK_PP_frontend\\Back-End\\vendor\\laravel\\framework\\src\\Illuminate\\Console\\Command.php(121): Symfony\\Component\\Console\\Command\\Command->run(Object(Symfony\\Component\\Console\\Input\\ArrayInput), Object(Illuminate\\Console\\OutputStyle))
#36 C:\\Users\\jpran\\OneDrive\\Desktop\\WK_PP_frontend\\Back-End\\vendor\\laravel\\framework\\src\\Illuminate\\Console\\Concerns\\CallsCommands.php(68): Illuminate\\Console\\Command->run(Object(Symfony\\Component\\Console\\Input\\ArrayInput), Object(Illuminate\\Console\\OutputStyle))
#37 C:\\Users\\jpran\\OneDrive\\Desktop\\WK_PP_frontend\\Back-End\\vendor\\laravel\\framework\\src\\Illuminate\\Console\\Concerns\\CallsCommands.php(28): Illuminate\\Console\\Command->runCommand('db:seed', Array, Object(Illuminate\\Console\\OutputStyle))
#38 C:\\Users\\jpran\\OneDrive\\Desktop\\WK_PP_frontend\\Back-End\\vendor\\laravel\\framework\\src\\Illuminate\\Database\\Console\\Migrations\\FreshCommand.php(90): Illuminate\\Console\\Command->call('db:seed', Array)
#39 C:\\Users\\jpran\\OneDrive\\Desktop\\WK_PP_frontend\\Back-End\\vendor\\laravel\\framework\\src\\Illuminate\\Database\\Console\\Migrations\\FreshCommand.php(65): Illuminate\\Database\\Console\\Migrations\\FreshCommand->runSeeder(NULL)
#40 C:\\Users\\jpran\\OneDrive\\Desktop\\WK_PP_frontend\\Back-End\\vendor\\laravel\\framework\\src\\Illuminate\\Container\\BoundMethod.php(36): Illuminate\\Database\\Console\\Migrations\\FreshCommand->handle()
#41 C:\\Users\\jpran\\OneDrive\\Desktop\\WK_PP_frontend\\Back-End\\vendor\\laravel\\framework\\src\\Illuminate\\Container\\Util.php(40): Illuminate\\Container\\BoundMethod::Illuminate\\Container\\{closure}()
#42 C:\\Users\\jpran\\OneDrive\\Desktop\\WK_PP_frontend\\Back-End\\vendor\\laravel\\framework\\src\\Illuminate\\Container\\BoundMethod.php(93): Illuminate\\Container\\Util::unwrapIfClosure(Object(Closure))
#43 C:\\Users\\jpran\\OneDrive\\Desktop\\WK_PP_frontend\\Back-End\\vendor\\laravel\\framework\\src\\Illuminate\\Container\\BoundMethod.php(37): Illuminate\\Container\\BoundMethod::callBoundMethod(Object(Illuminate\\Foundation\\Application), Array, Object(Closure))
#44 C:\\Users\\jpran\\OneDrive\\Desktop\\WK_PP_frontend\\Back-End\\vendor\\laravel\\framework\\src\\Illuminate\\Container\\Container.php(653): Illuminate\\Container\\BoundMethod::call(Object(Illuminate\\Foundation\\Application), Array, Array, NULL)
#45 C:\\Users\\jpran\\OneDrive\\Desktop\\WK_PP_frontend\\Back-End\\vendor\\laravel\\framework\\src\\Illuminate\\Console\\Command.php(136): Illuminate\\Container\\Container->call(Array)
#46 C:\\Users\\jpran\\OneDrive\\Desktop\\WK_PP_frontend\\Back-End\\vendor\\symfony\\console\\Command\\Command.php(298): Illuminate\\Console\\Command->execute(Object(Symfony\\Component\\Console\\Input\\ArgvInput), Object(Illuminate\\Console\\OutputStyle))
#47 C:\\Users\\jpran\\OneDrive\\Desktop\\WK_PP_frontend\\Back-End\\vendor\\laravel\\framework\\src\\Illuminate\\Console\\Command.php(121): Symfony\\Component\\Console\\Command\\Command->run(Object(Symfony\\Component\\Console\\Input\\ArgvInput), Object(Illuminate\\Console\\OutputStyle))
#48 C:\\Users\\jpran\\OneDrive\\Desktop\\WK_PP_frontend\\Back-End\\vendor\\symfony\\console\\Application.php(1040): Illuminate\\Console\\Command->run(Object(Symfony\\Component\\Console\\Input\\ArgvInput), Object(Symfony\\Component\\Console\\Output\\ConsoleOutput))
#49 C:\\Users\\jpran\\OneDrive\\Desktop\\WK_PP_frontend\\Back-End\\vendor\\symfony\\console\\Application.php(301): Symfony\\Component\\Console\\Application->doRunCommand(Object(Illuminate\\Database\\Console\\Migrations\\FreshCommand), Object(Symfony\\Component\\Console\\Input\\ArgvInput), Object(Symfony\\Component\\Console\\Output\\ConsoleOutput))
#50 C:\\Users\\jpran\\OneDrive\\Desktop\\WK_PP_frontend\\Back-End\\vendor\\symfony\\console\\Application.php(171): Symfony\\Component\\Console\\Application->doRun(Object(Symfony\\Component\\Console\\Input\\ArgvInput), Object(Symfony\\Component\\Console\\Output\\ConsoleOutput))
#51 C:\\Users\\jpran\\OneDrive\\Desktop\\WK_PP_frontend\\Back-End\\vendor\\laravel\\framework\\src\\Illuminate\\Console\\Application.php(94): Symfony\\Component\\Console\\Application->run(Object(Symfony\\Component\\Console\\Input\\ArgvInput), Object(Symfony\\Component\\Console\\Output\\ConsoleOutput))
#52 C:\\Users\\jpran\\OneDrive\\Desktop\\WK_PP_frontend\\Back-End\\vendor\\laravel\\framework\\src\\Illuminate\\Foundation\\Console\\Kernel.php(129): Illuminate\\Console\\Application->run(Object(Symfony\\Component\\Console\\Input\\ArgvInput), Object(Symfony\\Component\\Console\\Output\\ConsoleOutput))
#53 C:\\Users\\jpran\\OneDrive\\Desktop\\WK_PP_frontend\\Back-End\\artisan(37): Illuminate\\Foundation\\Console\\Kernel->handle(Object(Symfony\\Component\\Console\\Input\\ArgvInput), Object(Symfony\\Component\\Console\\Output\\ConsoleOutput))
#54 {main}
"} 
[2026-04-01 21:34:21] local.ERROR: Target class [HorrorController] does not exist. {"exception":"[object] (Illuminate\\Contracts\\Container\\BindingResolutionException(code: 0): Target class [HorrorController] does not exist. at C:\\Users\\jpran\\OneDrive\\Desktop\\WK_PP_frontend\\Back-End\\vendor\\laravel\\framework\\src\\Illuminate\\Container\\Container.php:879)
[stacktrace]
#0 C:\\Users\\jpran\\OneDrive\\Desktop\\WK_PP_frontend\\Back-End\\vendor\\laravel\\framework\\src\\Illuminate\\Container\\Container.php(758): Illuminate\\Container\\Container->build('HorrorControlle...')
#1 C:\\Users\\jpran\\OneDrive\\Desktop\\WK_PP_frontend\\Back-End\\vendor\\laravel\\framework\\src\\Illuminate\\Foundation\\Application.php(853): Illuminate\\Container\\Container->resolve('HorrorControlle...', Array, true)
#2 C:\\Users\\jpran\\OneDrive\\Desktop\\WK_PP_frontend\\Back-End\\vendor\\laravel\\framework\\src\\Illuminate\\Container\\Container.php(694): Illuminate\\Foundation\\Application->resolve('HorrorControlle...', Array)
#3 C:\\Users\\jpran\\OneDrive\\Desktop\\WK_PP_frontend\\Back-End\\vendor\\laravel\\framework\\src\\Illuminate\\Foundation\\Application.php(838): Illuminate\\Container\\Container->make('HorrorControlle...', Array)
#4 C:\\Users\\jpran\\OneDrive\\Desktop\\WK_PP_frontend\\Back-End\\vendor\\laravel\\framework\\src\\Illuminate\\Routing\\Route.php(276): Illuminate\\Foundation\\Application->make('HorrorControlle...')
#5 C:\\Users\\jpran\\OneDrive\\Desktop\\WK_PP_frontend\\Back-End\\vendor\\laravel\\framework\\src\\Illuminate\\Routing\\Route.php(1080): Illuminate\\Routing\\Route->getController()
#6 C:\\Users\\jpran\\OneDrive\\Desktop\\WK_PP_frontend\\Back-End\\vendor\\laravel\\framework\\src\\Illuminate\\Routing\\Route.php(1023): Illuminate\\Routing\\Route->controllerMiddleware()
#7 C:\\Users\\jpran\\OneDrive\\Desktop\\WK_PP_frontend\\Back-End\\vendor\\laravel\\framework\\src\\Illuminate\\Routing\\Router.php(734): Illuminate\\Routing\\Route->gatherMiddleware()
#8 C:\\Users\\jpran\\OneDrive\\Desktop\\WK_PP_frontend\\Back-End\\vendor\\laravel\\framework\\src\\Illuminate\\Routing\\Router.php(714): Illuminate\\Routing\\Router->gatherRouteMiddleware(Object(Illuminate\\Routing\\Route))
#9 C:\\Users\\jpran\\OneDrive\\Desktop\\WK_PP_frontend\\Back-End\\vendor\\laravel\\framework\\src\\Illuminate\\Routing\\Router.php(698): Illuminate\\Routing\\Router->runRouteWithinStack(Object(Illuminate\\Routing\\Route), Object(Illuminate\\Http\\Request))
#10 C:\\Users\\jpran\\OneDrive\\Desktop\\WK_PP_frontend\\Back-End\\vendor\\laravel\\framework\\src\\Illuminate\\Routing\\Router.php(662): Illuminate\\Routing\\Router->runRoute(Object(Illuminate\\Http\\Request), Object(Illuminate\\Routing\\Route))
#11 C:\\Users\\jpran\\OneDrive\\Desktop\\WK_PP_frontend\\Back-End\\vendor\\laravel\\framework\\src\\Illuminate\\Routing\\Router.php(651): Illuminate\\Routing\\Router->dispatchToRoute(Object(Illuminate\\Http\\Request))
#12 C:\\Users\\jpran\\OneDrive\\Desktop\\WK_PP_frontend\\Back-End\\vendor\\laravel\\framework\\src\\Illuminate\\Foundation\\Http\\Kernel.php(167): Illuminate\\Routing\\Router->dispatch(Object(Illuminate\\Http\\Request))
#13 C:\\Users\\jpran\\OneDrive\\Desktop\\WK_PP_frontend\\Back-End\\vendor\\laravel\\framework\\src\\Illuminate\\Pipeline\\Pipeline.php(128): Illuminate\\Foundation\\Http\\Kernel->Illuminate\\Foundation\\Http\\{closure}(Object(Illuminate\\Http\\Request))
#14 C:\\Users\\jpran\\OneDrive\\Desktop\\WK_PP_frontend\\Back-End\\vendor\\laravel\\framework\\src\\Illuminate\\Foundation\\Http\\Middleware\\TransformsRequest.php(21): Illuminate\\Pipeline\\Pipeline->Illuminate\\Pipeline\\{closure}(Object(Illuminate\\Http\\Request))
#15 C:\\Users\\jpran\\OneDrive\\Desktop\\WK_PP_frontend\\Back-End\\vendor\\laravel\\framework\\src\\Illuminate\\Foundation\\Http\\Middleware\\ConvertEmptyStringsToNull.php(31): Illuminate\\Foundation\\Http\\Middleware\\TransformsRequest->handle(Object(Illuminate\\Http\\Request), Object(Closure))
#16 C:\\Users\\jpran\\OneDrive\\Desktop\\WK_PP_frontend\\Back-End\\vendor\\laravel\\framework\\src\\Illuminate\\Pipeline\\Pipeline.php(167): Illuminate\\Foundation\\Http\\Middleware\\ConvertEmptyStringsToNull->handle(Object(Illuminate\\Http\\Request), Object(Closure))
#17 C:\\Users\\jpran\\OneDrive\\Desktop\\WK_PP_frontend\\Back-End\\vendor\\laravel\\framework\\src\\Illuminate\\Foundation\\Http\\Middleware\\TransformsRequest.php(21): Illuminate\\Pipeline\\Pipeline->Illuminate\\Pipeline\\{closure}(Object(Illuminate\\Http\\Request))
#18 C:\\Users\\jpran\\OneDrive\\Desktop\\WK_PP_frontend\\Back-End\\vendor\\laravel\\framework\\src\\Illuminate\\Foundation\\Http\\Middleware\\TrimStrings.php(40): Illuminate\\Foundation\\Http\\Middleware\\TransformsRequest->handle(Object(Illuminate\\Http\\Request), Object(Closure))
#19 C:\\Users\\jpran\\OneDrive\\Desktop\\WK_PP_frontend\\Back-End\\vendor\\laravel\\framework\\src\\Illuminate\\Pipeline\\Pipeline.php(167): Illuminate\\Foundation\\Http\\Middleware\\TrimStrings->handle(Object(Illuminate\\Http\\Request), Object(Closure))
#20 C:\\Users\\jpran\\OneDrive\\Desktop\\WK_PP_frontend\\Back-End\\vendor\\laravel\\framework\\src\\Illuminate\\Foundation\\Http\\Middleware\\ValidatePostSize.php(27): Illuminate\\Pipeline\\Pipeline->Illuminate\\Pipeline\\{closure}(Object(Illuminate\\Http\\Request))
#21 C:\\Users\\jpran\\OneDrive\\Desktop\\WK_PP_frontend\\Back-End\\vendor\\laravel\\framework\\src\\Illuminate\\Pipeline\\Pipeline.php(167): Illuminate\\Foundation\\Http\\Middleware\\ValidatePostSize->handle(Object(Illuminate\\Http\\Request), Object(Closure))
#22 C:\\Users\\jpran\\OneDrive\\Desktop\\WK_PP_frontend\\Back-End\\vendor\\laravel\\framework\\src\\Illuminate\\Foundation\\Http\\Middleware\\PreventRequestsDuringMaintenance.php(86): Illuminate\\Pipeline\\Pipeline->Illuminate\\Pipeline\\{closure}(Object(Illuminate\\Http\\Request))
#23 C:\\Users\\jpran\\OneDrive\\Desktop\\WK_PP_frontend\\Back-End\\vendor\\laravel\\framework\\src\\Illuminate\\Pipeline\\Pipeline.php(167): Illuminate\\Foundation\\Http\\Middleware\\PreventRequestsDuringMaintenance->handle(Object(Illuminate\\Http\\Request), Object(Closure))
#24 C:\\Users\\jpran\\OneDrive\\Desktop\\WK_PP_frontend\\Back-End\\vendor\\fruitcake\\laravel-cors\\src\\HandleCors.php(52): Illuminate\\Pipeline\\Pipeline->Illuminate\\Pipeline\\{closure}(Object(Illuminate\\Http\\Request))
#25 C:\\Users\\jpran\\OneDrive\\Desktop\\WK_PP_frontend\\Back-End\\vendor\\laravel\\framework\\src\\Illuminate\\Pipeline\\Pipeline.php(167): Fruitcake\\Cors\\HandleCors->handle(Object(Illuminate\\Http\\Request), Object(Closure))
#26 C:\\Users\\jpran\\OneDrive\\Desktop\\WK_PP_frontend\\Back-End\\vendor\\laravel\\framework\\src\\Illuminate\\Http\\Middleware\\TrustProxies.php(39): Illuminate\\Pipeline\\Pipeline->Illuminate\\Pipeline\\{closure}(Object(Illuminate\\Http\\Request))
#27 C:\\Users\\jpran\\OneDrive\\Desktop\\WK_PP_frontend\\Back-End\\vendor\\laravel\\framework\\src\\Illuminate\\Pipeline\\Pipeline.php(167): Illuminate\\Http\\Middleware\\TrustProxies->handle(Object(Illuminate\\Http\\Request), Object(Closure))
#28 C:\\Users\\jpran\\OneDrive\\Desktop\\WK_PP_frontend\\Back-End\\vendor\\laravel\\framework\\src\\Illuminate\\Pipeline\\Pipeline.php(103): Illuminate\\Pipeline\\Pipeline->Illuminate\\Pipeline\\{closure}(Object(Illuminate\\Http\\Request))
#29 C:\\Users\\jpran\\OneDrive\\Desktop\\WK_PP_frontend\\Back-End\\vendor\\laravel\\framework\\src\\Illuminate\\Foundation\\Http\\Kernel.php(142): Illuminate\\Pipeline\\Pipeline->then(Object(Closure))
#30 C:\\Users\\jpran\\OneDrive\\Desktop\\WK_PP_frontend\\Back-End\\vendor\\laravel\\framework\\src\\Illuminate\\Foundation\\Http\\Kernel.php(111): Illuminate\\Foundation\\Http\\Kernel->sendRequestThroughRouter(Object(Illuminate\\Http\\Request))
#31 C:\\Users\\jpran\\OneDrive\\Desktop\\WK_PP_frontend\\Back-End\\public\\index.php(54): Illuminate\\Foundation\\Http\\Kernel->handle(Object(Illuminate\\Http\\Request))
#32 C:\\Users\\jpran\\OneDrive\\Desktop\\WK_PP_frontend\\Back-End\\server.php(21): require_once('C:\\\\Users\\\\jpran\\\\...')
#33 {main}

[previous exception] [object] (ReflectionException(code: -1): Class HorrorController does not exist at C:\\Users\\jpran\\OneDrive\\Desktop\\WK_PP_frontend\\Back-End\\vendor\\laravel\\framework\\src\\Illuminate\\Container\\Container.php:877)
[stacktrace]
#0 C:\\Users\\jpran\\OneDrive\\Desktop\\WK_PP_frontend\\Back-End\\vendor\\laravel\\framework\\src\\Illuminate\\Container\\Container.php(877): ReflectionClass->__construct('HorrorControlle...')
#1 C:\\Users\\jpran\\OneDrive\\Desktop\\WK_PP_frontend\\Back-End\\vendor\\laravel\\framework\\src\\Illuminate\\Container\\Container.php(758): Illuminate\\Container\\Container->build('HorrorControlle...')
#2 C:\\Users\\jpran\\OneDrive\\Desktop\\WK_PP_frontend\\Back-End\\vendor\\laravel\\framework\\src\\Illuminate\\Foundation\\Application.php(853): Illuminate\\Container\\Container->resolve('HorrorControlle...', Array, true)
#3 C:\\Users\\jpran\\OneDrive\\Desktop\\WK_PP_frontend\\Back-End\\vendor\\laravel\\framework\\src\\Illuminate\\Container\\Container.php(694): Illuminate\\Foundation\\Application->resolve('HorrorControlle...', Array)
#4 C:\\Users\\jpran\\OneDrive\\Desktop\\WK_PP_frontend\\Back-End\\vendor\\laravel\\framework\\src\\Illuminate\\Foundation\\Application.php(838): Illuminate\\Container\\Container->make('HorrorControlle...', Array)
#5 C:\\Users\\jpran\\OneDrive\\Desktop\\WK_PP_frontend\\Back-End\\vendor\\laravel\\framework\\src\\Illuminate\\Routing\\Route.php(276): Illuminate\\Foundation\\Application->make('HorrorControlle...')
#6 C:\\Users\\jpran\\OneDrive\\Desktop\\WK_PP_frontend\\Back-End\\vendor\\laravel\\framework\\src\\Illuminate\\Routing\\Route.php(1080): Illuminate\\Routing\\Route->getController()
#7 C:\\Users\\jpran\\OneDrive\\Desktop\\WK_PP_frontend\\Back-End\\vendor\\laravel\\framework\\src\\Illuminate\\Routing\\Route.php(1023): Illuminate\\Routing\\Route->controllerMiddleware()
#8 C:\\Users\\jpran\\OneDrive\\Desktop\\WK_PP_frontend\\Back-End\\vendor\\laravel\\framework\\src\\Illuminate\\Routing\\Router.php(734): Illuminate\\Routing\\Route->gatherMiddleware()
#9 C:\\Users\\jpran\\OneDrive\\Desktop\\WK_PP_frontend\\Back-End\\vendor\\laravel\\framework\\src\\Illuminate\\Routing\\Router.php(714): Illuminate\\Routing\\Router->gatherRouteMiddleware(Object(Illuminate\\Routing\\Route))
#10 C:\\Users\\jpran\\OneDrive\\Desktop\\WK_PP_frontend\\Back-End\\vendor\\laravel\\framework\\src\\Illuminate\\Routing\\Router.php(698): Illuminate\\Routing\\Router->runRouteWithinStack(Object(Illuminate\\Routing\\Route), Object(Illuminate\\Http\\Request))
#11 C:\\Users\\jpran\\OneDrive\\Desktop\\WK_PP_frontend\\Back-End\\vendor\\laravel\\framework\\src\\Illuminate\\Routing\\Router.php(662): Illuminate\\Routing\\Router->runRoute(Object(Illuminate\\Http\\Request), Object(Illuminate\\Routing\\Route))
#12 C:\\Users\\jpran\\OneDrive\\Desktop\\WK_PP_frontend\\Back-End\\vendor\\laravel\\framework\\src\\Illuminate\\Routing\\Router.php(651): Illuminate\\Routing\\Router->dispatchToRoute(Object(Illuminate\\Http\\Request))
#13 C:\\Users\\jpran\\OneDrive\\Desktop\\WK_PP_frontend\\Back-End\\vendor\\laravel\\framework\\src\\Illuminate\\Foundation\\Http\\Kernel.php(167): Illuminate\\Routing\\Router->dispatch(Object(Illuminate\\Http\\Request))
#14 C:\\Users\\jpran\\OneDrive\\Desktop\\WK_PP_frontend\\Back-End\\vendor\\laravel\\framework\\src\\Illuminate\\Pipeline\\Pipeline.php(128): Illuminate\\Foundation\\Http\\Kernel->Illuminate\\Foundation\\Http\\{closure}(Object(Illuminate\\Http\\Request))
#15 C:\\Users\\jpran\\OneDrive\\Desktop\\WK_PP_frontend\\Back-End\\vendor\\laravel\\framework\\src\\Illuminate\\Foundation\\Http\\Middleware\\TransformsRequest.php(21): Illuminate\\Pipeline\\Pipeline->Illuminate\\Pipeline\\{closure}(Object(Illuminate\\Http\\Request))
#16 C:\\Users\\jpran\\OneDrive\\Desktop\\WK_PP_frontend\\Back-End\\vendor\\laravel\\framework\\src\\Illuminate\\Foundation\\Http\\Middleware\\ConvertEmptyStringsToNull.php(31): Illuminate\\Foundation\\Http\\Middleware\\TransformsRequest->handle(Object(Illuminate\\Http\\Request), Object(Closure))
#17 C:\\Users\\jpran\\OneDrive\\Desktop\\WK_PP_frontend\\Back-End\\vendor\\laravel\\framework\\src\\Illuminate\\Pipeline\\Pipeline.php(167): Illuminate\\Foundation\\Http\\Middleware\\ConvertEmptyStringsToNull->handle(Object(Illuminate\\Http\\Request), Object(Closure))
#18 C:\\Users\\jpran\\OneDrive\\Desktop\\WK_PP_frontend\\Back-End\\vendor\\laravel\\framework\\src\\Illuminate\\Foundation\\Http\\Middleware\\TransformsRequest.php(21): Illuminate\\Pipeline\\Pipeline->Illuminate\\Pipeline\\{closure}(Object(Illuminate\\Http\\Request))
#19 C:\\Users\\jpran\\OneDrive\\Desktop\\WK_PP_frontend\\Back-End\\vendor\\laravel\\framework\\src\\Illuminate\\Foundation\\Http\\Middleware\\TrimStrings.php(40): Illuminate\\Foundation\\Http\\Middleware\\TransformsRequest->handle(Object(Illuminate\\Http\\Request), Object(Closure))
#20 C:\\Users\\jpran\\OneDrive\\Desktop\\WK_PP_frontend\\Back-End\\vendor\\laravel\\framework\\src\\Illuminate\\Pipeline\\Pipeline.php(167): Illuminate\\Foundation\\Http\\Middleware\\TrimStrings->handle(Object(Illuminate\\Http\\Request), Object(Closure))
#21 C:\\Users\\jpran\\OneDrive\\Desktop\\WK_PP_frontend\\Back-End\\vendor\\laravel\\framework\\src\\Illuminate\\Foundation\\Http\\Middleware\\ValidatePostSize.php(27): Illuminate\\Pipeline\\Pipeline->Illuminate\\Pipeline\\{closure}(Object(Illuminate\\Http\\Request))
#22 C:\\Users\\jpran\\OneDrive\\Desktop\\WK_PP_frontend\\Back-End\\vendor\\laravel\\framework\\src\\Illuminate\\Pipeline\\Pipeline.php(167): Illuminate\\Foundation\\Http\\Middleware\\ValidatePostSize->handle(Object(Illuminate\\Http\\Request), Object(Closure))
#23 C:\\Users\\jpran\\OneDrive\\Desktop\\WK_PP_frontend\\Back-End\\vendor\\laravel\\framework\\src\\Illuminate\\Foundation\\Http\\Middleware\\PreventRequestsDuringMaintenance.php(86): Illuminate\\Pipeline\\Pipeline->Illuminate\\Pipeline\\{closure}(Object(Illuminate\\Http\\Request))
#24 C:\\Users\\jpran\\OneDrive\\Desktop\\WK_PP_frontend\\Back-End\\vendor\\laravel\\framework\\src\\Illuminate\\Pipeline\\Pipeline.php(167): Illuminate\\Foundation\\Http\\Middleware\\PreventRequestsDuringMaintenance->handle(Object(Illuminate\\Http\\Request), Object(Closure))
#25 C:\\Users\\jpran\\OneDrive\\Desktop\\WK_PP_frontend\\Back-End\\vendor\\fruitcake\\laravel-cors\\src\\HandleCors.php(52): Illuminate\\Pipeline\\Pipeline->Illuminate\\Pipeline\\{closure}(Object(Illuminate\\Http\\Request))
#26 C:\\Users\\jpran\\OneDrive\\Desktop\\WK_PP_frontend\\Back-End\\vendor\\laravel\\framework\\src\\Illuminate\\Pipeline\\Pipeline.php(167): Fruitcake\\Cors\\HandleCors->handle(Object(Illuminate\\Http\\Request), Object(Closure))
#27 C:\\Users\\jpran\\OneDrive\\Desktop\\WK_PP_frontend\\Back-End\\vendor\\laravel\\framework\\src\\Illuminate\\Http\\Middleware\\TrustProxies.php(39): Illuminate\\Pipeline\\Pipeline->Illuminate\\Pipeline\\{closure}(Object(Illuminate\\Http\\Request))
#28 C:\\Users\\jpran\\OneDrive\\Desktop\\WK_PP_frontend\\Back-End\\vendor\\laravel\\framework\\src\\Illuminate\\Pipeline\\Pipeline.php(167): Illuminate\\Http\\Middleware\\TrustProxies->handle(Object(Illuminate\\Http\\Request), Object(Closure))
#29 C:\\Users\\jpran\\OneDrive\\Desktop\\WK_PP_frontend\\Back-End\\vendor\\laravel\\framework\\src\\Illuminate\\Pipeline\\Pipeline.php(103): Illuminate\\Pipeline\\Pipeline->Illuminate\\Pipeline\\{closure}(Object(Illuminate\\Http\\Request))
#30 C:\\Users\\jpran\\OneDrive\\Desktop\\WK_PP_frontend\\Back-End\\vendor\\laravel\\framework\\src\\Illuminate\\Foundation\\Http\\Kernel.php(142): Illuminate\\Pipeline\\Pipeline->then(Object(Closure))
#31 C:\\Users\\jpran\\OneDrive\\Desktop\\WK_PP_frontend\\Back-End\\vendor\\laravel\\framework\\src\\Illuminate\\Foundation\\Http\\Kernel.php(111): Illuminate\\Foundation\\Http\\Kernel->sendRequestThroughRouter(Object(Illuminate\\Http\\Request))
#32 C:\\Users\\jpran\\OneDrive\\Desktop\\WK_PP_frontend\\Back-End\\public\\index.php(54): Illuminate\\Foundation\\Http\\Kernel->handle(Object(Illuminate\\Http\\Request))
#33 C:\\Users\\jpran\\OneDrive\\Desktop\\WK_PP_frontend\\Back-End\\server.php(21): require_once('C:\\\\Users\\\\jpran\\\\...')
#34 {main}
"} 
[2026-04-01 21:36:07] local.ERROR: Target class [HorrorController] does not exist. {"exception":"[object] (Illuminate\\Contracts\\Container\\BindingResolutionException(code: 0): Target class [HorrorController] does not exist. at C:\\Users\\jpran\\OneDrive\\Desktop\\WK_PP_frontend\\Back-End\\vendor\\laravel\\framework\\src\\Illuminate\\Container\\Container.php:879)
[stacktrace]
#0 C:\\Users\\jpran\\OneDrive\\Desktop\\WK_PP_frontend\\Back-End\\vendor\\laravel\\framework\\src\\Illuminate\\Container\\Container.php(758): Illuminate\\Container\\Container->build('HorrorControlle...')
#1 C:\\Users\\jpran\\OneDrive\\Desktop\\WK_PP_frontend\\Back-End\\vendor\\laravel\\framework\\src\\Illuminate\\Foundation\\Application.php(853): Illuminate\\Container\\Container->resolve('HorrorControlle...', Array, true)
#2 C:\\Users\\jpran\\OneDrive\\Desktop\\WK_PP_frontend\\Back-End\\vendor\\laravel\\framework\\src\\Illuminate\\Container\\Container.php(694): Illuminate\\Foundation\\Application->resolve('HorrorControlle...', Array)
#3 C:\\Users\\jpran\\OneDrive\\Desktop\\WK_PP_frontend\\Back-End\\vendor\\laravel\\framework\\src\\Illuminate\\Foundation\\Application.php(838): Illuminate\\Container\\Container->make('HorrorControlle...', Array)
#4 C:\\Users\\jpran\\OneDrive\\Desktop\\WK_PP_frontend\\Back-End\\vendor\\laravel\\framework\\src\\Illuminate\\Routing\\Route.php(276): Illuminate\\Foundation\\Application->make('HorrorControlle...')
#5 C:\\Users\\jpran\\OneDrive\\Desktop\\WK_PP_frontend\\Back-End\\vendor\\laravel\\framework\\src\\Illuminate\\Routing\\Route.php(1080): Illuminate\\Routing\\Route->getController()
#6 C:\\Users\\jpran\\OneDrive\\Desktop\\WK_PP_frontend\\Back-End\\vendor\\laravel\\framework\\src\\Illuminate\\Routing\\Route.php(1023): Illuminate\\Routing\\Route->controllerMiddleware()
#7 C:\\Users\\jpran\\OneDrive\\Desktop\\WK_PP_frontend\\Back-End\\vendor\\laravel\\framework\\src\\Illuminate\\Routing\\Router.php(734): Illuminate\\Routing\\Route->gatherMiddleware()
#8 C:\\Users\\jpran\\OneDrive\\Desktop\\WK_PP_frontend\\Back-End\\vendor\\laravel\\framework\\src\\Illuminate\\Routing\\Router.php(714): Illuminate\\Routing\\Router->gatherRouteMiddleware(Object(Illuminate\\Routing\\Route))
#9 C:\\Users\\jpran\\OneDrive\\Desktop\\WK_PP_frontend\\Back-End\\vendor\\laravel\\framework\\src\\Illuminate\\Routing\\Router.php(698): Illuminate\\Routing\\Router->runRouteWithinStack(Object(Illuminate\\Routing\\Route), Object(Illuminate\\Http\\Request))
#10 C:\\Users\\jpran\\OneDrive\\Desktop\\WK_PP_frontend\\Back-End\\vendor\\laravel\\framework\\src\\Illuminate\\Routing\\Router.php(662): Illuminate\\Routing\\Router->runRoute(Object(Illuminate\\Http\\Request), Object(Illuminate\\Routing\\Route))
#11 C:\\Users\\jpran\\OneDrive\\Desktop\\WK_PP_frontend\\Back-End\\vendor\\laravel\\framework\\src\\Illuminate\\Routing\\Router.php(651): Illuminate\\Routing\\Router->dispatchToRoute(Object(Illuminate\\Http\\Request))
#12 C:\\Users\\jpran\\OneDrive\\Desktop\\WK_PP_frontend\\Back-End\\vendor\\laravel\\framework\\src\\Illuminate\\Foundation\\Http\\Kernel.php(167): Illuminate\\Routing\\Router->dispatch(Object(Illuminate\\Http\\Request))
#13 C:\\Users\\jpran\\OneDrive\\Desktop\\WK_PP_frontend\\Back-End\\vendor\\laravel\\framework\\src\\Illuminate\\Pipeline\\Pipeline.php(128): Illuminate\\Foundation\\Http\\Kernel->Illuminate\\Foundation\\Http\\{closure}(Object(Illuminate\\Http\\Request))
#14 C:\\Users\\jpran\\OneDrive\\Desktop\\WK_PP_frontend\\Back-End\\vendor\\laravel\\framework\\src\\Illuminate\\Foundation\\Http\\Middleware\\TransformsRequest.php(21): Illuminate\\Pipeline\\Pipeline->Illuminate\\Pipeline\\{closure}(Object(Illuminate\\Http\\Request))
#15 C:\\Users\\jpran\\OneDrive\\Desktop\\WK_PP_frontend\\Back-End\\vendor\\laravel\\framework\\src\\Illuminate\\Foundation\\Http\\Middleware\\ConvertEmptyStringsToNull.php(31): Illuminate\\Foundation\\Http\\Middleware\\TransformsRequest->handle(Object(Illuminate\\Http\\Request), Object(Closure))
#16 C:\\Users\\jpran\\OneDrive\\Desktop\\WK_PP_frontend\\Back-End\\vendor\\laravel\\framework\\src\\Illuminate\\Pipeline\\Pipeline.php(167): Illuminate\\Foundation\\Http\\Middleware\\ConvertEmptyStringsToNull->handle(Object(Illuminate\\Http\\Request), Object(Closure))
#17 C:\\Users\\jpran\\OneDrive\\Desktop\\WK_PP_frontend\\Back-End\\vendor\\laravel\\framework\\src\\Illuminate\\Foundation\\Http\\Middleware\\TransformsRequest.php(21): Illuminate\\Pipeline\\Pipeline->Illuminate\\Pipeline\\{closure}(Object(Illuminate\\Http\\Request))
#18 C:\\Users\\jpran\\OneDrive\\Desktop\\WK_PP_frontend\\Back-End\\vendor\\laravel\\framework\\src\\Illuminate\\Foundation\\Http\\Middleware\\TrimStrings.php(40): Illuminate\\Foundation\\Http\\Middleware\\TransformsRequest->handle(Object(Illuminate\\Http\\Request), Object(Closure))
#19 C:\\Users\\jpran\\OneDrive\\Desktop\\WK_PP_frontend\\Back-End\\vendor\\laravel\\framework\\src\\Illuminate\\Pipeline\\Pipeline.php(167): Illuminate\\Foundation\\Http\\Middleware\\TrimStrings->handle(Object(Illuminate\\Http\\Request), Object(Closure))
#20 C:\\Users\\jpran\\OneDrive\\Desktop\\WK_PP_frontend\\Back-End\\vendor\\laravel\\framework\\src\\Illuminate\\Foundation\\Http\\Middleware\\ValidatePostSize.php(27): Illuminate\\Pipeline\\Pipeline->Illuminate\\Pipeline\\{closure}(Object(Illuminate\\Http\\Request))
#21 C:\\Users\\jpran\\OneDrive\\Desktop\\WK_PP_frontend\\Back-End\\vendor\\laravel\\framework\\src\\Illuminate\\Pipeline\\Pipeline.php(167): Illuminate\\Foundation\\Http\\Middleware\\ValidatePostSize->handle(Object(Illuminate\\Http\\Request), Object(Closure))
#22 C:\\Users\\jpran\\OneDrive\\Desktop\\WK_PP_frontend\\Back-End\\vendor\\laravel\\framework\\src\\Illuminate\\Foundation\\Http\\Middleware\\PreventRequestsDuringMaintenance.php(86): Illuminate\\Pipeline\\Pipeline->Illuminate\\Pipeline\\{closure}(Object(Illuminate\\Http\\Request))
#23 C:\\Users\\jpran\\OneDrive\\Desktop\\WK_PP_frontend\\Back-End\\vendor\\laravel\\framework\\src\\Illuminate\\Pipeline\\Pipeline.php(167): Illuminate\\Foundation\\Http\\Middleware\\PreventRequestsDuringMaintenance->handle(Object(Illuminate\\Http\\Request), Object(Closure))
#24 C:\\Users\\jpran\\OneDrive\\Desktop\\WK_PP_frontend\\Back-End\\vendor\\fruitcake\\laravel-cors\\src\\HandleCors.php(52): Illuminate\\Pipeline\\Pipeline->Illuminate\\Pipeline\\{closure}(Object(Illuminate\\Http\\Request))
#25 C:\\Users\\jpran\\OneDrive\\Desktop\\WK_PP_frontend\\Back-End\\vendor\\laravel\\framework\\src\\Illuminate\\Pipeline\\Pipeline.php(167): Fruitcake\\Cors\\HandleCors->handle(Object(Illuminate\\Http\\Request), Object(Closure))
#26 C:\\Users\\jpran\\OneDrive\\Desktop\\WK_PP_frontend\\Back-End\\vendor\\laravel\\framework\\src\\Illuminate\\Http\\Middleware\\TrustProxies.php(39): Illuminate\\Pipeline\\Pipeline->Illuminate\\Pipeline\\{closure}(Object(Illuminate\\Http\\Request))
#27 C:\\Users\\jpran\\OneDrive\\Desktop\\WK_PP_frontend\\Back-End\\vendor\\laravel\\framework\\src\\Illuminate\\Pipeline\\Pipeline.php(167): Illuminate\\Http\\Middleware\\TrustProxies->handle(Object(Illuminate\\Http\\Request), Object(Closure))
#28 C:\\Users\\jpran\\OneDrive\\Desktop\\WK_PP_frontend\\Back-End\\vendor\\laravel\\framework\\src\\Illuminate\\Pipeline\\Pipeline.php(103): Illuminate\\Pipeline\\Pipeline->Illuminate\\Pipeline\\{closure}(Object(Illuminate\\Http\\Request))
#29 C:\\Users\\jpran\\OneDrive\\Desktop\\WK_PP_frontend\\Back-End\\vendor\\laravel\\framework\\src\\Illuminate\\Foundation\\Http\\Kernel.php(142): Illuminate\\Pipeline\\Pipeline->then(Object(Closure))
#30 C:\\Users\\jpran\\OneDrive\\Desktop\\WK_PP_frontend\\Back-End\\vendor\\laravel\\framework\\src\\Illuminate\\Foundation\\Http\\Kernel.php(111): Illuminate\\Foundation\\Http\\Kernel->sendRequestThroughRouter(Object(Illuminate\\Http\\Request))
#31 C:\\Users\\jpran\\OneDrive\\Desktop\\WK_PP_frontend\\Back-End\\public\\index.php(54): Illuminate\\Foundation\\Http\\Kernel->handle(Object(Illuminate\\Http\\Request))
#32 C:\\Users\\jpran\\OneDrive\\Desktop\\WK_PP_frontend\\Back-End\\server.php(21): require_once('C:\\\\Users\\\\jpran\\\\...')
#33 {main}

[previous exception] [object] (ReflectionException(code: -1): Class HorrorController does not exist at C:\\Users\\jpran\\OneDrive\\Desktop\\WK_PP_frontend\\Back-End\\vendor\\laravel\\framework\\src\\Illuminate\\Container\\Container.php:877)
[stacktrace]
#0 C:\\Users\\jpran\\OneDrive\\Desktop\\WK_PP_frontend\\Back-End\\vendor\\laravel\\framework\\src\\Illuminate\\Container\\Container.php(877): ReflectionClass->__construct('HorrorControlle...')
#1 C:\\Users\\jpran\\OneDrive\\Desktop\\WK_PP_frontend\\Back-End\\vendor\\laravel\\framework\\src\\Illuminate\\Container\\Container.php(758): Illuminate\\Container\\Container->build('HorrorControlle...')
#2 C:\\Users\\jpran\\OneDrive\\Desktop\\WK_PP_frontend\\Back-End\\vendor\\laravel\\framework\\src\\Illuminate\\Foundation\\Application.php(853): Illuminate\\Container\\Container->resolve('HorrorControlle...', Array, true)
#3 C:\\Users\\jpran\\OneDrive\\Desktop\\WK_PP_frontend\\Back-End\\vendor\\laravel\\framework\\src\\Illuminate\\Container\\Container.php(694): Illuminate\\Foundation\\Application->resolve('HorrorControlle...', Array)
#4 C:\\Users\\jpran\\OneDrive\\Desktop\\WK_PP_frontend\\Back-End\\vendor\\laravel\\framework\\src\\Illuminate\\Foundation\\Application.php(838): Illuminate\\Container\\Container->make('HorrorControlle...', Array)
#5 C:\\Users\\jpran\\OneDrive\\Desktop\\WK_PP_frontend\\Back-End\\vendor\\laravel\\framework\\src\\Illuminate\\Routing\\Route.php(276): Illuminate\\Foundation\\Application->make('HorrorControlle...')
#6 C:\\Users\\jpran\\OneDrive\\Desktop\\WK_PP_frontend\\Back-End\\vendor\\laravel\\framework\\src\\Illuminate\\Routing\\Route.php(1080): Illuminate\\Routing\\Route->getController()
#7 C:\\Users\\jpran\\OneDrive\\Desktop\\WK_PP_frontend\\Back-End\\vendor\\laravel\\framework\\src\\Illuminate\\Routing\\Route.php(1023): Illuminate\\Routing\\Route->controllerMiddleware()
#8 C:\\Users\\jpran\\OneDrive\\Desktop\\WK_PP_frontend\\Back-End\\vendor\\laravel\\framework\\src\\Illuminate\\Routing\\Router.php(734): Illuminate\\Routing\\Route->gatherMiddleware()
#9 C:\\Users\\jpran\\OneDrive\\Desktop\\WK_PP_frontend\\Back-End\\vendor\\laravel\\framework\\src\\Illuminate\\Routing\\Router.php(714): Illuminate\\Routing\\Router->gatherRouteMiddleware(Object(Illuminate\\Routing\\Route))
#10 C:\\Users\\jpran\\OneDrive\\Desktop\\WK_PP_frontend\\Back-End\\vendor\\laravel\\framework\\src\\Illuminate\\Routing\\Router.php(698): Illuminate\\Routing\\Router->runRouteWithinStack(Object(Illuminate\\Routing\\Route), Object(Illuminate\\Http\\Request))
#11 C:\\Users\\jpran\\OneDrive\\Desktop\\WK_PP_frontend\\Back-End\\vendor\\laravel\\framework\\src\\Illuminate\\Routing\\Router.php(662): Illuminate\\Routing\\Router->runRoute(Object(Illuminate\\Http\\Request), Object(Illuminate\\Routing\\Route))
#12 C:\\Users\\jpran\\OneDrive\\Desktop\\WK_PP_frontend\\Back-End\\vendor\\laravel\\framework\\src\\Illuminate\\Routing\\Router.php(651): Illuminate\\Routing\\Router->dispatchToRoute(Object(Illuminate\\Http\\Request))
#13 C:\\Users\\jpran\\OneDrive\\Desktop\\WK_PP_frontend\\Back-End\\vendor\\laravel\\framework\\src\\Illuminate\\Foundation\\Http\\Kernel.php(167): Illuminate\\Routing\\Router->dispatch(Object(Illuminate\\Http\\Request))
#14 C:\\Users\\jpran\\OneDrive\\Desktop\\WK_PP_frontend\\Back-End\\vendor\\laravel\\framework\\src\\Illuminate\\Pipeline\\Pipeline.php(128): Illuminate\\Foundation\\Http\\Kernel->Illuminate\\Foundation\\Http\\{closure}(Object(Illuminate\\Http\\Request))
#15 C:\\Users\\jpran\\OneDrive\\Desktop\\WK_PP_frontend\\Back-End\\vendor\\laravel\\framework\\src\\Illuminate\\Foundation\\Http\\Middleware\\TransformsRequest.php(21): Illuminate\\Pipeline\\Pipeline->Illuminate\\Pipeline\\{closure}(Object(Illuminate\\Http\\Request))
#16 C:\\Users\\jpran\\OneDrive\\Desktop\\WK_PP_frontend\\Back-End\\vendor\\laravel\\framework\\src\\Illuminate\\Foundation\\Http\\Middleware\\ConvertEmptyStringsToNull.php(31): Illuminate\\Foundation\\Http\\Middleware\\TransformsRequest->handle(Object(Illuminate\\Http\\Request), Object(Closure))
#17 C:\\Users\\jpran\\OneDrive\\Desktop\\WK_PP_frontend\\Back-End\\vendor\\laravel\\framework\\src\\Illuminate\\Pipeline\\Pipeline.php(167): Illuminate\\Foundation\\Http\\Middleware\\ConvertEmptyStringsToNull->handle(Object(Illuminate\\Http\\Request), Object(Closure))
#18 C:\\Users\\jpran\\OneDrive\\Desktop\\WK_PP_frontend\\Back-End\\vendor\\laravel\\framework\\src\\Illuminate\\Foundation\\Http\\Middleware\\TransformsRequest.php(21): Illuminate\\Pipeline\\Pipeline->Illuminate\\Pipeline\\{closure}(Object(Illuminate\\Http\\Request))
#19 C:\\Users\\jpran\\OneDrive\\Desktop\\WK_PP_frontend\\Back-End\\vendor\\laravel\\framework\\src\\Illuminate\\Foundation\\Http\\Middleware\\TrimStrings.php(40): Illuminate\\Foundation\\Http\\Middleware\\TransformsRequest->handle(Object(Illuminate\\Http\\Request), Object(Closure))
#20 C:\\Users\\jpran\\OneDrive\\Desktop\\WK_PP_frontend\\Back-End\\vendor\\laravel\\framework\\src\\Illuminate\\Pipeline\\Pipeline.php(167): Illuminate\\Foundation\\Http\\Middleware\\TrimStrings->handle(Object(Illuminate\\Http\\Request), Object(Closure))
#21 C:\\Users\\jpran\\OneDrive\\Desktop\\WK_PP_frontend\\Back-End\\vendor\\laravel\\framework\\src\\Illuminate\\Foundation\\Http\\Middleware\\ValidatePostSize.php(27): Illuminate\\Pipeline\\Pipeline->Illuminate\\Pipeline\\{closure}(Object(Illuminate\\Http\\Request))
#22 C:\\Users\\jpran\\OneDrive\\Desktop\\WK_PP_frontend\\Back-End\\vendor\\laravel\\framework\\src\\Illuminate\\Pipeline\\Pipeline.php(167): Illuminate\\Foundation\\Http\\Middleware\\ValidatePostSize->handle(Object(Illuminate\\Http\\Request), Object(Closure))
#23 C:\\Users\\jpran\\OneDrive\\Desktop\\WK_PP_frontend\\Back-End\\vendor\\laravel\\framework\\src\\Illuminate\\Foundation\\Http\\Middleware\\PreventRequestsDuringMaintenance.php(86): Illuminate\\Pipeline\\Pipeline->Illuminate\\Pipeline\\{closure}(Object(Illuminate\\Http\\Request))
#24 C:\\Users\\jpran\\OneDrive\\Desktop\\WK_PP_frontend\\Back-End\\vendor\\laravel\\framework\\src\\Illuminate\\Pipeline\\Pipeline.php(167): Illuminate\\Foundation\\Http\\Middleware\\PreventRequestsDuringMaintenance->handle(Object(Illuminate\\Http\\Request), Object(Closure))
#25 C:\\Users\\jpran\\OneDrive\\Desktop\\WK_PP_frontend\\Back-End\\vendor\\fruitcake\\laravel-cors\\src\\HandleCors.php(52): Illuminate\\Pipeline\\Pipeline->Illuminate\\Pipeline\\{closure}(Object(Illuminate\\Http\\Request))
#26 C:\\Users\\jpran\\OneDrive\\Desktop\\WK_PP_frontend\\Back-End\\vendor\\laravel\\framework\\src\\Illuminate\\Pipeline\\Pipeline.php(167): Fruitcake\\Cors\\HandleCors->handle(Object(Illuminate\\Http\\Request), Object(Closure))
#27 C:\\Users\\jpran\\OneDrive\\Desktop\\WK_PP_frontend\\Back-End\\vendor\\laravel\\framework\\src\\Illuminate\\Http\\Middleware\\TrustProxies.php(39): Illuminate\\Pipeline\\Pipeline->Illuminate\\Pipeline\\{closure}(Object(Illuminate\\Http\\Request))
#28 C:\\Users\\jpran\\OneDrive\\Desktop\\WK_PP_frontend\\Back-End\\vendor\\laravel\\framework\\src\\Illuminate\\Pipeline\\Pipeline.php(167): Illuminate\\Http\\Middleware\\TrustProxies->handle(Object(Illuminate\\Http\\Request), Object(Closure))
#29 C:\\Users\\jpran\\OneDrive\\Desktop\\WK_PP_frontend\\Back-End\\vendor\\laravel\\framework\\src\\Illuminate\\Pipeline\\Pipeline.php(103): Illuminate\\Pipeline\\Pipeline->Illuminate\\Pipeline\\{closure}(Object(Illuminate\\Http\\Request))
#30 C:\\Users\\jpran\\OneDrive\\Desktop\\WK_PP_frontend\\Back-End\\vendor\\laravel\\framework\\src\\Illuminate\\Foundation\\Http\\Kernel.php(142): Illuminate\\Pipeline\\Pipeline->then(Object(Closure))
#31 C:\\Users\\jpran\\OneDrive\\Desktop\\WK_PP_frontend\\Back-End\\vendor\\laravel\\framework\\src\\Illuminate\\Foundation\\Http\\Kernel.php(111): Illuminate\\Foundation\\Http\\Kernel->sendRequestThroughRouter(Object(Illuminate\\Http\\Request))
#32 C:\\Users\\jpran\\OneDrive\\Desktop\\WK_PP_frontend\\Back-End\\public\\index.php(54): Illuminate\\Foundation\\Http\\Kernel->handle(Object(Illuminate\\Http\\Request))
#33 C:\\Users\\jpran\\OneDrive\\Desktop\\WK_PP_frontend\\Back-End\\server.php(21): require_once('C:\\\\Users\\\\jpran\\\\...')
#34 {main}
"} 
[2026-04-01 21:36:24] local.ERROR: Target class [HorrorController] does not exist. {"exception":"[object] (Illuminate\\Contracts\\Container\\BindingResolutionException(code: 0): Target class [HorrorController] does not exist. at C:\\Users\\jpran\\OneDrive\\Desktop\\WK_PP_frontend\\Back-End\\vendor\\laravel\\framework\\src\\Illuminate\\Container\\Container.php:879)
[stacktrace]
#0 C:\\Users\\jpran\\OneDrive\\Desktop\\WK_PP_frontend\\Back-End\\vendor\\laravel\\framework\\src\\Illuminate\\Container\\Container.php(758): Illuminate\\Container\\Container->build('HorrorControlle...')
#1 C:\\Users\\jpran\\OneDrive\\Desktop\\WK_PP_frontend\\Back-End\\vendor\\laravel\\framework\\src\\Illuminate\\Foundation\\Application.php(853): Illuminate\\Container\\Container->resolve('HorrorControlle...', Array, true)
#2 C:\\Users\\jpran\\OneDrive\\Desktop\\WK_PP_frontend\\Back-End\\vendor\\laravel\\framework\\src\\Illuminate\\Container\\Container.php(694): Illuminate\\Foundation\\Application->resolve('HorrorControlle...', Array)
#3 C:\\Users\\jpran\\OneDrive\\Desktop\\WK_PP_frontend\\Back-End\\vendor\\laravel\\framework\\src\\Illuminate\\Foundation\\Application.php(838): Illuminate\\Container\\Container->make('HorrorControlle...', Array)
#4 C:\\Users\\jpran\\OneDrive\\Desktop\\WK_PP_frontend\\Back-End\\vendor\\laravel\\framework\\src\\Illuminate\\Routing\\Route.php(276): Illuminate\\Foundation\\Application->make('HorrorControlle...')
#5 C:\\Users\\jpran\\OneDrive\\Desktop\\WK_PP_frontend\\Back-End\\vendor\\laravel\\framework\\src\\Illuminate\\Routing\\Route.php(1080): Illuminate\\Routing\\Route->getController()
#6 C:\\Users\\jpran\\OneDrive\\Desktop\\WK_PP_frontend\\Back-End\\vendor\\laravel\\framework\\src\\Illuminate\\Routing\\Route.php(1023): Illuminate\\Routing\\Route->controllerMiddleware()
#7 C:\\Users\\jpran\\OneDrive\\Desktop\\WK_PP_frontend\\Back-End\\vendor\\laravel\\framework\\src\\Illuminate\\Routing\\Router.php(734): Illuminate\\Routing\\Route->gatherMiddleware()
#8 C:\\Users\\jpran\\OneDrive\\Desktop\\WK_PP_frontend\\Back-End\\vendor\\laravel\\framework\\src\\Illuminate\\Routing\\Router.php(714): Illuminate\\Routing\\Router->gatherRouteMiddleware(Object(Illuminate\\Routing\\Route))
#9 C:\\Users\\jpran\\OneDrive\\Desktop\\WK_PP_frontend\\Back-End\\vendor\\laravel\\framework\\src\\Illuminate\\Routing\\Router.php(698): Illuminate\\Routing\\Router->runRouteWithinStack(Object(Illuminate\\Routing\\Route), Object(Illuminate\\Http\\Request))
#10 C:\\Users\\jpran\\OneDrive\\Desktop\\WK_PP_frontend\\Back-End\\vendor\\laravel\\framework\\src\\Illuminate\\Routing\\Router.php(662): Illuminate\\Routing\\Router->runRoute(Object(Illuminate\\Http\\Request), Object(Illuminate\\Routing\\Route))
#11 C:\\Users\\jpran\\OneDrive\\Desktop\\WK_PP_frontend\\Back-End\\vendor\\laravel\\framework\\src\\Illuminate\\Routing\\Router.php(651): Illuminate\\Routing\\Router->dispatchToRoute(Object(Illuminate\\Http\\Request))
#12 C:\\Users\\jpran\\OneDrive\\Desktop\\WK_PP_frontend\\Back-End\\vendor\\laravel\\framework\\src\\Illuminate\\Foundation\\Http\\Kernel.php(167): Illuminate\\Routing\\Router->dispatch(Object(Illuminate\\Http\\Request))
#13 C:\\Users\\jpran\\OneDrive\\Desktop\\WK_PP_frontend\\Back-End\\vendor\\laravel\\framework\\src\\Illuminate\\Pipeline\\Pipeline.php(128): Illuminate\\Foundation\\Http\\Kernel->Illuminate\\Foundation\\Http\\{closure}(Object(Illuminate\\Http\\Request))
#14 C:\\Users\\jpran\\OneDrive\\Desktop\\WK_PP_frontend\\Back-End\\vendor\\laravel\\framework\\src\\Illuminate\\Foundation\\Http\\Middleware\\TransformsRequest.php(21): Illuminate\\Pipeline\\Pipeline->Illuminate\\Pipeline\\{closure}(Object(Illuminate\\Http\\Request))
#15 C:\\Users\\jpran\\OneDrive\\Desktop\\WK_PP_frontend\\Back-End\\vendor\\laravel\\framework\\src\\Illuminate\\Foundation\\Http\\Middleware\\ConvertEmptyStringsToNull.php(31): Illuminate\\Foundation\\Http\\Middleware\\TransformsRequest->handle(Object(Illuminate\\Http\\Request), Object(Closure))
#16 C:\\Users\\jpran\\OneDrive\\Desktop\\WK_PP_frontend\\Back-End\\vendor\\laravel\\framework\\src\\Illuminate\\Pipeline\\Pipeline.php(167): Illuminate\\Foundation\\Http\\Middleware\\ConvertEmptyStringsToNull->handle(Object(Illuminate\\Http\\Request), Object(Closure))
#17 C:\\Users\\jpran\\OneDrive\\Desktop\\WK_PP_frontend\\Back-End\\vendor\\laravel\\framework\\src\\Illuminate\\Foundation\\Http\\Middleware\\TransformsRequest.php(21): Illuminate\\Pipeline\\Pipeline->Illuminate\\Pipeline\\{closure}(Object(Illuminate\\Http\\Request))
#18 C:\\Users\\jpran\\OneDrive\\Desktop\\WK_PP_frontend\\Back-End\\vendor\\laravel\\framework\\src\\Illuminate\\Foundation\\Http\\Middleware\\TrimStrings.php(40): Illuminate\\Foundation\\Http\\Middleware\\TransformsRequest->handle(Object(Illuminate\\Http\\Request), Object(Closure))
#19 C:\\Users\\jpran\\OneDrive\\Desktop\\WK_PP_frontend\\Back-End\\vendor\\laravel\\framework\\src\\Illuminate\\Pipeline\\Pipeline.php(167): Illuminate\\Foundation\\Http\\Middleware\\TrimStrings->handle(Object(Illuminate\\Http\\Request), Object(Closure))
#20 C:\\Users\\jpran\\OneDrive\\Desktop\\WK_PP_frontend\\Back-End\\vendor\\laravel\\framework\\src\\Illuminate\\Foundation\\Http\\Middleware\\ValidatePostSize.php(27): Illuminate\\Pipeline\\Pipeline->Illuminate\\Pipeline\\{closure}(Object(Illuminate\\Http\\Request))
#21 C:\\Users\\jpran\\OneDrive\\Desktop\\WK_PP_frontend\\Back-End\\vendor\\laravel\\framework\\src\\Illuminate\\Pipeline\\Pipeline.php(167): Illuminate\\Foundation\\Http\\Middleware\\ValidatePostSize->handle(Object(Illuminate\\Http\\Request), Object(Closure))
#22 C:\\Users\\jpran\\OneDrive\\Desktop\\WK_PP_frontend\\Back-End\\vendor\\laravel\\framework\\src\\Illuminate\\Foundation\\Http\\Middleware\\PreventRequestsDuringMaintenance.php(86): Illuminate\\Pipeline\\Pipeline->Illuminate\\Pipeline\\{closure}(Object(Illuminate\\Http\\Request))
#23 C:\\Users\\jpran\\OneDrive\\Desktop\\WK_PP_frontend\\Back-End\\vendor\\laravel\\framework\\src\\Illuminate\\Pipeline\\Pipeline.php(167): Illuminate\\Foundation\\Http\\Middleware\\PreventRequestsDuringMaintenance->handle(Object(Illuminate\\Http\\Request), Object(Closure))
#24 C:\\Users\\jpran\\OneDrive\\Desktop\\WK_PP_frontend\\Back-End\\vendor\\fruitcake\\laravel-cors\\src\\HandleCors.php(52): Illuminate\\Pipeline\\Pipeline->Illuminate\\Pipeline\\{closure}(Object(Illuminate\\Http\\Request))
#25 C:\\Users\\jpran\\OneDrive\\Desktop\\WK_PP_frontend\\Back-End\\vendor\\laravel\\framework\\src\\Illuminate\\Pipeline\\Pipeline.php(167): Fruitcake\\Cors\\HandleCors->handle(Object(Illuminate\\Http\\Request), Object(Closure))
#26 C:\\Users\\jpran\\OneDrive\\Desktop\\WK_PP_frontend\\Back-End\\vendor\\laravel\\framework\\src\\Illuminate\\Http\\Middleware\\TrustProxies.php(39): Illuminate\\Pipeline\\Pipeline->Illuminate\\Pipeline\\{closure}(Object(Illuminate\\Http\\Request))
#27 C:\\Users\\jpran\\OneDrive\\Desktop\\WK_PP_frontend\\Back-End\\vendor\\laravel\\framework\\src\\Illuminate\\Pipeline\\Pipeline.php(167): Illuminate\\Http\\Middleware\\TrustProxies->handle(Object(Illuminate\\Http\\Request), Object(Closure))
#28 C:\\Users\\jpran\\OneDrive\\Desktop\\WK_PP_frontend\\Back-End\\vendor\\laravel\\framework\\src\\Illuminate\\Pipeline\\Pipeline.php(103): Illuminate\\Pipeline\\Pipeline->Illuminate\\Pipeline\\{closure}(Object(Illuminate\\Http\\Request))
#29 C:\\Users\\jpran\\OneDrive\\Desktop\\WK_PP_frontend\\Back-End\\vendor\\laravel\\framework\\src\\Illuminate\\Foundation\\Http\\Kernel.php(142): Illuminate\\Pipeline\\Pipeline->then(Object(Closure))
#30 C:\\Users\\jpran\\OneDrive\\Desktop\\WK_PP_frontend\\Back-End\\vendor\\laravel\\framework\\src\\Illuminate\\Foundation\\Http\\Kernel.php(111): Illuminate\\Foundation\\Http\\Kernel->sendRequestThroughRouter(Object(Illuminate\\Http\\Request))
#31 C:\\Users\\jpran\\OneDrive\\Desktop\\WK_PP_frontend\\Back-End\\public\\index.php(54): Illuminate\\Foundation\\Http\\Kernel->handle(Object(Illuminate\\Http\\Request))
#32 C:\\Users\\jpran\\OneDrive\\Desktop\\WK_PP_frontend\\Back-End\\server.php(21): require_once('C:\\\\Users\\\\jpran\\\\...')
#33 {main}

[previous exception] [object] (ReflectionException(code: -1): Class HorrorController does not exist at C:\\Users\\jpran\\OneDrive\\Desktop\\WK_PP_frontend\\Back-End\\vendor\\laravel\\framework\\src\\Illuminate\\Container\\Container.php:877)
[stacktrace]
#0 C:\\Users\\jpran\\OneDrive\\Desktop\\WK_PP_frontend\\Back-End\\vendor\\laravel\\framework\\src\\Illuminate\\Container\\Container.php(877): ReflectionClass->__construct('HorrorControlle...')
#1 C:\\Users\\jpran\\OneDrive\\Desktop\\WK_PP_frontend\\Back-End\\vendor\\laravel\\framework\\src\\Illuminate\\Container\\Container.php(758): Illuminate\\Container\\Container->build('HorrorControlle...')
#2 C:\\Users\\jpran\\OneDrive\\Desktop\\WK_PP_frontend\\Back-End\\vendor\\laravel\\framework\\src\\Illuminate\\Foundation\\Application.php(853): Illuminate\\Container\\Container->resolve('HorrorControlle...', Array, true)
#3 C:\\Users\\jpran\\OneDrive\\Desktop\\WK_PP_frontend\\Back-End\\vendor\\laravel\\framework\\src\\Illuminate\\Container\\Container.php(694): Illuminate\\Foundation\\Application->resolve('HorrorControlle...', Array)
#4 C:\\Users\\jpran\\OneDrive\\Desktop\\WK_PP_frontend\\Back-End\\vendor\\laravel\\framework\\src\\Illuminate\\Foundation\\Application.php(838): Illuminate\\Container\\Container->make('HorrorControlle...', Array)
#5 C:\\Users\\jpran\\OneDrive\\Desktop\\WK_PP_frontend\\Back-End\\vendor\\laravel\\framework\\src\\Illuminate\\Routing\\Route.php(276): Illuminate\\Foundation\\Application->make('HorrorControlle...')
#6 C:\\Users\\jpran\\OneDrive\\Desktop\\WK_PP_frontend\\Back-End\\vendor\\laravel\\framework\\src\\Illuminate\\Routing\\Route.php(1080): Illuminate\\Routing\\Route->getController()
#7 C:\\Users\\jpran\\OneDrive\\Desktop\\WK_PP_frontend\\Back-End\\vendor\\laravel\\framework\\src\\Illuminate\\Routing\\Route.php(1023): Illuminate\\Routing\\Route->controllerMiddleware()
#8 C:\\Users\\jpran\\OneDrive\\Desktop\\WK_PP_frontend\\Back-End\\vendor\\laravel\\framework\\src\\Illuminate\\Routing\\Router.php(734): Illuminate\\Routing\\Route->gatherMiddleware()
#9 C:\\Users\\jpran\\OneDrive\\Desktop\\WK_PP_frontend\\Back-End\\vendor\\laravel\\framework\\src\\Illuminate\\Routing\\Router.php(714): Illuminate\\Routing\\Router->gatherRouteMiddleware(Object(Illuminate\\Routing\\Route))
#10 C:\\Users\\jpran\\OneDrive\\Desktop\\WK_PP_frontend\\Back-End\\vendor\\laravel\\framework\\src\\Illuminate\\Routing\\Router.php(698): Illuminate\\Routing\\Router->runRouteWithinStack(Object(Illuminate\\Routing\\Route), Object(Illuminate\\Http\\Request))
#11 C:\\Users\\jpran\\OneDrive\\Desktop\\WK_PP_frontend\\Back-End\\vendor\\laravel\\framework\\src\\Illuminate\\Routing\\Router.php(662): Illuminate\\Routing\\Router->runRoute(Object(Illuminate\\Http\\Request), Object(Illuminate\\Routing\\Route))
#12 C:\\Users\\jpran\\OneDrive\\Desktop\\WK_PP_frontend\\Back-End\\vendor\\laravel\\framework\\src\\Illuminate\\Routing\\Router.php(651): Illuminate\\Routing\\Router->dispatchToRoute(Object(Illuminate\\Http\\Request))
#13 C:\\Users\\jpran\\OneDrive\\Desktop\\WK_PP_frontend\\Back-End\\vendor\\laravel\\framework\\src\\Illuminate\\Foundation\\Http\\Kernel.php(167): Illuminate\\Routing\\Router->dispatch(Object(Illuminate\\Http\\Request))
#14 C:\\Users\\jpran\\OneDrive\\Desktop\\WK_PP_frontend\\Back-End\\vendor\\laravel\\framework\\src\\Illuminate\\Pipeline\\Pipeline.php(128): Illuminate\\Foundation\\Http\\Kernel->Illuminate\\Foundation\\Http\\{closure}(Object(Illuminate\\Http\\Request))
#15 C:\\Users\\jpran\\OneDrive\\Desktop\\WK_PP_frontend\\Back-End\\vendor\\laravel\\framework\\src\\Illuminate\\Foundation\\Http\\Middleware\\TransformsRequest.php(21): Illuminate\\Pipeline\\Pipeline->Illuminate\\Pipeline\\{closure}(Object(Illuminate\\Http\\Request))
#16 C:\\Users\\jpran\\OneDrive\\Desktop\\WK_PP_frontend\\Back-End\\vendor\\laravel\\framework\\src\\Illuminate\\Foundation\\Http\\Middleware\\ConvertEmptyStringsToNull.php(31): Illuminate\\Foundation\\Http\\Middleware\\TransformsRequest->handle(Object(Illuminate\\Http\\Request), Object(Closure))
#17 C:\\Users\\jpran\\OneDrive\\Desktop\\WK_PP_frontend\\Back-End\\vendor\\laravel\\framework\\src\\Illuminate\\Pipeline\\Pipeline.php(167): Illuminate\\Foundation\\Http\\Middleware\\ConvertEmptyStringsToNull->handle(Object(Illuminate\\Http\\Request), Object(Closure))
#18 C:\\Users\\jpran\\OneDrive\\Desktop\\WK_PP_frontend\\Back-End\\vendor\\laravel\\framework\\src\\Illuminate\\Foundation\\Http\\Middleware\\TransformsRequest.php(21): Illuminate\\Pipeline\\Pipeline->Illuminate\\Pipeline\\{closure}(Object(Illuminate\\Http\\Request))
#19 C:\\Users\\jpran\\OneDrive\\Desktop\\WK_PP_frontend\\Back-End\\vendor\\laravel\\framework\\src\\Illuminate\\Foundation\\Http\\Middleware\\TrimStrings.php(40): Illuminate\\Foundation\\Http\\Middleware\\TransformsRequest->handle(Object(Illuminate\\Http\\Request), Object(Closure))
#20 C:\\Users\\jpran\\OneDrive\\Desktop\\WK_PP_frontend\\Back-End\\vendor\\laravel\\framework\\src\\Illuminate\\Pipeline\\Pipeline.php(167): Illuminate\\Foundation\\Http\\Middleware\\TrimStrings->handle(Object(Illuminate\\Http\\Request), Object(Closure))
#21 C:\\Users\\jpran\\OneDrive\\Desktop\\WK_PP_frontend\\Back-End\\vendor\\laravel\\framework\\src\\Illuminate\\Foundation\\Http\\Middleware\\ValidatePostSize.php(27): Illuminate\\Pipeline\\Pipeline->Illuminate\\Pipeline\\{closure}(Object(Illuminate\\Http\\Request))
#22 C:\\Users\\jpran\\OneDrive\\Desktop\\WK_PP_frontend\\Back-End\\vendor\\laravel\\framework\\src\\Illuminate\\Pipeline\\Pipeline.php(167): Illuminate\\Foundation\\Http\\Middleware\\ValidatePostSize->handle(Object(Illuminate\\Http\\Request), Object(Closure))
#23 C:\\Users\\jpran\\OneDrive\\Desktop\\WK_PP_frontend\\Back-End\\vendor\\laravel\\framework\\src\\Illuminate\\Foundation\\Http\\Middleware\\PreventRequestsDuringMaintenance.php(86): Illuminate\\Pipeline\\Pipeline->Illuminate\\Pipeline\\{closure}(Object(Illuminate\\Http\\Request))
#24 C:\\Users\\jpran\\OneDrive\\Desktop\\WK_PP_frontend\\Back-End\\vendor\\laravel\\framework\\src\\Illuminate\\Pipeline\\Pipeline.php(167): Illuminate\\Foundation\\Http\\Middleware\\PreventRequestsDuringMaintenance->handle(Object(Illuminate\\Http\\Request), Object(Closure))
#25 C:\\Users\\jpran\\OneDrive\\Desktop\\WK_PP_frontend\\Back-End\\vendor\\fruitcake\\laravel-cors\\src\\HandleCors.php(52): Illuminate\\Pipeline\\Pipeline->Illuminate\\Pipeline\\{closure}(Object(Illuminate\\Http\\Request))
#26 C:\\Users\\jpran\\OneDrive\\Desktop\\WK_PP_frontend\\Back-End\\vendor\\laravel\\framework\\src\\Illuminate\\Pipeline\\Pipeline.php(167): Fruitcake\\Cors\\HandleCors->handle(Object(Illuminate\\Http\\Request), Object(Closure))
#27 C:\\Users\\jpran\\OneDrive\\Desktop\\WK_PP_frontend\\Back-End\\vendor\\laravel\\framework\\src\\Illuminate\\Http\\Middleware\\TrustProxies.php(39): Illuminate\\Pipeline\\Pipeline->Illuminate\\Pipeline\\{closure}(Object(Illuminate\\Http\\Request))
#28 C:\\Users\\jpran\\OneDrive\\Desktop\\WK_PP_frontend\\Back-End\\vendor\\laravel\\framework\\src\\Illuminate\\Pipeline\\Pipeline.php(167): Illuminate\\Http\\Middleware\\TrustProxies->handle(Object(Illuminate\\Http\\Request), Object(Closure))
#29 C:\\Users\\jpran\\OneDrive\\Desktop\\WK_PP_frontend\\Back-End\\vendor\\laravel\\framework\\src\\Illuminate\\Pipeline\\Pipeline.php(103): Illuminate\\Pipeline\\Pipeline->Illuminate\\Pipeline\\{closure}(Object(Illuminate\\Http\\Request))
#30 C:\\Users\\jpran\\OneDrive\\Desktop\\WK_PP_frontend\\Back-End\\vendor\\laravel\\framework\\src\\Illuminate\\Foundation\\Http\\Kernel.php(142): Illuminate\\Pipeline\\Pipeline->then(Object(Closure))
#31 C:\\Users\\jpran\\OneDrive\\Desktop\\WK_PP_frontend\\Back-End\\vendor\\laravel\\framework\\src\\Illuminate\\Foundation\\Http\\Kernel.php(111): Illuminate\\Foundation\\Http\\Kernel->sendRequestThroughRouter(Object(Illuminate\\Http\\Request))
#32 C:\\Users\\jpran\\OneDrive\\Desktop\\WK_PP_frontend\\Back-End\\public\\index.php(54): Illuminate\\Foundation\\Http\\Kernel->handle(Object(Illuminate\\Http\\Request))
#33 C:\\Users\\jpran\\OneDrive\\Desktop\\WK_PP_frontend\\Back-End\\server.php(21): require_once('C:\\\\Users\\\\jpran\\\\...')
#34 {main}
"} 
[2026-04-01 21:49:42] local.ERROR: Target class [HorrorController] does not exist. {"exception":"[object] (Illuminate\\Contracts\\Container\\BindingResolutionException(code: 0): Target class [HorrorController] does not exist. at C:\\Users\\jpran\\OneDrive\\Desktop\\WK_PP_frontend\\Back-End\\vendor\\laravel\\framework\\src\\Illuminate\\Container\\Container.php:879)
[stacktrace]
#0 C:\\Users\\jpran\\OneDrive\\Desktop\\WK_PP_frontend\\Back-End\\vendor\\laravel\\framework\\src\\Illuminate\\Container\\Container.php(758): Illuminate\\Container\\Container->build('HorrorControlle...')
#1 C:\\Users\\jpran\\OneDrive\\Desktop\\WK_PP_frontend\\Back-End\\vendor\\laravel\\framework\\src\\Illuminate\\Foundation\\Application.php(853): Illuminate\\Container\\Container->resolve('HorrorControlle...', Array, true)
#2 C:\\Users\\jpran\\OneDrive\\Desktop\\WK_PP_frontend\\Back-End\\vendor\\laravel\\framework\\src\\Illuminate\\Container\\Container.php(694): Illuminate\\Foundation\\Application->resolve('HorrorControlle...', Array)
#3 C:\\Users\\jpran\\OneDrive\\Desktop\\WK_PP_frontend\\Back-End\\vendor\\laravel\\framework\\src\\Illuminate\\Foundation\\Application.php(838): Illuminate\\Container\\Container->make('HorrorControlle...', Array)
#4 C:\\Users\\jpran\\OneDrive\\Desktop\\WK_PP_frontend\\Back-End\\vendor\\laravel\\framework\\src\\Illuminate\\Routing\\Route.php(276): Illuminate\\Foundation\\Application->make('HorrorControlle...')
#5 C:\\Users\\jpran\\OneDrive\\Desktop\\WK_PP_frontend\\Back-End\\vendor\\laravel\\framework\\src\\Illuminate\\Routing\\Route.php(1080): Illuminate\\Routing\\Route->getController()
#6 C:\\Users\\jpran\\OneDrive\\Desktop\\WK_PP_frontend\\Back-End\\vendor\\laravel\\framework\\src\\Illuminate\\Routing\\Route.php(1023): Illuminate\\Routing\\Route->controllerMiddleware()
#7 C:\\Users\\jpran\\OneDrive\\Desktop\\WK_PP_frontend\\Back-End\\vendor\\laravel\\framework\\src\\Illuminate\\Routing\\Router.php(734): Illuminate\\Routing\\Route->gatherMiddleware()
#8 C:\\Users\\jpran\\OneDrive\\Desktop\\WK_PP_frontend\\Back-End\\vendor\\laravel\\framework\\src\\Illuminate\\Routing\\Router.php(714): Illuminate\\Routing\\Router->gatherRouteMiddleware(Object(Illuminate\\Routing\\Route))
#9 C:\\Users\\jpran\\OneDrive\\Desktop\\WK_PP_frontend\\Back-End\\vendor\\laravel\\framework\\src\\Illuminate\\Routing\\Router.php(698): Illuminate\\Routing\\Router->runRouteWithinStack(Object(Illuminate\\Routing\\Route), Object(Illuminate\\Http\\Request))
#10 C:\\Users\\jpran\\OneDrive\\Desktop\\WK_PP_frontend\\Back-End\\vendor\\laravel\\framework\\src\\Illuminate\\Routing\\Router.php(662): Illuminate\\Routing\\Router->runRoute(Object(Illuminate\\Http\\Request), Object(Illuminate\\Routing\\Route))
#11 C:\\Users\\jpran\\OneDrive\\Desktop\\WK_PP_frontend\\Back-End\\vendor\\laravel\\framework\\src\\Illuminate\\Routing\\Router.php(651): Illuminate\\Routing\\Router->dispatchToRoute(Object(Illuminate\\Http\\Request))
#12 C:\\Users\\jpran\\OneDrive\\Desktop\\WK_PP_frontend\\Back-End\\vendor\\laravel\\framework\\src\\Illuminate\\Foundation\\Http\\Kernel.php(167): Illuminate\\Routing\\Router->dispatch(Object(Illuminate\\Http\\Request))
#13 C:\\Users\\jpran\\OneDrive\\Desktop\\WK_PP_frontend\\Back-End\\vendor\\laravel\\framework\\src\\Illuminate\\Pipeline\\Pipeline.php(128): Illuminate\\Foundation\\Http\\Kernel->Illuminate\\Foundation\\Http\\{closure}(Object(Illuminate\\Http\\Request))
#14 C:\\Users\\jpran\\OneDrive\\Desktop\\WK_PP_frontend\\Back-End\\vendor\\laravel\\framework\\src\\Illuminate\\Foundation\\Http\\Middleware\\TransformsRequest.php(21): Illuminate\\Pipeline\\Pipeline->Illuminate\\Pipeline\\{closure}(Object(Illuminate\\Http\\Request))
#15 C:\\Users\\jpran\\OneDrive\\Desktop\\WK_PP_frontend\\Back-End\\vendor\\laravel\\framework\\src\\Illuminate\\Foundation\\Http\\Middleware\\ConvertEmptyStringsToNull.php(31): Illuminate\\Foundation\\Http\\Middleware\\TransformsRequest->handle(Object(Illuminate\\Http\\Request), Object(Closure))
#16 C:\\Users\\jpran\\OneDrive\\Desktop\\WK_PP_frontend\\Back-End\\vendor\\laravel\\framework\\src\\Illuminate\\Pipeline\\Pipeline.php(167): Illuminate\\Foundation\\Http\\Middleware\\ConvertEmptyStringsToNull->handle(Object(Illuminate\\Http\\Request), Object(Closure))
#17 C:\\Users\\jpran\\OneDrive\\Desktop\\WK_PP_frontend\\Back-End\\vendor\\laravel\\framework\\src\\Illuminate\\Foundation\\Http\\Middleware\\TransformsRequest.php(21): Illuminate\\Pipeline\\Pipeline->Illuminate\\Pipeline\\{closure}(Object(Illuminate\\Http\\Request))
#18 C:\\Users\\jpran\\OneDrive\\Desktop\\WK_PP_frontend\\Back-End\\vendor\\laravel\\framework\\src\\Illuminate\\Foundation\\Http\\Middleware\\TrimStrings.php(40): Illuminate\\Foundation\\Http\\Middleware\\TransformsRequest->handle(Object(Illuminate\\Http\\Request), Object(Closure))
#19 C:\\Users\\jpran\\OneDrive\\Desktop\\WK_PP_frontend\\Back-End\\vendor\\laravel\\framework\\src\\Illuminate\\Pipeline\\Pipeline.php(167): Illuminate\\Foundation\\Http\\Middleware\\TrimStrings->handle(Object(Illuminate\\Http\\Request), Object(Closure))
#20 C:\\Users\\jpran\\OneDrive\\Desktop\\WK_PP_frontend\\Back-End\\vendor\\laravel\\framework\\src\\Illuminate\\Foundation\\Http\\Middleware\\ValidatePostSize.php(27): Illuminate\\Pipeline\\Pipeline->Illuminate\\Pipeline\\{closure}(Object(Illuminate\\Http\\Request))
#21 C:\\Users\\jpran\\OneDrive\\Desktop\\WK_PP_frontend\\Back-End\\vendor\\laravel\\framework\\src\\Illuminate\\Pipeline\\Pipeline.php(167): Illuminate\\Foundation\\Http\\Middleware\\ValidatePostSize->handle(Object(Illuminate\\Http\\Request), Object(Closure))
#22 C:\\Users\\jpran\\OneDrive\\Desktop\\WK_PP_frontend\\Back-End\\vendor\\laravel\\framework\\src\\Illuminate\\Foundation\\Http\\Middleware\\PreventRequestsDuringMaintenance.php(86): Illuminate\\Pipeline\\Pipeline->Illuminate\\Pipeline\\{closure}(Object(Illuminate\\Http\\Request))
#23 C:\\Users\\jpran\\OneDrive\\Desktop\\WK_PP_frontend\\Back-End\\vendor\\laravel\\framework\\src\\Illuminate\\Pipeline\\Pipeline.php(167): Illuminate\\Foundation\\Http\\Middleware\\PreventRequestsDuringMaintenance->handle(Object(Illuminate\\Http\\Request), Object(Closure))
#24 C:\\Users\\jpran\\OneDrive\\Desktop\\WK_PP_frontend\\Back-End\\vendor\\fruitcake\\laravel-cors\\src\\HandleCors.php(52): Illuminate\\Pipeline\\Pipeline->Illuminate\\Pipeline\\{closure}(Object(Illuminate\\Http\\Request))
#25 C:\\Users\\jpran\\OneDrive\\Desktop\\WK_PP_frontend\\Back-End\\vendor\\laravel\\framework\\src\\Illuminate\\Pipeline\\Pipeline.php(167): Fruitcake\\Cors\\HandleCors->handle(Object(Illuminate\\Http\\Request), Object(Closure))
#26 C:\\Users\\jpran\\OneDrive\\Desktop\\WK_PP_frontend\\Back-End\\vendor\\laravel\\framework\\src\\Illuminate\\Http\\Middleware\\TrustProxies.php(39): Illuminate\\Pipeline\\Pipeline->Illuminate\\Pipeline\\{closure}(Object(Illuminate\\Http\\Request))
#27 C:\\Users\\jpran\\OneDrive\\Desktop\\WK_PP_frontend\\Back-End\\vendor\\laravel\\framework\\src\\Illuminate\\Pipeline\\Pipeline.php(167): Illuminate\\Http\\Middleware\\TrustProxies->handle(Object(Illuminate\\Http\\Request), Object(Closure))
#28 C:\\Users\\jpran\\OneDrive\\Desktop\\WK_PP_frontend\\Back-End\\vendor\\laravel\\framework\\src\\Illuminate\\Pipeline\\Pipeline.php(103): Illuminate\\Pipeline\\Pipeline->Illuminate\\Pipeline\\{closure}(Object(Illuminate\\Http\\Request))
#29 C:\\Users\\jpran\\OneDrive\\Desktop\\WK_PP_frontend\\Back-End\\vendor\\laravel\\framework\\src\\Illuminate\\Foundation\\Http\\Kernel.php(142): Illuminate\\Pipeline\\Pipeline->then(Object(Closure))
#30 C:\\Users\\jpran\\OneDrive\\Desktop\\WK_PP_frontend\\Back-End\\vendor\\laravel\\framework\\src\\Illuminate\\Foundation\\Http\\Kernel.php(111): Illuminate\\Foundation\\Http\\Kernel->sendRequestThroughRouter(Object(Illuminate\\Http\\Request))
#31 C:\\Users\\jpran\\OneDrive\\Desktop\\WK_PP_frontend\\Back-End\\public\\index.php(54): Illuminate\\Foundation\\Http\\Kernel->handle(Object(Illuminate\\Http\\Request))
#32 C:\\Users\\jpran\\OneDrive\\Desktop\\WK_PP_frontend\\Back-End\\server.php(21): require_once('C:\\\\Users\\\\jpran\\\\...')
#33 {main}

[previous exception] [object] (ReflectionException(code: -1): Class HorrorController does not exist at C:\\Users\\jpran\\OneDrive\\Desktop\\WK_PP_frontend\\Back-End\\vendor\\laravel\\framework\\src\\Illuminate\\Container\\Container.php:877)
[stacktrace]
#0 C:\\Users\\jpran\\OneDrive\\Desktop\\WK_PP_frontend\\Back-End\\vendor\\laravel\\framework\\src\\Illuminate\\Container\\Container.php(877): ReflectionClass->__construct('HorrorControlle...')
#1 C:\\Users\\jpran\\OneDrive\\Desktop\\WK_PP_frontend\\Back-End\\vendor\\laravel\\framework\\src\\Illuminate\\Container\\Container.php(758): Illuminate\\Container\\Container->build('HorrorControlle...')
#2 C:\\Users\\jpran\\OneDrive\\Desktop\\WK_PP_frontend\\Back-End\\vendor\\laravel\\framework\\src\\Illuminate\\Foundation\\Application.php(853): Illuminate\\Container\\Container->resolve('HorrorControlle...', Array, true)
#3 C:\\Users\\jpran\\OneDrive\\Desktop\\WK_PP_frontend\\Back-End\\vendor\\laravel\\framework\\src\\Illuminate\\Container\\Container.php(694): Illuminate\\Foundation\\Application->resolve('HorrorControlle...', Array)
#4 C:\\Users\\jpran\\OneDrive\\Desktop\\WK_PP_frontend\\Back-End\\vendor\\laravel\\framework\\src\\Illuminate\\Foundation\\Application.php(838): Illuminate\\Container\\Container->make('HorrorControlle...', Array)
#5 C:\\Users\\jpran\\OneDrive\\Desktop\\WK_PP_frontend\\Back-End\\vendor\\laravel\\framework\\src\\Illuminate\\Routing\\Route.php(276): Illuminate\\Foundation\\Application->make('HorrorControlle...')
#6 C:\\Users\\jpran\\OneDrive\\Desktop\\WK_PP_frontend\\Back-End\\vendor\\laravel\\framework\\src\\Illuminate\\Routing\\Route.php(1080): Illuminate\\Routing\\Route->getController()
#7 C:\\Users\\jpran\\OneDrive\\Desktop\\WK_PP_frontend\\Back-End\\vendor\\laravel\\framework\\src\\Illuminate\\Routing\\Route.php(1023): Illuminate\\Routing\\Route->controllerMiddleware()
#8 C:\\Users\\jpran\\OneDrive\\Desktop\\WK_PP_frontend\\Back-End\\vendor\\laravel\\framework\\src\\Illuminate\\Routing\\Router.php(734): Illuminate\\Routing\\Route->gatherMiddleware()
#9 C:\\Users\\jpran\\OneDrive\\Desktop\\WK_PP_frontend\\Back-End\\vendor\\laravel\\framework\\src\\Illuminate\\Routing\\Router.php(714): Illuminate\\Routing\\Router->gatherRouteMiddleware(Object(Illuminate\\Routing\\Route))
#10 C:\\Users\\jpran\\OneDrive\\Desktop\\WK_PP_frontend\\Back-End\\vendor\\laravel\\framework\\src\\Illuminate\\Routing\\Router.php(698): Illuminate\\Routing\\Router->runRouteWithinStack(Object(Illuminate\\Routing\\Route), Object(Illuminate\\Http\\Request))
#11 C:\\Users\\jpran\\OneDrive\\Desktop\\WK_PP_frontend\\Back-End\\vendor\\laravel\\framework\\src\\Illuminate\\Routing\\Router.php(662): Illuminate\\Routing\\Router->runRoute(Object(Illuminate\\Http\\Request), Object(Illuminate\\Routing\\Route))
#12 C:\\Users\\jpran\\OneDrive\\Desktop\\WK_PP_frontend\\Back-End\\vendor\\laravel\\framework\\src\\Illuminate\\Routing\\Router.php(651): Illuminate\\Routing\\Router->dispatchToRoute(Object(Illuminate\\Http\\Request))
#13 C:\\Users\\jpran\\OneDrive\\Desktop\\WK_PP_frontend\\Back-End\\vendor\\laravel\\framework\\src\\Illuminate\\Foundation\\Http\\Kernel.php(167): Illuminate\\Routing\\Router->dispatch(Object(Illuminate\\Http\\Request))
#14 C:\\Users\\jpran\\OneDrive\\Desktop\\WK_PP_frontend\\Back-End\\vendor\\laravel\\framework\\src\\Illuminate\\Pipeline\\Pipeline.php(128): Illuminate\\Foundation\\Http\\Kernel->Illuminate\\Foundation\\Http\\{closure}(Object(Illuminate\\Http\\Request))
#15 C:\\Users\\jpran\\OneDrive\\Desktop\\WK_PP_frontend\\Back-End\\vendor\\laravel\\framework\\src\\Illuminate\\Foundation\\Http\\Middleware\\TransformsRequest.php(21): Illuminate\\Pipeline\\Pipeline->Illuminate\\Pipeline\\{closure}(Object(Illuminate\\Http\\Request))
#16 C:\\Users\\jpran\\OneDrive\\Desktop\\WK_PP_frontend\\Back-End\\vendor\\laravel\\framework\\src\\Illuminate\\Foundation\\Http\\Middleware\\ConvertEmptyStringsToNull.php(31): Illuminate\\Foundation\\Http\\Middleware\\TransformsRequest->handle(Object(Illuminate\\Http\\Request), Object(Closure))
#17 C:\\Users\\jpran\\OneDrive\\Desktop\\WK_PP_frontend\\Back-End\\vendor\\laravel\\framework\\src\\Illuminate\\Pipeline\\Pipeline.php(167): Illuminate\\Foundation\\Http\\Middleware\\ConvertEmptyStringsToNull->handle(Object(Illuminate\\Http\\Request), Object(Closure))
#18 C:\\Users\\jpran\\OneDrive\\Desktop\\WK_PP_frontend\\Back-End\\vendor\\laravel\\framework\\src\\Illuminate\\Foundation\\Http\\Middleware\\TransformsRequest.php(21): Illuminate\\Pipeline\\Pipeline->Illuminate\\Pipeline\\{closure}(Object(Illuminate\\Http\\Request))
#19 C:\\Users\\jpran\\OneDrive\\Desktop\\WK_PP_frontend\\Back-End\\vendor\\laravel\\framework\\src\\Illuminate\\Foundation\\Http\\Middleware\\TrimStrings.php(40): Illuminate\\Foundation\\Http\\Middleware\\TransformsRequest->handle(Object(Illuminate\\Http\\Request), Object(Closure))
#20 C:\\Users\\jpran\\OneDrive\\Desktop\\WK_PP_frontend\\Back-End\\vendor\\laravel\\framework\\src\\Illuminate\\Pipeline\\Pipeline.php(167): Illuminate\\Foundation\\Http\\Middleware\\TrimStrings->handle(Object(Illuminate\\Http\\Request), Object(Closure))
#21 C:\\Users\\jpran\\OneDrive\\Desktop\\WK_PP_frontend\\Back-End\\vendor\\laravel\\framework\\src\\Illuminate\\Foundation\\Http\\Middleware\\ValidatePostSize.php(27): Illuminate\\Pipeline\\Pipeline->Illuminate\\Pipeline\\{closure}(Object(Illuminate\\Http\\Request))
#22 C:\\Users\\jpran\\OneDrive\\Desktop\\WK_PP_frontend\\Back-End\\vendor\\laravel\\framework\\src\\Illuminate\\Pipeline\\Pipeline.php(167): Illuminate\\Foundation\\Http\\Middleware\\ValidatePostSize->handle(Object(Illuminate\\Http\\Request), Object(Closure))
#23 C:\\Users\\jpran\\OneDrive\\Desktop\\WK_PP_frontend\\Back-End\\vendor\\laravel\\framework\\src\\Illuminate\\Foundation\\Http\\Middleware\\PreventRequestsDuringMaintenance.php(86): Illuminate\\Pipeline\\Pipeline->Illuminate\\Pipeline\\{closure}(Object(Illuminate\\Http\\Request))
#24 C:\\Users\\jpran\\OneDrive\\Desktop\\WK_PP_frontend\\Back-End\\vendor\\laravel\\framework\\src\\Illuminate\\Pipeline\\Pipeline.php(167): Illuminate\\Foundation\\Http\\Middleware\\PreventRequestsDuringMaintenance->handle(Object(Illuminate\\Http\\Request), Object(Closure))
#25 C:\\Users\\jpran\\OneDrive\\Desktop\\WK_PP_frontend\\Back-End\\vendor\\fruitcake\\laravel-cors\\src\\HandleCors.php(52): Illuminate\\Pipeline\\Pipeline->Illuminate\\Pipeline\\{closure}(Object(Illuminate\\Http\\Request))
#26 C:\\Users\\jpran\\OneDrive\\Desktop\\WK_PP_frontend\\Back-End\\vendor\\laravel\\framework\\src\\Illuminate\\Pipeline\\Pipeline.php(167): Fruitcake\\Cors\\HandleCors->handle(Object(Illuminate\\Http\\Request), Object(Closure))
#27 C:\\Users\\jpran\\OneDrive\\Desktop\\WK_PP_frontend\\Back-End\\vendor\\laravel\\framework\\src\\Illuminate\\Http\\Middleware\\TrustProxies.php(39): Illuminate\\Pipeline\\Pipeline->Illuminate\\Pipeline\\{closure}(Object(Illuminate\\Http\\Request))
#28 C:\\Users\\jpran\\OneDrive\\Desktop\\WK_PP_frontend\\Back-End\\vendor\\laravel\\framework\\src\\Illuminate\\Pipeline\\Pipeline.php(167): Illuminate\\Http\\Middleware\\TrustProxies->handle(Object(Illuminate\\Http\\Request), Object(Closure))
#29 C:\\Users\\jpran\\OneDrive\\Desktop\\WK_PP_frontend\\Back-End\\vendor\\laravel\\framework\\src\\Illuminate\\Pipeline\\Pipeline.php(103): Illuminate\\Pipeline\\Pipeline->Illuminate\\Pipeline\\{closure}(Object(Illuminate\\Http\\Request))
#30 C:\\Users\\jpran\\OneDrive\\Desktop\\WK_PP_frontend\\Back-End\\vendor\\laravel\\framework\\src\\Illuminate\\Foundation\\Http\\Kernel.php(142): Illuminate\\Pipeline\\Pipeline->then(Object(Closure))
#31 C:\\Users\\jpran\\OneDrive\\Desktop\\WK_PP_frontend\\Back-End\\vendor\\laravel\\framework\\src\\Illuminate\\Foundation\\Http\\Kernel.php(111): Illuminate\\Foundation\\Http\\Kernel->sendRequestThroughRouter(Object(Illuminate\\Http\\Request))
#32 C:\\Users\\jpran\\OneDrive\\Desktop\\WK_PP_frontend\\Back-End\\public\\index.php(54): Illuminate\\Foundation\\Http\\Kernel->handle(Object(Illuminate\\Http\\Request))
#33 C:\\Users\\jpran\\OneDrive\\Desktop\\WK_PP_frontend\\Back-End\\server.php(21): require_once('C:\\\\Users\\\\jpran\\\\...')
#34 {main}
"} 
[2026-04-01 21:50:28] local.ERROR: Target class [HorrorController] does not exist. {"exception":"[object] (Illuminate\\Contracts\\Container\\BindingResolutionException(code: 0): Target class [HorrorController] does not exist. at C:\\Users\\jpran\\OneDrive\\Desktop\\WK_PP_frontend\\Back-End\\vendor\\laravel\\framework\\src\\Illuminate\\Container\\Container.php:879)
[stacktrace]
#0 C:\\Users\\jpran\\OneDrive\\Desktop\\WK_PP_frontend\\Back-End\\vendor\\laravel\\framework\\src\\Illuminate\\Container\\Container.php(758): Illuminate\\Container\\Container->build('HorrorControlle...')
#1 C:\\Users\\jpran\\OneDrive\\Desktop\\WK_PP_frontend\\Back-End\\vendor\\laravel\\framework\\src\\Illuminate\\Foundation\\Application.php(853): Illuminate\\Container\\Container->resolve('HorrorControlle...', Array, true)
#2 C:\\Users\\jpran\\OneDrive\\Desktop\\WK_PP_frontend\\Back-End\\vendor\\laravel\\framework\\src\\Illuminate\\Container\\Container.php(694): Illuminate\\Foundation\\Application->resolve('HorrorControlle...', Array)
#3 C:\\Users\\jpran\\OneDrive\\Desktop\\WK_PP_frontend\\Back-End\\vendor\\laravel\\framework\\src\\Illuminate\\Foundation\\Application.php(838): Illuminate\\Container\\Container->make('HorrorControlle...', Array)
#4 C:\\Users\\jpran\\OneDrive\\Desktop\\WK_PP_frontend\\Back-End\\vendor\\laravel\\framework\\src\\Illuminate\\Routing\\Route.php(276): Illuminate\\Foundation\\Application->make('HorrorControlle...')
#5 C:\\Users\\jpran\\OneDrive\\Desktop\\WK_PP_frontend\\Back-End\\vendor\\laravel\\framework\\src\\Illuminate\\Routing\\Route.php(1080): Illuminate\\Routing\\Route->getController()
#6 C:\\Users\\jpran\\OneDrive\\Desktop\\WK_PP_frontend\\Back-End\\vendor\\laravel\\framework\\src\\Illuminate\\Routing\\Route.php(1023): Illuminate\\Routing\\Route->controllerMiddleware()
#7 C:\\Users\\jpran\\OneDrive\\Desktop\\WK_PP_frontend\\Back-End\\vendor\\laravel\\framework\\src\\Illuminate\\Routing\\Router.php(734): Illuminate\\Routing\\Route->gatherMiddleware()
#8 C:\\Users\\jpran\\OneDrive\\Desktop\\WK_PP_frontend\\Back-End\\vendor\\laravel\\framework\\src\\Illuminate\\Routing\\Router.php(714): Illuminate\\Routing\\Router->gatherRouteMiddleware(Object(Illuminate\\Routing\\Route))
#9 C:\\Users\\jpran\\OneDrive\\Desktop\\WK_PP_frontend\\Back-End\\vendor\\laravel\\framework\\src\\Illuminate\\Routing\\Router.php(698): Illuminate\\Routing\\Router->runRouteWithinStack(Object(Illuminate\\Routing\\Route), Object(Illuminate\\Http\\Request))
#10 C:\\Users\\jpran\\OneDrive\\Desktop\\WK_PP_frontend\\Back-End\\vendor\\laravel\\framework\\src\\Illuminate\\Routing\\Router.php(662): Illuminate\\Routing\\Router->runRoute(Object(Illuminate\\Http\\Request), Object(Illuminate\\Routing\\Route))
#11 C:\\Users\\jpran\\OneDrive\\Desktop\\WK_PP_frontend\\Back-End\\vendor\\laravel\\framework\\src\\Illuminate\\Routing\\Router.php(651): Illuminate\\Routing\\Router->dispatchToRoute(Object(Illuminate\\Http\\Request))
#12 C:\\Users\\jpran\\OneDrive\\Desktop\\WK_PP_frontend\\Back-End\\vendor\\laravel\\framework\\src\\Illuminate\\Foundation\\Http\\Kernel.php(167): Illuminate\\Routing\\Router->dispatch(Object(Illuminate\\Http\\Request))
#13 C:\\Users\\jpran\\OneDrive\\Desktop\\WK_PP_frontend\\Back-End\\vendor\\laravel\\framework\\src\\Illuminate\\Pipeline\\Pipeline.php(128): Illuminate\\Foundation\\Http\\Kernel->Illuminate\\Foundation\\Http\\{closure}(Object(Illuminate\\Http\\Request))
#14 C:\\Users\\jpran\\OneDrive\\Desktop\\WK_PP_frontend\\Back-End\\vendor\\laravel\\framework\\src\\Illuminate\\Foundation\\Http\\Middleware\\TransformsRequest.php(21): Illuminate\\Pipeline\\Pipeline->Illuminate\\Pipeline\\{closure}(Object(Illuminate\\Http\\Request))
#15 C:\\Users\\jpran\\OneDrive\\Desktop\\WK_PP_frontend\\Back-End\\vendor\\laravel\\framework\\src\\Illuminate\\Foundation\\Http\\Middleware\\ConvertEmptyStringsToNull.php(31): Illuminate\\Foundation\\Http\\Middleware\\TransformsRequest->handle(Object(Illuminate\\Http\\Request), Object(Closure))
#16 C:\\Users\\jpran\\OneDrive\\Desktop\\WK_PP_frontend\\Back-End\\vendor\\laravel\\framework\\src\\Illuminate\\Pipeline\\Pipeline.php(167): Illuminate\\Foundation\\Http\\Middleware\\ConvertEmptyStringsToNull->handle(Object(Illuminate\\Http\\Request), Object(Closure))
#17 C:\\Users\\jpran\\OneDrive\\Desktop\\WK_PP_frontend\\Back-End\\vendor\\laravel\\framework\\src\\Illuminate\\Foundation\\Http\\Middleware\\TransformsRequest.php(21): Illuminate\\Pipeline\\Pipeline->Illuminate\\Pipeline\\{closure}(Object(Illuminate\\Http\\Request))
#18 C:\\Users\\jpran\\OneDrive\\Desktop\\WK_PP_frontend\\Back-End\\vendor\\laravel\\framework\\src\\Illuminate\\Foundation\\Http\\Middleware\\TrimStrings.php(40): Illuminate\\Foundation\\Http\\Middleware\\TransformsRequest->handle(Object(Illuminate\\Http\\Request), Object(Closure))
#19 C:\\Users\\jpran\\OneDrive\\Desktop\\WK_PP_frontend\\Back-End\\vendor\\laravel\\framework\\src\\Illuminate\\Pipeline\\Pipeline.php(167): Illuminate\\Foundation\\Http\\Middleware\\TrimStrings->handle(Object(Illuminate\\Http\\Request), Object(Closure))
#20 C:\\Users\\jpran\\OneDrive\\Desktop\\WK_PP_frontend\\Back-End\\vendor\\laravel\\framework\\src\\Illuminate\\Foundation\\Http\\Middleware\\ValidatePostSize.php(27): Illuminate\\Pipeline\\Pipeline->Illuminate\\Pipeline\\{closure}(Object(Illuminate\\Http\\Request))
#21 C:\\Users\\jpran\\OneDrive\\Desktop\\WK_PP_frontend\\Back-End\\vendor\\laravel\\framework\\src\\Illuminate\\Pipeline\\Pipeline.php(167): Illuminate\\Foundation\\Http\\Middleware\\ValidatePostSize->handle(Object(Illuminate\\Http\\Request), Object(Closure))
#22 C:\\Users\\jpran\\OneDrive\\Desktop\\WK_PP_frontend\\Back-End\\vendor\\laravel\\framework\\src\\Illuminate\\Foundation\\Http\\Middleware\\PreventRequestsDuringMaintenance.php(86): Illuminate\\Pipeline\\Pipeline->Illuminate\\Pipeline\\{closure}(Object(Illuminate\\Http\\Request))
#23 C:\\Users\\jpran\\OneDrive\\Desktop\\WK_PP_frontend\\Back-End\\vendor\\laravel\\framework\\src\\Illuminate\\Pipeline\\Pipeline.php(167): Illuminate\\Foundation\\Http\\Middleware\\PreventRequestsDuringMaintenance->handle(Object(Illuminate\\Http\\Request), Object(Closure))
#24 C:\\Users\\jpran\\OneDrive\\Desktop\\WK_PP_frontend\\Back-End\\vendor\\fruitcake\\laravel-cors\\src\\HandleCors.php(52): Illuminate\\Pipeline\\Pipeline->Illuminate\\Pipeline\\{closure}(Object(Illuminate\\Http\\Request))
#25 C:\\Users\\jpran\\OneDrive\\Desktop\\WK_PP_frontend\\Back-End\\vendor\\laravel\\framework\\src\\Illuminate\\Pipeline\\Pipeline.php(167): Fruitcake\\Cors\\HandleCors->handle(Object(Illuminate\\Http\\Request), Object(Closure))
#26 C:\\Users\\jpran\\OneDrive\\Desktop\\WK_PP_frontend\\Back-End\\vendor\\laravel\\framework\\src\\Illuminate\\Http\\Middleware\\TrustProxies.php(39): Illuminate\\Pipeline\\Pipeline->Illuminate\\Pipeline\\{closure}(Object(Illuminate\\Http\\Request))
#27 C:\\Users\\jpran\\OneDrive\\Desktop\\WK_PP_frontend\\Back-End\\vendor\\laravel\\framework\\src\\Illuminate\\Pipeline\\Pipeline.php(167): Illuminate\\Http\\Middleware\\TrustProxies->handle(Object(Illuminate\\Http\\Request), Object(Closure))
#28 C:\\Users\\jpran\\OneDrive\\Desktop\\WK_PP_frontend\\Back-End\\vendor\\laravel\\framework\\src\\Illuminate\\Pipeline\\Pipeline.php(103): Illuminate\\Pipeline\\Pipeline->Illuminate\\Pipeline\\{closure}(Object(Illuminate\\Http\\Request))
#29 C:\\Users\\jpran\\OneDrive\\Desktop\\WK_PP_frontend\\Back-End\\vendor\\laravel\\framework\\src\\Illuminate\\Foundation\\Http\\Kernel.php(142): Illuminate\\Pipeline\\Pipeline->then(Object(Closure))
#30 C:\\Users\\jpran\\OneDrive\\Desktop\\WK_PP_frontend\\Back-End\\vendor\\laravel\\framework\\src\\Illuminate\\Foundation\\Http\\Kernel.php(111): Illuminate\\Foundation\\Http\\Kernel->sendRequestThroughRouter(Object(Illuminate\\Http\\Request))
#31 C:\\Users\\jpran\\OneDrive\\Desktop\\WK_PP_frontend\\Back-End\\public\\index.php(54): Illuminate\\Foundation\\Http\\Kernel->handle(Object(Illuminate\\Http\\Request))
#32 C:\\Users\\jpran\\OneDrive\\Desktop\\WK_PP_frontend\\Back-End\\server.php(21): require_once('C:\\\\Users\\\\jpran\\\\...')
#33 {main}

[previous exception] [object] (ReflectionException(code: -1): Class HorrorController does not exist at C:\\Users\\jpran\\OneDrive\\Desktop\\WK_PP_frontend\\Back-End\\vendor\\laravel\\framework\\src\\Illuminate\\Container\\Container.php:877)
[stacktrace]
#0 C:\\Users\\jpran\\OneDrive\\Desktop\\WK_PP_frontend\\Back-End\\vendor\\laravel\\framework\\src\\Illuminate\\Container\\Container.php(877): ReflectionClass->__construct('HorrorControlle...')
#1 C:\\Users\\jpran\\OneDrive\\Desktop\\WK_PP_frontend\\Back-End\\vendor\\laravel\\framework\\src\\Illuminate\\Container\\Container.php(758): Illuminate\\Container\\Container->build('HorrorControlle...')
#2 C:\\Users\\jpran\\OneDrive\\Desktop\\WK_PP_frontend\\Back-End\\vendor\\laravel\\framework\\src\\Illuminate\\Foundation\\Application.php(853): Illuminate\\Container\\Container->resolve('HorrorControlle...', Array, true)
#3 C:\\Users\\jpran\\OneDrive\\Desktop\\WK_PP_frontend\\Back-End\\vendor\\laravel\\framework\\src\\Illuminate\\Container\\Container.php(694): Illuminate\\Foundation\\Application->resolve('HorrorControlle...', Array)
#4 C:\\Users\\jpran\\OneDrive\\Desktop\\WK_PP_frontend\\Back-End\\vendor\\laravel\\framework\\src\\Illuminate\\Foundation\\Application.php(838): Illuminate\\Container\\Container->make('HorrorControlle...', Array)
#5 C:\\Users\\jpran\\OneDrive\\Desktop\\WK_PP_frontend\\Back-End\\vendor\\laravel\\framework\\src\\Illuminate\\Routing\\Route.php(276): Illuminate\\Foundation\\Application->make('HorrorControlle...')
#6 C:\\Users\\jpran\\OneDrive\\Desktop\\WK_PP_frontend\\Back-End\\vendor\\laravel\\framework\\src\\Illuminate\\Routing\\Route.php(1080): Illuminate\\Routing\\Route->getController()
#7 C:\\Users\\jpran\\OneDrive\\Desktop\\WK_PP_frontend\\Back-End\\vendor\\laravel\\framework\\src\\Illuminate\\Routing\\Route.php(1023): Illuminate\\Routing\\Route->controllerMiddleware()
#8 C:\\Users\\jpran\\OneDrive\\Desktop\\WK_PP_frontend\\Back-End\\vendor\\laravel\\framework\\src\\Illuminate\\Routing\\Router.php(734): Illuminate\\Routing\\Route->gatherMiddleware()
#9 C:\\Users\\jpran\\OneDrive\\Desktop\\WK_PP_frontend\\Back-End\\vendor\\laravel\\framework\\src\\Illuminate\\Routing\\Router.php(714): Illuminate\\Routing\\Router->gatherRouteMiddleware(Object(Illuminate\\Routing\\Route))
#10 C:\\Users\\jpran\\OneDrive\\Desktop\\WK_PP_frontend\\Back-End\\vendor\\laravel\\framework\\src\\Illuminate\\Routing\\Router.php(698): Illuminate\\Routing\\Router->runRouteWithinStack(Object(Illuminate\\Routing\\Route), Object(Illuminate\\Http\\Request))
#11 C:\\Users\\jpran\\OneDrive\\Desktop\\WK_PP_frontend\\Back-End\\vendor\\laravel\\framework\\src\\Illuminate\\Routing\\Router.php(662): Illuminate\\Routing\\Router->runRoute(Object(Illuminate\\Http\\Request), Object(Illuminate\\Routing\\Route))
#12 C:\\Users\\jpran\\OneDrive\\Desktop\\WK_PP_frontend\\Back-End\\vendor\\laravel\\framework\\src\\Illuminate\\Routing\\Router.php(651): Illuminate\\Routing\\Router->dispatchToRoute(Object(Illuminate\\Http\\Request))
#13 C:\\Users\\jpran\\OneDrive\\Desktop\\WK_PP_frontend\\Back-End\\vendor\\laravel\\framework\\src\\Illuminate\\Foundation\\Http\\Kernel.php(167): Illuminate\\Routing\\Router->dispatch(Object(Illuminate\\Http\\Request))
#14 C:\\Users\\jpran\\OneDrive\\Desktop\\WK_PP_frontend\\Back-End\\vendor\\laravel\\framework\\src\\Illuminate\\Pipeline\\Pipeline.php(128): Illuminate\\Foundation\\Http\\Kernel->Illuminate\\Foundation\\Http\\{closure}(Object(Illuminate\\Http\\Request))
#15 C:\\Users\\jpran\\OneDrive\\Desktop\\WK_PP_frontend\\Back-End\\vendor\\laravel\\framework\\src\\Illuminate\\Foundation\\Http\\Middleware\\TransformsRequest.php(21): Illuminate\\Pipeline\\Pipeline->Illuminate\\Pipeline\\{closure}(Object(Illuminate\\Http\\Request))
#16 C:\\Users\\jpran\\OneDrive\\Desktop\\WK_PP_frontend\\Back-End\\vendor\\laravel\\framework\\src\\Illuminate\\Foundation\\Http\\Middleware\\ConvertEmptyStringsToNull.php(31): Illuminate\\Foundation\\Http\\Middleware\\TransformsRequest->handle(Object(Illuminate\\Http\\Request), Object(Closure))
#17 C:\\Users\\jpran\\OneDrive\\Desktop\\WK_PP_frontend\\Back-End\\vendor\\laravel\\framework\\src\\Illuminate\\Pipeline\\Pipeline.php(167): Illuminate\\Foundation\\Http\\Middleware\\ConvertEmptyStringsToNull->handle(Object(Illuminate\\Http\\Request), Object(Closure))
#18 C:\\Users\\jpran\\OneDrive\\Desktop\\WK_PP_frontend\\Back-End\\vendor\\laravel\\framework\\src\\Illuminate\\Foundation\\Http\\Middleware\\TransformsRequest.php(21): Illuminate\\Pipeline\\Pipeline->Illuminate\\Pipeline\\{closure}(Object(Illuminate\\Http\\Request))
#19 C:\\Users\\jpran\\OneDrive\\Desktop\\WK_PP_frontend\\Back-End\\vendor\\laravel\\framework\\src\\Illuminate\\Foundation\\Http\\Middleware\\TrimStrings.php(40): Illuminate\\Foundation\\Http\\Middleware\\TransformsRequest->handle(Object(Illuminate\\Http\\Request), Object(Closure))
#20 C:\\Users\\jpran\\OneDrive\\Desktop\\WK_PP_frontend\\Back-End\\vendor\\laravel\\framework\\src\\Illuminate\\Pipeline\\Pipeline.php(167): Illuminate\\Foundation\\Http\\Middleware\\TrimStrings->handle(Object(Illuminate\\Http\\Request), Object(Closure))
#21 C:\\Users\\jpran\\OneDrive\\Desktop\\WK_PP_frontend\\Back-End\\vendor\\laravel\\framework\\src\\Illuminate\\Foundation\\Http\\Middleware\\ValidatePostSize.php(27): Illuminate\\Pipeline\\Pipeline->Illuminate\\Pipeline\\{closure}(Object(Illuminate\\Http\\Request))
#22 C:\\Users\\jpran\\OneDrive\\Desktop\\WK_PP_frontend\\Back-End\\vendor\\laravel\\framework\\src\\Illuminate\\Pipeline\\Pipeline.php(167): Illuminate\\Foundation\\Http\\Middleware\\ValidatePostSize->handle(Object(Illuminate\\Http\\Request), Object(Closure))
#23 C:\\Users\\jpran\\OneDrive\\Desktop\\WK_PP_frontend\\Back-End\\vendor\\laravel\\framework\\src\\Illuminate\\Foundation\\Http\\Middleware\\PreventRequestsDuringMaintenance.php(86): Illuminate\\Pipeline\\Pipeline->Illuminate\\Pipeline\\{closure}(Object(Illuminate\\Http\\Request))
#24 C:\\Users\\jpran\\OneDrive\\Desktop\\WK_PP_frontend\\Back-End\\vendor\\laravel\\framework\\src\\Illuminate\\Pipeline\\Pipeline.php(167): Illuminate\\Foundation\\Http\\Middleware\\PreventRequestsDuringMaintenance->handle(Object(Illuminate\\Http\\Request), Object(Closure))
#25 C:\\Users\\jpran\\OneDrive\\Desktop\\WK_PP_frontend\\Back-End\\vendor\\fruitcake\\laravel-cors\\src\\HandleCors.php(52): Illuminate\\Pipeline\\Pipeline->Illuminate\\Pipeline\\{closure}(Object(Illuminate\\Http\\Request))
#26 C:\\Users\\jpran\\OneDrive\\Desktop\\WK_PP_frontend\\Back-End\\vendor\\laravel\\framework\\src\\Illuminate\\Pipeline\\Pipeline.php(167): Fruitcake\\Cors\\HandleCors->handle(Object(Illuminate\\Http\\Request), Object(Closure))
#27 C:\\Users\\jpran\\OneDrive\\Desktop\\WK_PP_frontend\\Back-End\\vendor\\laravel\\framework\\src\\Illuminate\\Http\\Middleware\\TrustProxies.php(39): Illuminate\\Pipeline\\Pipeline->Illuminate\\Pipeline\\{closure}(Object(Illuminate\\Http\\Request))
#28 C:\\Users\\jpran\\OneDrive\\Desktop\\WK_PP_frontend\\Back-End\\vendor\\laravel\\framework\\src\\Illuminate\\Pipeline\\Pipeline.php(167): Illuminate\\Http\\Middleware\\TrustProxies->handle(Object(Illuminate\\Http\\Request), Object(Closure))
#29 C:\\Users\\jpran\\OneDrive\\Desktop\\WK_PP_frontend\\Back-End\\vendor\\laravel\\framework\\src\\Illuminate\\Pipeline\\Pipeline.php(103): Illuminate\\Pipeline\\Pipeline->Illuminate\\Pipeline\\{closure}(Object(Illuminate\\Http\\Request))
#30 C:\\Users\\jpran\\OneDrive\\Desktop\\WK_PP_frontend\\Back-End\\vendor\\laravel\\framework\\src\\Illuminate\\Foundation\\Http\\Kernel.php(142): Illuminate\\Pipeline\\Pipeline->then(Object(Closure))
#31 C:\\Users\\jpran\\OneDrive\\Desktop\\WK_PP_frontend\\Back-End\\vendor\\laravel\\framework\\src\\Illuminate\\Foundation\\Http\\Kernel.php(111): Illuminate\\Foundation\\Http\\Kernel->sendRequestThroughRouter(Object(Illuminate\\Http\\Request))
#32 C:\\Users\\jpran\\OneDrive\\Desktop\\WK_PP_frontend\\Back-End\\public\\index.php(54): Illuminate\\Foundation\\Http\\Kernel->handle(Object(Illuminate\\Http\\Request))
#33 C:\\Users\\jpran\\OneDrive\\Desktop\\WK_PP_frontend\\Back-End\\server.php(21): require_once('C:\\\\Users\\\\jpran\\\\...')
#34 {main}
"} 
[2026-04-01 21:51:02] local.ERROR: Target class [HorrorController] does not exist. {"exception":"[object] (Illuminate\\Contracts\\Container\\BindingResolutionException(code: 0): Target class [HorrorController] does not exist. at C:\\Users\\jpran\\OneDrive\\Desktop\\WK_PP_frontend\\Back-End\\vendor\\laravel\\framework\\src\\Illuminate\\Container\\Container.php:879)
[stacktrace]
#0 C:\\Users\\jpran\\OneDrive\\Desktop\\WK_PP_frontend\\Back-End\\vendor\\laravel\\framework\\src\\Illuminate\\Container\\Container.php(758): Illuminate\\Container\\Container->build('HorrorControlle...')
#1 C:\\Users\\jpran\\OneDrive\\Desktop\\WK_PP_frontend\\Back-End\\vendor\\laravel\\framework\\src\\Illuminate\\Foundation\\Application.php(853): Illuminate\\Container\\Container->resolve('HorrorControlle...', Array, true)
#2 C:\\Users\\jpran\\OneDrive\\Desktop\\WK_PP_frontend\\Back-End\\vendor\\laravel\\framework\\src\\Illuminate\\Container\\Container.php(694): Illuminate\\Foundation\\Application->resolve('HorrorControlle...', Array)
#3 C:\\Users\\jpran\\OneDrive\\Desktop\\WK_PP_frontend\\Back-End\\vendor\\laravel\\framework\\src\\Illuminate\\Foundation\\Application.php(838): Illuminate\\Container\\Container->make('HorrorControlle...', Array)
#4 C:\\Users\\jpran\\OneDrive\\Desktop\\WK_PP_frontend\\Back-End\\vendor\\laravel\\framework\\src\\Illuminate\\Routing\\Route.php(276): Illuminate\\Foundation\\Application->make('HorrorControlle...')
#5 C:\\Users\\jpran\\OneDrive\\Desktop\\WK_PP_frontend\\Back-End\\vendor\\laravel\\framework\\src\\Illuminate\\Routing\\Route.php(1080): Illuminate\\Routing\\Route->getController()
#6 C:\\Users\\jpran\\OneDrive\\Desktop\\WK_PP_frontend\\Back-End\\vendor\\laravel\\framework\\src\\Illuminate\\Routing\\Route.php(1023): Illuminate\\Routing\\Route->controllerMiddleware()
#7 C:\\Users\\jpran\\OneDrive\\Desktop\\WK_PP_frontend\\Back-End\\vendor\\laravel\\framework\\src\\Illuminate\\Routing\\Router.php(734): Illuminate\\Routing\\Route->gatherMiddleware()
#8 C:\\Users\\jpran\\OneDrive\\Desktop\\WK_PP_frontend\\Back-End\\vendor\\laravel\\framework\\src\\Illuminate\\Routing\\Router.php(714): Illuminate\\Routing\\Router->gatherRouteMiddleware(Object(Illuminate\\Routing\\Route))
#9 C:\\Users\\jpran\\OneDrive\\Desktop\\WK_PP_frontend\\Back-End\\vendor\\laravel\\framework\\src\\Illuminate\\Routing\\Router.php(698): Illuminate\\Routing\\Router->runRouteWithinStack(Object(Illuminate\\Routing\\Route), Object(Illuminate\\Http\\Request))
#10 C:\\Users\\jpran\\OneDrive\\Desktop\\WK_PP_frontend\\Back-End\\vendor\\laravel\\framework\\src\\Illuminate\\Routing\\Router.php(662): Illuminate\\Routing\\Router->runRoute(Object(Illuminate\\Http\\Request), Object(Illuminate\\Routing\\Route))
#11 C:\\Users\\jpran\\OneDrive\\Desktop\\WK_PP_frontend\\Back-End\\vendor\\laravel\\framework\\src\\Illuminate\\Routing\\Router.php(651): Illuminate\\Routing\\Router->dispatchToRoute(Object(Illuminate\\Http\\Request))
#12 C:\\Users\\jpran\\OneDrive\\Desktop\\WK_PP_frontend\\Back-End\\vendor\\laravel\\framework\\src\\Illuminate\\Foundation\\Http\\Kernel.php(167): Illuminate\\Routing\\Router->dispatch(Object(Illuminate\\Http\\Request))
#13 C:\\Users\\jpran\\OneDrive\\Desktop\\WK_PP_frontend\\Back-End\\vendor\\laravel\\framework\\src\\Illuminate\\Pipeline\\Pipeline.php(128): Illuminate\\Foundation\\Http\\Kernel->Illuminate\\Foundation\\Http\\{closure}(Object(Illuminate\\Http\\Request))
#14 C:\\Users\\jpran\\OneDrive\\Desktop\\WK_PP_frontend\\Back-End\\vendor\\laravel\\framework\\src\\Illuminate\\Foundation\\Http\\Middleware\\TransformsRequest.php(21): Illuminate\\Pipeline\\Pipeline->Illuminate\\Pipeline\\{closure}(Object(Illuminate\\Http\\Request))
#15 C:\\Users\\jpran\\OneDrive\\Desktop\\WK_PP_frontend\\Back-End\\vendor\\laravel\\framework\\src\\Illuminate\\Foundation\\Http\\Middleware\\ConvertEmptyStringsToNull.php(31): Illuminate\\Foundation\\Http\\Middleware\\TransformsRequest->handle(Object(Illuminate\\Http\\Request), Object(Closure))
#16 C:\\Users\\jpran\\OneDrive\\Desktop\\WK_PP_frontend\\Back-End\\vendor\\laravel\\framework\\src\\Illuminate\\Pipeline\\Pipeline.php(167): Illuminate\\Foundation\\Http\\Middleware\\ConvertEmptyStringsToNull->handle(Object(Illuminate\\Http\\Request), Object(Closure))
#17 C:\\Users\\jpran\\OneDrive\\Desktop\\WK_PP_frontend\\Back-End\\vendor\\laravel\\framework\\src\\Illuminate\\Foundation\\Http\\Middleware\\TransformsRequest.php(21): Illuminate\\Pipeline\\Pipeline->Illuminate\\Pipeline\\{closure}(Object(Illuminate\\Http\\Request))
#18 C:\\Users\\jpran\\OneDrive\\Desktop\\WK_PP_frontend\\Back-End\\vendor\\laravel\\framework\\src\\Illuminate\\Foundation\\Http\\Middleware\\TrimStrings.php(40): Illuminate\\Foundation\\Http\\Middleware\\TransformsRequest->handle(Object(Illuminate\\Http\\Request), Object(Closure))
#19 C:\\Users\\jpran\\OneDrive\\Desktop\\WK_PP_frontend\\Back-End\\vendor\\laravel\\framework\\src\\Illuminate\\Pipeline\\Pipeline.php(167): Illuminate\\Foundation\\Http\\Middleware\\TrimStrings->handle(Object(Illuminate\\Http\\Request), Object(Closure))
#20 C:\\Users\\jpran\\OneDrive\\Desktop\\WK_PP_frontend\\Back-End\\vendor\\laravel\\framework\\src\\Illuminate\\Foundation\\Http\\Middleware\\ValidatePostSize.php(27): Illuminate\\Pipeline\\Pipeline->Illuminate\\Pipeline\\{closure}(Object(Illuminate\\Http\\Request))
#21 C:\\Users\\jpran\\OneDrive\\Desktop\\WK_PP_frontend\\Back-End\\vendor\\laravel\\framework\\src\\Illuminate\\Pipeline\\Pipeline.php(167): Illuminate\\Foundation\\Http\\Middleware\\ValidatePostSize->handle(Object(Illuminate\\Http\\Request), Object(Closure))
#22 C:\\Users\\jpran\\OneDrive\\Desktop\\WK_PP_frontend\\Back-End\\vendor\\laravel\\framework\\src\\Illuminate\\Foundation\\Http\\Middleware\\PreventRequestsDuringMaintenance.php(86): Illuminate\\Pipeline\\Pipeline->Illuminate\\Pipeline\\{closure}(Object(Illuminate\\Http\\Request))
#23 C:\\Users\\jpran\\OneDrive\\Desktop\\WK_PP_frontend\\Back-End\\vendor\\laravel\\framework\\src\\Illuminate\\Pipeline\\Pipeline.php(167): Illuminate\\Foundation\\Http\\Middleware\\PreventRequestsDuringMaintenance->handle(Object(Illuminate\\Http\\Request), Object(Closure))
#24 C:\\Users\\jpran\\OneDrive\\Desktop\\WK_PP_frontend\\Back-End\\vendor\\fruitcake\\laravel-cors\\src\\HandleCors.php(52): Illuminate\\Pipeline\\Pipeline->Illuminate\\Pipeline\\{closure}(Object(Illuminate\\Http\\Request))
#25 C:\\Users\\jpran\\OneDrive\\Desktop\\WK_PP_frontend\\Back-End\\vendor\\laravel\\framework\\src\\Illuminate\\Pipeline\\Pipeline.php(167): Fruitcake\\Cors\\HandleCors->handle(Object(Illuminate\\Http\\Request), Object(Closure))
#26 C:\\Users\\jpran\\OneDrive\\Desktop\\WK_PP_frontend\\Back-End\\vendor\\laravel\\framework\\src\\Illuminate\\Http\\Middleware\\TrustProxies.php(39): Illuminate\\Pipeline\\Pipeline->Illuminate\\Pipeline\\{closure}(Object(Illuminate\\Http\\Request))
#27 C:\\Users\\jpran\\OneDrive\\Desktop\\WK_PP_frontend\\Back-End\\vendor\\laravel\\framework\\src\\Illuminate\\Pipeline\\Pipeline.php(167): Illuminate\\Http\\Middleware\\TrustProxies->handle(Object(Illuminate\\Http\\Request), Object(Closure))
#28 C:\\Users\\jpran\\OneDrive\\Desktop\\WK_PP_frontend\\Back-End\\vendor\\laravel\\framework\\src\\Illuminate\\Pipeline\\Pipeline.php(103): Illuminate\\Pipeline\\Pipeline->Illuminate\\Pipeline\\{closure}(Object(Illuminate\\Http\\Request))
#29 C:\\Users\\jpran\\OneDrive\\Desktop\\WK_PP_frontend\\Back-End\\vendor\\laravel\\framework\\src\\Illuminate\\Foundation\\Http\\Kernel.php(142): Illuminate\\Pipeline\\Pipeline->then(Object(Closure))
#30 C:\\Users\\jpran\\OneDrive\\Desktop\\WK_PP_frontend\\Back-End\\vendor\\laravel\\framework\\src\\Illuminate\\Foundation\\Http\\Kernel.php(111): Illuminate\\Foundation\\Http\\Kernel->sendRequestThroughRouter(Object(Illuminate\\Http\\Request))
#31 C:\\Users\\jpran\\OneDrive\\Desktop\\WK_PP_frontend\\Back-End\\public\\index.php(54): Illuminate\\Foundation\\Http\\Kernel->handle(Object(Illuminate\\Http\\Request))
#32 C:\\Users\\jpran\\OneDrive\\Desktop\\WK_PP_frontend\\Back-End\\server.php(21): require_once('C:\\\\Users\\\\jpran\\\\...')
#33 {main}

[previous exception] [object] (ReflectionException(code: -1): Class HorrorController does not exist at C:\\Users\\jpran\\OneDrive\\Desktop\\WK_PP_frontend\\Back-End\\vendor\\laravel\\framework\\src\\Illuminate\\Container\\Container.php:877)
[stacktrace]
#0 C:\\Users\\jpran\\OneDrive\\Desktop\\WK_PP_frontend\\Back-End\\vendor\\laravel\\framework\\src\\Illuminate\\Container\\Container.php(877): ReflectionClass->__construct('HorrorControlle...')
#1 C:\\Users\\jpran\\OneDrive\\Desktop\\WK_PP_frontend\\Back-End\\vendor\\laravel\\framework\\src\\Illuminate\\Container\\Container.php(758): Illuminate\\Container\\Container->build('HorrorControlle...')
#2 C:\\Users\\jpran\\OneDrive\\Desktop\\WK_PP_frontend\\Back-End\\vendor\\laravel\\framework\\src\\Illuminate\\Foundation\\Application.php(853): Illuminate\\Container\\Container->resolve('HorrorControlle...', Array, true)
#3 C:\\Users\\jpran\\OneDrive\\Desktop\\WK_PP_frontend\\Back-End\\vendor\\laravel\\framework\\src\\Illuminate\\Container\\Container.php(694): Illuminate\\Foundation\\Application->resolve('HorrorControlle...', Array)
#4 C:\\Users\\jpran\\OneDrive\\Desktop\\WK_PP_frontend\\Back-End\\vendor\\laravel\\framework\\src\\Illuminate\\Foundation\\Application.php(838): Illuminate\\Container\\Container->make('HorrorControlle...', Array)
#5 C:\\Users\\jpran\\OneDrive\\Desktop\\WK_PP_frontend\\Back-End\\vendor\\laravel\\framework\\src\\Illuminate\\Routing\\Route.php(276): Illuminate\\Foundation\\Application->make('HorrorControlle...')
#6 C:\\Users\\jpran\\OneDrive\\Desktop\\WK_PP_frontend\\Back-End\\vendor\\laravel\\framework\\src\\Illuminate\\Routing\\Route.php(1080): Illuminate\\Routing\\Route->getController()
#7 C:\\Users\\jpran\\OneDrive\\Desktop\\WK_PP_frontend\\Back-End\\vendor\\laravel\\framework\\src\\Illuminate\\Routing\\Route.php(1023): Illuminate\\Routing\\Route->controllerMiddleware()
#8 C:\\Users\\jpran\\OneDrive\\Desktop\\WK_PP_frontend\\Back-End\\vendor\\laravel\\framework\\src\\Illuminate\\Routing\\Router.php(734): Illuminate\\Routing\\Route->gatherMiddleware()
#9 C:\\Users\\jpran\\OneDrive\\Desktop\\WK_PP_frontend\\Back-End\\vendor\\laravel\\framework\\src\\Illuminate\\Routing\\Router.php(714): Illuminate\\Routing\\Router->gatherRouteMiddleware(Object(Illuminate\\Routing\\Route))
#10 C:\\Users\\jpran\\OneDrive\\Desktop\\WK_PP_frontend\\Back-End\\vendor\\laravel\\framework\\src\\Illuminate\\Routing\\Router.php(698): Illuminate\\Routing\\Router->runRouteWithinStack(Object(Illuminate\\Routing\\Route), Object(Illuminate\\Http\\Request))
#11 C:\\Users\\jpran\\OneDrive\\Desktop\\WK_PP_frontend\\Back-End\\vendor\\laravel\\framework\\src\\Illuminate\\Routing\\Router.php(662): Illuminate\\Routing\\Router->runRoute(Object(Illuminate\\Http\\Request), Object(Illuminate\\Routing\\Route))
#12 C:\\Users\\jpran\\OneDrive\\Desktop\\WK_PP_frontend\\Back-End\\vendor\\laravel\\framework\\src\\Illuminate\\Routing\\Router.php(651): Illuminate\\Routing\\Router->dispatchToRoute(Object(Illuminate\\Http\\Request))
#13 C:\\Users\\jpran\\OneDrive\\Desktop\\WK_PP_frontend\\Back-End\\vendor\\laravel\\framework\\src\\Illuminate\\Foundation\\Http\\Kernel.php(167): Illuminate\\Routing\\Router->dispatch(Object(Illuminate\\Http\\Request))
#14 C:\\Users\\jpran\\OneDrive\\Desktop\\WK_PP_frontend\\Back-End\\vendor\\laravel\\framework\\src\\Illuminate\\Pipeline\\Pipeline.php(128): Illuminate\\Foundation\\Http\\Kernel->Illuminate\\Foundation\\Http\\{closure}(Object(Illuminate\\Http\\Request))
#15 C:\\Users\\jpran\\OneDrive\\Desktop\\WK_PP_frontend\\Back-End\\vendor\\laravel\\framework\\src\\Illuminate\\Foundation\\Http\\Middleware\\TransformsRequest.php(21): Illuminate\\Pipeline\\Pipeline->Illuminate\\Pipeline\\{closure}(Object(Illuminate\\Http\\Request))
#16 C:\\Users\\jpran\\OneDrive\\Desktop\\WK_PP_frontend\\Back-End\\vendor\\laravel\\framework\\src\\Illuminate\\Foundation\\Http\\Middleware\\ConvertEmptyStringsToNull.php(31): Illuminate\\Foundation\\Http\\Middleware\\TransformsRequest->handle(Object(Illuminate\\Http\\Request), Object(Closure))
#17 C:\\Users\\jpran\\OneDrive\\Desktop\\WK_PP_frontend\\Back-End\\vendor\\laravel\\framework\\src\\Illuminate\\Pipeline\\Pipeline.php(167): Illuminate\\Foundation\\Http\\Middleware\\ConvertEmptyStringsToNull->handle(Object(Illuminate\\Http\\Request), Object(Closure))
#18 C:\\Users\\jpran\\OneDrive\\Desktop\\WK_PP_frontend\\Back-End\\vendor\\laravel\\framework\\src\\Illuminate\\Foundation\\Http\\Middleware\\TransformsRequest.php(21): Illuminate\\Pipeline\\Pipeline->Illuminate\\Pipeline\\{closure}(Object(Illuminate\\Http\\Request))
#19 C:\\Users\\jpran\\OneDrive\\Desktop\\WK_PP_frontend\\Back-End\\vendor\\laravel\\framework\\src\\Illuminate\\Foundation\\Http\\Middleware\\TrimStrings.php(40): Illuminate\\Foundation\\Http\\Middleware\\TransformsRequest->handle(Object(Illuminate\\Http\\Request), Object(Closure))
#20 C:\\Users\\jpran\\OneDrive\\Desktop\\WK_PP_frontend\\Back-End\\vendor\\laravel\\framework\\src\\Illuminate\\Pipeline\\Pipeline.php(167): Illuminate\\Foundation\\Http\\Middleware\\TrimStrings->handle(Object(Illuminate\\Http\\Request), Object(Closure))
#21 C:\\Users\\jpran\\OneDrive\\Desktop\\WK_PP_frontend\\Back-End\\vendor\\laravel\\framework\\src\\Illuminate\\Foundation\\Http\\Middleware\\ValidatePostSize.php(27): Illuminate\\Pipeline\\Pipeline->Illuminate\\Pipeline\\{closure}(Object(Illuminate\\Http\\Request))
#22 C:\\Users\\jpran\\OneDrive\\Desktop\\WK_PP_frontend\\Back-End\\vendor\\laravel\\framework\\src\\Illuminate\\Pipeline\\Pipeline.php(167): Illuminate\\Foundation\\Http\\Middleware\\ValidatePostSize->handle(Object(Illuminate\\Http\\Request), Object(Closure))
#23 C:\\Users\\jpran\\OneDrive\\Desktop\\WK_PP_frontend\\Back-End\\vendor\\laravel\\framework\\src\\Illuminate\\Foundation\\Http\\Middleware\\PreventRequestsDuringMaintenance.php(86): Illuminate\\Pipeline\\Pipeline->Illuminate\\Pipeline\\{closure}(Object(Illuminate\\Http\\Request))
#24 C:\\Users\\jpran\\OneDrive\\Desktop\\WK_PP_frontend\\Back-End\\vendor\\laravel\\framework\\src\\Illuminate\\Pipeline\\Pipeline.php(167): Illuminate\\Foundation\\Http\\Middleware\\PreventRequestsDuringMaintenance->handle(Object(Illuminate\\Http\\Request), Object(Closure))
#25 C:\\Users\\jpran\\OneDrive\\Desktop\\WK_PP_frontend\\Back-End\\vendor\\fruitcake\\laravel-cors\\src\\HandleCors.php(52): Illuminate\\Pipeline\\Pipeline->Illuminate\\Pipeline\\{closure}(Object(Illuminate\\Http\\Request))
#26 C:\\Users\\jpran\\OneDrive\\Desktop\\WK_PP_frontend\\Back-End\\vendor\\laravel\\framework\\src\\Illuminate\\Pipeline\\Pipeline.php(167): Fruitcake\\Cors\\HandleCors->handle(Object(Illuminate\\Http\\Request), Object(Closure))
#27 C:\\Users\\jpran\\OneDrive\\Desktop\\WK_PP_frontend\\Back-End\\vendor\\laravel\\framework\\src\\Illuminate\\Http\\Middleware\\TrustProxies.php(39): Illuminate\\Pipeline\\Pipeline->Illuminate\\Pipeline\\{closure}(Object(Illuminate\\Http\\Request))
#28 C:\\Users\\jpran\\OneDrive\\Desktop\\WK_PP_frontend\\Back-End\\vendor\\laravel\\framework\\src\\Illuminate\\Pipeline\\Pipeline.php(167): Illuminate\\Http\\Middleware\\TrustProxies->handle(Object(Illuminate\\Http\\Request), Object(Closure))
#29 C:\\Users\\jpran\\OneDrive\\Desktop\\WK_PP_frontend\\Back-End\\vendor\\laravel\\framework\\src\\Illuminate\\Pipeline\\Pipeline.php(103): Illuminate\\Pipeline\\Pipeline->Illuminate\\Pipeline\\{closure}(Object(Illuminate\\Http\\Request))
#30 C:\\Users\\jpran\\OneDrive\\Desktop\\WK_PP_frontend\\Back-End\\vendor\\laravel\\framework\\src\\Illuminate\\Foundation\\Http\\Kernel.php(142): Illuminate\\Pipeline\\Pipeline->then(Object(Closure))
#31 C:\\Users\\jpran\\OneDrive\\Desktop\\WK_PP_frontend\\Back-End\\vendor\\laravel\\framework\\src\\Illuminate\\Foundation\\Http\\Kernel.php(111): Illuminate\\Foundation\\Http\\Kernel->sendRequestThroughRouter(Object(Illuminate\\Http\\Request))
#32 C:\\Users\\jpran\\OneDrive\\Desktop\\WK_PP_frontend\\Back-End\\public\\index.php(54): Illuminate\\Foundation\\Http\\Kernel->handle(Object(Illuminate\\Http\\Request))
#33 C:\\Users\\jpran\\OneDrive\\Desktop\\WK_PP_frontend\\Back-End\\server.php(21): require_once('C:\\\\Users\\\\jpran\\\\...')
#34 {main}
"} 
[2026-04-01 21:52:43] local.ERROR: include(C:\Users\jpran\OneDrive\Desktop\WK_PP_frontend\Back-End\vendor\composer/../../app/Http/Controllers/Controller.php): failed to open stream: No such file or directory {"exception":"[object] (ErrorException(code: 0): include(C:\\Users\\jpran\\OneDrive\\Desktop\\WK_PP_frontend\\Back-End\\vendor\\composer/../../app/Http/Controllers/Controller.php): failed to open stream: No such file or directory at C:\\Users\\jpran\\OneDrive\\Desktop\\WK_PP_frontend\\Back-End\\vendor\\composer\\ClassLoader.php:576)
[stacktrace]
#0 C:\\Users\\jpran\\OneDrive\\Desktop\\WK_PP_frontend\\Back-End\\vendor\\composer\\ClassLoader.php(576): Illuminate\\Foundation\\Bootstrap\\HandleExceptions->handleError(2, 'include(C:\\\\User...', 'C:\\\\Users\\\\jpran\\\\...', 576, Array)
#1 C:\\Users\\jpran\\OneDrive\\Desktop\\WK_PP_frontend\\Back-End\\vendor\\composer\\ClassLoader.php(576): include()
#2 C:\\Users\\jpran\\OneDrive\\Desktop\\WK_PP_frontend\\Back-End\\vendor\\composer\\ClassLoader.php(427): Composer\\Autoload\\{closure}('C:\\\\Users\\\\jpran\\\\...')
#3 [internal function]: Composer\\Autoload\\ClassLoader->loadClass('App\\\\Http\\\\Contro...')
#4 C:\\Users\\jpran\\OneDrive\\Desktop\\WK_PP_frontend\\Back-End\\app\\Http\\Controllers\\HorrorController.php(8): spl_autoload_call('App\\\\Http\\\\Contro...')
#5 C:\\Users\\jpran\\OneDrive\\Desktop\\WK_PP_frontend\\Back-End\\vendor\\composer\\ClassLoader.php(576): include('C:\\\\Users\\\\jpran\\\\...')
#6 C:\\Users\\jpran\\OneDrive\\Desktop\\WK_PP_frontend\\Back-End\\vendor\\composer\\ClassLoader.php(427): Composer\\Autoload\\{closure}('C:\\\\Users\\\\jpran\\\\...')
#7 [internal function]: Composer\\Autoload\\ClassLoader->loadClass('App\\\\Http\\\\Contro...')
#8 [internal function]: spl_autoload_call('App\\\\Http\\\\Contro...')
#9 C:\\Users\\jpran\\OneDrive\\Desktop\\WK_PP_frontend\\Back-End\\vendor\\laravel\\framework\\src\\Illuminate\\Container\\Container.php(877): ReflectionClass->__construct('App\\\\Http\\\\Contro...')
#10 C:\\Users\\jpran\\OneDrive\\Desktop\\WK_PP_frontend\\Back-End\\vendor\\laravel\\framework\\src\\Illuminate\\Container\\Container.php(758): Illuminate\\Container\\Container->build('App\\\\Http\\\\Contro...')
#11 C:\\Users\\jpran\\OneDrive\\Desktop\\WK_PP_frontend\\Back-End\\vendor\\laravel\\framework\\src\\Illuminate\\Foundation\\Application.php(853): Illuminate\\Container\\Container->resolve('App\\\\Http\\\\Contro...', Array, true)
#12 C:\\Users\\jpran\\OneDrive\\Desktop\\WK_PP_frontend\\Back-End\\vendor\\laravel\\framework\\src\\Illuminate\\Container\\Container.php(694): Illuminate\\Foundation\\Application->resolve('App\\\\Http\\\\Contro...', Array)
#13 C:\\Users\\jpran\\OneDrive\\Desktop\\WK_PP_frontend\\Back-End\\vendor\\laravel\\framework\\src\\Illuminate\\Foundation\\Application.php(838): Illuminate\\Container\\Container->make('App\\\\Http\\\\Contro...', Array)
#14 C:\\Users\\jpran\\OneDrive\\Desktop\\WK_PP_frontend\\Back-End\\vendor\\laravel\\framework\\src\\Illuminate\\Routing\\Route.php(276): Illuminate\\Foundation\\Application->make('App\\\\Http\\\\Contro...')
#15 C:\\Users\\jpran\\OneDrive\\Desktop\\WK_PP_frontend\\Back-End\\vendor\\laravel\\framework\\src\\Illuminate\\Routing\\Route.php(1080): Illuminate\\Routing\\Route->getController()
#16 C:\\Users\\jpran\\OneDrive\\Desktop\\WK_PP_frontend\\Back-End\\vendor\\laravel\\framework\\src\\Illuminate\\Routing\\Route.php(1023): Illuminate\\Routing\\Route->controllerMiddleware()
#17 C:\\Users\\jpran\\OneDrive\\Desktop\\WK_PP_frontend\\Back-End\\vendor\\laravel\\framework\\src\\Illuminate\\Routing\\Router.php(734): Illuminate\\Routing\\Route->gatherMiddleware()
#18 C:\\Users\\jpran\\OneDrive\\Desktop\\WK_PP_frontend\\Back-End\\vendor\\laravel\\framework\\src\\Illuminate\\Routing\\Router.php(714): Illuminate\\Routing\\Router->gatherRouteMiddleware(Object(Illuminate\\Routing\\Route))
#19 C:\\Users\\jpran\\OneDrive\\Desktop\\WK_PP_frontend\\Back-End\\vendor\\laravel\\framework\\src\\Illuminate\\Routing\\Router.php(698): Illuminate\\Routing\\Router->runRouteWithinStack(Object(Illuminate\\Routing\\Route), Object(Illuminate\\Http\\Request))
#20 C:\\Users\\jpran\\OneDrive\\Desktop\\WK_PP_frontend\\Back-End\\vendor\\laravel\\framework\\src\\Illuminate\\Routing\\Router.php(662): Illuminate\\Routing\\Router->runRoute(Object(Illuminate\\Http\\Request), Object(Illuminate\\Routing\\Route))
#21 C:\\Users\\jpran\\OneDrive\\Desktop\\WK_PP_frontend\\Back-End\\vendor\\laravel\\framework\\src\\Illuminate\\Routing\\Router.php(651): Illuminate\\Routing\\Router->dispatchToRoute(Object(Illuminate\\Http\\Request))
#22 C:\\Users\\jpran\\OneDrive\\Desktop\\WK_PP_frontend\\Back-End\\vendor\\laravel\\framework\\src\\Illuminate\\Foundation\\Http\\Kernel.php(167): Illuminate\\Routing\\Router->dispatch(Object(Illuminate\\Http\\Request))
#23 C:\\Users\\jpran\\OneDrive\\Desktop\\WK_PP_frontend\\Back-End\\vendor\\laravel\\framework\\src\\Illuminate\\Pipeline\\Pipeline.php(128): Illuminate\\Foundation\\Http\\Kernel->Illuminate\\Foundation\\Http\\{closure}(Object(Illuminate\\Http\\Request))
#24 C:\\Users\\jpran\\OneDrive\\Desktop\\WK_PP_frontend\\Back-End\\vendor\\laravel\\framework\\src\\Illuminate\\Foundation\\Http\\Middleware\\TransformsRequest.php(21): Illuminate\\Pipeline\\Pipeline->Illuminate\\Pipeline\\{closure}(Object(Illuminate\\Http\\Request))
#25 C:\\Users\\jpran\\OneDrive\\Desktop\\WK_PP_frontend\\Back-End\\vendor\\laravel\\framework\\src\\Illuminate\\Foundation\\Http\\Middleware\\ConvertEmptyStringsToNull.php(31): Illuminate\\Foundation\\Http\\Middleware\\TransformsRequest->handle(Object(Illuminate\\Http\\Request), Object(Closure))
#26 C:\\Users\\jpran\\OneDrive\\Desktop\\WK_PP_frontend\\Back-End\\vendor\\laravel\\framework\\src\\Illuminate\\Pipeline\\Pipeline.php(167): Illuminate\\Foundation\\Http\\Middleware\\ConvertEmptyStringsToNull->handle(Object(Illuminate\\Http\\Request), Object(Closure))
#27 C:\\Users\\jpran\\OneDrive\\Desktop\\WK_PP_frontend\\Back-End\\vendor\\laravel\\framework\\src\\Illuminate\\Foundation\\Http\\Middleware\\TransformsRequest.php(21): Illuminate\\Pipeline\\Pipeline->Illuminate\\Pipeline\\{closure}(Object(Illuminate\\Http\\Request))
#28 C:\\Users\\jpran\\OneDrive\\Desktop\\WK_PP_frontend\\Back-End\\vendor\\laravel\\framework\\src\\Illuminate\\Foundation\\Http\\Middleware\\TrimStrings.php(40): Illuminate\\Foundation\\Http\\Middleware\\TransformsRequest->handle(Object(Illuminate\\Http\\Request), Object(Closure))
#29 C:\\Users\\jpran\\OneDrive\\Desktop\\WK_PP_frontend\\Back-End\\vendor\\laravel\\framework\\src\\Illuminate\\Pipeline\\Pipeline.php(167): Illuminate\\Foundation\\Http\\Middleware\\TrimStrings->handle(Object(Illuminate\\Http\\Request), Object(Closure))
#30 C:\\Users\\jpran\\OneDrive\\Desktop\\WK_PP_frontend\\Back-End\\vendor\\laravel\\framework\\src\\Illuminate\\Foundation\\Http\\Middleware\\ValidatePostSize.php(27): Illuminate\\Pipeline\\Pipeline->Illuminate\\Pipeline\\{closure}(Object(Illuminate\\Http\\Request))
#31 C:\\Users\\jpran\\OneDrive\\Desktop\\WK_PP_frontend\\Back-End\\vendor\\laravel\\framework\\src\\Illuminate\\Pipeline\\Pipeline.php(167): Illuminate\\Foundation\\Http\\Middleware\\ValidatePostSize->handle(Object(Illuminate\\Http\\Request), Object(Closure))
#32 C:\\Users\\jpran\\OneDrive\\Desktop\\WK_PP_frontend\\Back-End\\vendor\\laravel\\framework\\src\\Illuminate\\Foundation\\Http\\Middleware\\PreventRequestsDuringMaintenance.php(86): Illuminate\\Pipeline\\Pipeline->Illuminate\\Pipeline\\{closure}(Object(Illuminate\\Http\\Request))
#33 C:\\Users\\jpran\\OneDrive\\Desktop\\WK_PP_frontend\\Back-End\\vendor\\laravel\\framework\\src\\Illuminate\\Pipeline\\Pipeline.php(167): Illuminate\\Foundation\\Http\\Middleware\\PreventRequestsDuringMaintenance->handle(Object(Illuminate\\Http\\Request), Object(Closure))
#34 C:\\Users\\jpran\\OneDrive\\Desktop\\WK_PP_frontend\\Back-End\\vendor\\fruitcake\\laravel-cors\\src\\HandleCors.php(52): Illuminate\\Pipeline\\Pipeline->Illuminate\\Pipeline\\{closure}(Object(Illuminate\\Http\\Request))
#35 C:\\Users\\jpran\\OneDrive\\Desktop\\WK_PP_frontend\\Back-End\\vendor\\laravel\\framework\\src\\Illuminate\\Pipeline\\Pipeline.php(167): Fruitcake\\Cors\\HandleCors->handle(Object(Illuminate\\Http\\Request), Object(Closure))
#36 C:\\Users\\jpran\\OneDrive\\Desktop\\WK_PP_frontend\\Back-End\\vendor\\laravel\\framework\\src\\Illuminate\\Http\\Middleware\\TrustProxies.php(39): Illuminate\\Pipeline\\Pipeline->Illuminate\\Pipeline\\{closure}(Object(Illuminate\\Http\\Request))
#37 C:\\Users\\jpran\\OneDrive\\Desktop\\WK_PP_frontend\\Back-End\\vendor\\laravel\\framework\\src\\Illuminate\\Pipeline\\Pipeline.php(167): Illuminate\\Http\\Middleware\\TrustProxies->handle(Object(Illuminate\\Http\\Request), Object(Closure))
#38 C:\\Users\\jpran\\OneDrive\\Desktop\\WK_PP_frontend\\Back-End\\vendor\\laravel\\framework\\src\\Illuminate\\Pipeline\\Pipeline.php(103): Illuminate\\Pipeline\\Pipeline->Illuminate\\Pipeline\\{closure}(Object(Illuminate\\Http\\Request))
#39 C:\\Users\\jpran\\OneDrive\\Desktop\\WK_PP_frontend\\Back-End\\vendor\\laravel\\framework\\src\\Illuminate\\Foundation\\Http\\Kernel.php(142): Illuminate\\Pipeline\\Pipeline->then(Object(Closure))
#40 C:\\Users\\jpran\\OneDrive\\Desktop\\WK_PP_frontend\\Back-End\\vendor\\laravel\\framework\\src\\Illuminate\\Foundation\\Http\\Kernel.php(111): Illuminate\\Foundation\\Http\\Kernel->sendRequestThroughRouter(Object(Illuminate\\Http\\Request))
#41 C:\\Users\\jpran\\OneDrive\\Desktop\\WK_PP_frontend\\Back-End\\public\\index.php(54): Illuminate\\Foundation\\Http\\Kernel->handle(Object(Illuminate\\Http\\Request))
#42 C:\\Users\\jpran\\OneDrive\\Desktop\\WK_PP_frontend\\Back-End\\server.php(21): require_once('C:\\\\Users\\\\jpran\\\\...')
#43 {main}
"} 
